year_month,Complaint Type,BoroCd,complaint_count
2010-01,Basket,101,1
2010-01,Basket,102,5
2010-01,Basket,103,4
2010-01,Basket,104,7
2010-01,Basket,105,5
2010-01,Basket,106,2
2010-01,Basket,107,6
2010-01,Basket,108,4
2010-01,Basket,109,2
2010-01,Basket,110,2
2010-01,Basket,111,3
2010-01,Basket,112,10
2010-01,Basket,201,3
2010-01,Basket,203,3
2010-01,Basket,204,3
2010-01,Basket,205,1
2010-01,Basket,206,1
2010-01,Basket,209,1
2010-01,Basket,210,4
2010-01,Basket,211,3
2010-01,Basket,212,3
2010-01,Basket,301,8
2010-01,Basket,302,5
2010-01,Basket,303,5
2010-01,Basket,304,1
2010-01,Basket,305,2
2010-01,Basket,306,3
2010-01,Basket,307,3
2010-01,Basket,308,1
2010-01,Basket,309,6
2010-01,Basket,310,4
2010-01,Basket,311,7
2010-01,Basket,312,5
2010-01,Basket,313,1
2010-01,Basket,314,13
2010-01,Basket,315,10
2010-01,Basket,316,4
2010-01,Basket,317,2
2010-01,Basket,318,5
2010-01,Basket,401,5
2010-01,Basket,402,5
2010-01,Basket,403,5
2010-01,Basket,404,2
2010-01,Basket,405,6
2010-01,Basket,406,6
2010-01,Basket,407,4
2010-01,Basket,408,2
2010-01,Basket,409,4
2010-01,Basket,410,4
2010-01,Basket,411,4
2010-01,Basket,412,2
2010-01,Basket,413,7
2010-01,Basket,414,1
2010-01,Basket,501,7
2010-01,Basket,502,6
2010-01,Basket,503,4
2010-01,Collection,101,6
2010-01,Collection,102,21
2010-01,Collection,103,11
2010-01,Collection,104,14
2010-01,Collection,105,9
2010-01,Collection,106,20
2010-01,Collection,107,23
2010-01,Collection,108,27
2010-01,Collection,109,6
2010-01,Collection,110,22
2010-01,Collection,111,10
2010-01,Collection,112,13
2010-01,Collection,201,8
2010-01,Collection,202,11
2010-01,Collection,203,17
2010-01,Collection,204,7
2010-01,Collection,205,3
2010-01,Collection,206,11
2010-01,Collection,207,8
2010-01,Collection,208,17
2010-01,Collection,209,18
2010-01,Collection,210,45
2010-01,Collection,211,36
2010-01,Collection,212,47
2010-01,Collection,301,56
2010-01,Collection,302,32
2010-01,Collection,303,44
2010-01,Collection,304,10
2010-01,Collection,305,42
2010-01,Collection,306,47
2010-01,Collection,307,6
2010-01,Collection,308,15
2010-01,Collection,309,17
2010-01,Collection,310,22
2010-01,Collection,311,41
2010-01,Collection,312,44
2010-01,Collection,313,17
2010-01,Collection,314,28
2010-01,Collection,315,67
2010-01,Collection,316,9
2010-01,Collection,317,32
2010-01,Collection,318,80
2010-01,Collection,401,54
2010-01,Collection,402,13
2010-01,Collection,403,23
2010-01,Collection,404,30
2010-01,Collection,405,74
2010-01,Collection,406,38
2010-01,Collection,407,87
2010-01,Collection,408,56
2010-01,Collection,409,29
2010-01,Collection,410,45
2010-01,Collection,411,44
2010-01,Collection,412,89
2010-01,Collection,413,101
2010-01,Collection,414,29
2010-01,Collection,501,117
2010-01,Collection,502,112
2010-01,Collection,503,145
2010-01,Sweeping,103,1
2010-01,Sweeping,106,1
2010-01,Sweeping,108,3
2010-01,Sweeping,109,2
2010-01,Sweeping,110,1
2010-01,Sweeping,111,2
2010-01,Sweeping,208,1
2010-01,Sweeping,211,4
2010-01,Sweeping,212,1
2010-01,Sweeping,301,3
2010-01,Sweeping,302,1
2010-01,Sweeping,303,1
2010-01,Sweeping,304,1
2010-01,Sweeping,305,1
2010-01,Sweeping,306,2
2010-01,Sweeping,308,2
2010-01,Sweeping,309,1
2010-01,Sweeping,310,3
2010-01,Sweeping,311,1
2010-01,Sweeping,312,4
2010-01,Sweeping,313,2
2010-01,Sweeping,314,2
2010-01,Sweeping,315,1
2010-01,Sweeping,316,1
2010-01,Sweeping,317,3
2010-01,Sweeping,401,2
2010-01,Sweeping,402,1
2010-01,Sweeping,403,2
2010-01,Sweeping,405,1
2010-01,Sweeping,406,1
2010-01,Sweeping,407,1
2010-01,Sweeping,411,1
2010-01,Sweeping,412,2
2010-01,Sweeping,414,2
2010-01,Sweeping,503,1
2010-02,Basket,102,3
2010-02,Basket,103,3
2010-02,Basket,104,6
2010-02,Basket,106,2
2010-02,Basket,107,4
2010-02,Basket,108,2
2010-02,Basket,110,2
2010-02,Basket,111,1
2010-02,Basket,202,1
2010-02,Basket,204,1
2010-02,Basket,205,1
2010-02,Basket,207,3
2010-02,Basket,208,4
2010-02,Basket,209,2
2010-02,Basket,210,6
2010-02,Basket,211,2
2010-02,Basket,212,1
2010-02,Basket,301,5
2010-02,Basket,302,1
2010-02,Basket,303,4
2010-02,Basket,304,4
2010-02,Basket,305,4
2010-02,Basket,306,3
2010-02,Basket,307,1
2010-02,Basket,308,3
2010-02,Basket,309,1
2010-02,Basket,310,4
2010-02,Basket,311,6
2010-02,Basket,312,6
2010-02,Basket,313,3
2010-02,Basket,314,14
2010-02,Basket,315,11
2010-02,Basket,316,2
2010-02,Basket,317,4
2010-02,Basket,318,2
2010-02,Basket,401,1
2010-02,Basket,403,6
2010-02,Basket,404,2
2010-02,Basket,405,9
2010-02,Basket,406,5
2010-02,Basket,407,4
2010-02,Basket,408,5
2010-02,Basket,409,6
2010-02,Basket,410,7
2010-02,Basket,411,1
2010-02,Basket,412,2
2010-02,Basket,413,2
2010-02,Basket,414,2
2010-02,Basket,501,8
2010-02,Basket,502,1
2010-02,Basket,503,5
2010-02,Collection,101,5
2010-02,Collection,102,15
2010-02,Collection,103,6
2010-02,Collection,104,8
2010-02,Collection,105,12
2010-02,Collection,106,9
2010-02,Collection,107,18
2010-02,Collection,108,16
2010-02,Collection,109,1
2010-02,Collection,110,9
2010-02,Collection,111,2
2010-02,Collection,112,10
2010-02,Collection,201,1
2010-02,Collection,202,8
2010-02,Collection,203,11
2010-02,Collection,204,6
2010-02,Collection,205,1
2010-02,Collection,206,10
2010-02,Collection,207,11
2010-02,Collection,208,9
2010-02,Collection,209,15
2010-02,Collection,210,13
2010-02,Collection,211,9
2010-02,Collection,212,26
2010-02,Collection,301,43
2010-02,Collection,302,13
2010-02,Collection,303,30
2010-02,Collection,304,20
2010-02,Collection,305,60
2010-02,Collection,306,30
2010-02,Collection,307,6
2010-02,Collection,308,12
2010-02,Collection,309,12
2010-02,Collection,310,21
2010-02,Collection,311,39
2010-02,Collection,312,45
2010-02,Collection,313,4
2010-02,Collection,314,22
2010-02,Collection,315,35
2010-02,Collection,316,11
2010-02,Collection,317,31
2010-02,Collection,318,46
2010-02,Collection,401,27
2010-02,Collection,402,10
2010-02,Collection,403,28
2010-02,Collection,404,20
2010-02,Collection,405,89
2010-02,Collection,406,39
2010-02,Collection,407,41
2010-02,Collection,408,78
2010-02,Collection,409,21
2010-02,Collection,410,34
2010-02,Collection,411,38
2010-02,Collection,412,59
2010-02,Collection,413,83
2010-02,Collection,414,30
2010-02,Collection,501,77
2010-02,Collection,502,60
2010-02,Collection,503,70
2010-02,Sweeping,102,2
2010-02,Sweeping,103,1
2010-02,Sweeping,104,2
2010-02,Sweeping,106,1
2010-02,Sweeping,107,3
2010-02,Sweeping,108,3
2010-02,Sweeping,109,1
2010-02,Sweeping,110,1
2010-02,Sweeping,111,3
2010-02,Sweeping,112,4
2010-02,Sweeping,201,1
2010-02,Sweeping,205,1
2010-02,Sweeping,207,1
2010-02,Sweeping,211,1
2010-02,Sweeping,212,2
2010-02,Sweeping,226,1
2010-02,Sweeping,301,2
2010-02,Sweeping,302,2
2010-02,Sweeping,303,2
2010-02,Sweeping,304,1
2010-02,Sweeping,305,4
2010-02,Sweeping,306,3
2010-02,Sweeping,307,2
2010-02,Sweeping,308,1
2010-02,Sweeping,309,6
2010-02,Sweeping,310,6
2010-02,Sweeping,311,5
2010-02,Sweeping,312,6
2010-02,Sweeping,313,2
2010-02,Sweeping,314,1
2010-02,Sweeping,315,2
2010-02,Sweeping,317,2
2010-02,Sweeping,318,3
2010-02,Sweeping,401,5
2010-02,Sweeping,402,1
2010-02,Sweeping,403,4
2010-02,Sweeping,404,3
2010-02,Sweeping,405,1
2010-02,Sweeping,406,4
2010-02,Sweeping,408,1
2010-02,Sweeping,411,1
2010-02,Sweeping,412,1
2010-02,Sweeping,414,1
2010-02,Sweeping,502,1
2010-02,Sweeping,503,1
2010-03,Basket,101,3
2010-03,Basket,102,26
2010-03,Basket,103,5
2010-03,Basket,104,4
2010-03,Basket,105,2
2010-03,Basket,106,3
2010-03,Basket,107,10
2010-03,Basket,108,7
2010-03,Basket,110,3
2010-03,Basket,111,7
2010-03,Basket,112,5
2010-03,Basket,201,2
2010-03,Basket,202,2
2010-03,Basket,203,4
2010-03,Basket,204,4
2010-03,Basket,205,4
2010-03,Basket,206,4
2010-03,Basket,207,3
2010-03,Basket,208,4
2010-03,Basket,209,4
2010-03,Basket,210,3
2010-03,Basket,211,1
2010-03,Basket,212,3
2010-03,Basket,301,11
2010-03,Basket,302,1
2010-03,Basket,303,9
2010-03,Basket,304,4
2010-03,Basket,305,7
2010-03,Basket,306,6
2010-03,Basket,307,8
2010-03,Basket,308,2
2010-03,Basket,309,1
2010-03,Basket,310,6
2010-03,Basket,311,12
2010-03,Basket,312,10
2010-03,Basket,313,3
2010-03,Basket,314,29
2010-03,Basket,315,10
2010-03,Basket,316,1
2010-03,Basket,317,6
2010-03,Basket,318,6
2010-03,Basket,355,1
2010-03,Basket,401,11
2010-03,Basket,402,3
2010-03,Basket,403,10
2010-03,Basket,404,5
2010-03,Basket,405,4
2010-03,Basket,406,8
2010-03,Basket,407,10
2010-03,Basket,408,13
2010-03,Basket,409,5
2010-03,Basket,410,6
2010-03,Basket,411,3
2010-03,Basket,412,17
2010-03,Basket,413,10
2010-03,Basket,414,1
2010-03,Basket,501,17
2010-03,Basket,502,3
2010-03,Basket,503,6
2010-03,Collection,101,5
2010-03,Collection,102,7
2010-03,Collection,103,7
2010-03,Collection,104,4
2010-03,Collection,105,7
2010-03,Collection,106,9
2010-03,Collection,107,19
2010-03,Collection,108,9
2010-03,Collection,109,1
2010-03,Collection,110,13
2010-03,Collection,111,9
2010-03,Collection,112,7
2010-03,Collection,201,2
2010-03,Collection,202,6
2010-03,Collection,203,16
2010-03,Collection,204,5
2010-03,Collection,205,2
2010-03,Collection,206,11
2010-03,Collection,207,8
2010-03,Collection,208,5
2010-03,Collection,209,11
2010-03,Collection,210,22
2010-03,Collection,211,28
2010-03,Collection,212,28
2010-03,Collection,301,61
2010-03,Collection,302,18
2010-03,Collection,303,30
2010-03,Collection,304,6
2010-03,Collection,305,31
2010-03,Collection,306,38
2010-03,Collection,307,10
2010-03,Collection,308,4
2010-03,Collection,309,11
2010-03,Collection,310,26
2010-03,Collection,311,46
2010-03,Collection,312,52
2010-03,Collection,313,14
2010-03,Collection,314,29
2010-03,Collection,315,68
2010-03,Collection,316,11
2010-03,Collection,317,20
2010-03,Collection,318,56
2010-03,Collection,401,37
2010-03,Collection,402,6
2010-03,Collection,403,9
2010-03,Collection,404,18
2010-03,Collection,405,45
2010-03,Collection,406,28
2010-03,Collection,407,69
2010-03,Collection,408,60
2010-03,Collection,409,18
2010-03,Collection,410,39
2010-03,Collection,411,32
2010-03,Collection,412,52
2010-03,Collection,413,67
2010-03,Collection,414,31
2010-03,Collection,501,96
2010-03,Collection,502,105
2010-03,Collection,503,88
2010-03,Sweeping,104,1
2010-03,Sweeping,106,1
2010-03,Sweeping,107,2
2010-03,Sweeping,111,1
2010-03,Sweeping,201,2
2010-03,Sweeping,203,1
2010-03,Sweeping,204,1
2010-03,Sweeping,208,2
2010-03,Sweeping,212,3
2010-03,Sweeping,301,4
2010-03,Sweeping,302,3
2010-03,Sweeping,303,4
2010-03,Sweeping,304,2
2010-03,Sweeping,305,6
2010-03,Sweeping,306,1
2010-03,Sweeping,307,1
2010-03,Sweeping,310,6
2010-03,Sweeping,311,3
2010-03,Sweeping,312,5
2010-03,Sweeping,314,3
2010-03,Sweeping,316,2
2010-03,Sweeping,317,1
2010-03,Sweeping,318,10
2010-03,Sweeping,401,1
2010-03,Sweeping,402,1
2010-03,Sweeping,403,4
2010-03,Sweeping,404,1
2010-03,Sweeping,405,3
2010-03,Sweeping,406,2
2010-03,Sweeping,407,2
2010-03,Sweeping,408,4
2010-03,Sweeping,412,2
2010-03,Sweeping,414,3
2010-03,Sweeping,502,1
2010-03,Sweeping,503,1
2010-04,Basket,101,3
2010-04,Basket,102,21
2010-04,Basket,103,6
2010-04,Basket,104,1
2010-04,Basket,105,6
2010-04,Basket,106,1
2010-04,Basket,107,9
2010-04,Basket,108,12
2010-04,Basket,109,1
2010-04,Basket,110,3
2010-04,Basket,111,9
2010-04,Basket,112,5
2010-04,Basket,164,2
2010-04,Basket,201,4
2010-04,Basket,203,2
2010-04,Basket,204,1
2010-04,Basket,205,1
2010-04,Basket,206,5
2010-04,Basket,207,6
2010-04,Basket,208,2
2010-04,Basket,209,1
2010-04,Basket,210,9
2010-04,Basket,211,3
2010-04,Basket,301,8
2010-04,Basket,302,9
2010-04,Basket,303,10
2010-04,Basket,304,3
2010-04,Basket,305,2
2010-04,Basket,306,5
2010-04,Basket,307,6
2010-04,Basket,308,1
2010-04,Basket,309,3
2010-04,Basket,310,2
2010-04,Basket,311,5
2010-04,Basket,312,7
2010-04,Basket,314,19
2010-04,Basket,315,10
2010-04,Basket,316,2
2010-04,Basket,317,5
2010-04,Basket,318,10
2010-04,Basket,355,1
2010-04,Basket,401,10
2010-04,Basket,402,5
2010-04,Basket,403,10
2010-04,Basket,404,4
2010-04,Basket,405,4
2010-04,Basket,406,5
2010-04,Basket,407,7
2010-04,Basket,408,10
2010-04,Basket,409,9
2010-04,Basket,410,5
2010-04,Basket,411,6
2010-04,Basket,412,9
2010-04,Basket,413,12
2010-04,Basket,414,2
2010-04,Basket,481,1
2010-04,Basket,501,14
2010-04,Basket,502,8
2010-04,Basket,503,20
2010-04,Basket,595,1
2010-04,Collection,101,4
2010-04,Collection,102,10
2010-04,Collection,103,7
2010-04,Collection,104,9
2010-04,Collection,105,7
2010-04,Collection,106,7
2010-04,Collection,107,11
2010-04,Collection,108,15
2010-04,Collection,109,2
2010-04,Collection,110,7
2010-04,Collection,111,3
2010-04,Collection,112,5
2010-04,Collection,201,4
2010-04,Collection,202,5
2010-04,Collection,203,12
2010-04,Collection,204,3
2010-04,Collection,205,3
2010-04,Collection,206,8
2010-04,Collection,207,17
2010-04,Collection,208,12
2010-04,Collection,209,10
2010-04,Collection,210,10
2010-04,Collection,211,14
2010-04,Collection,212,22
2010-04,Collection,301,45
2010-04,Collection,302,22
2010-04,Collection,303,29
2010-04,Collection,304,1
2010-04,Collection,305,22
2010-04,Collection,306,29
2010-04,Collection,307,10
2010-04,Collection,308,4
2010-04,Collection,309,6
2010-04,Collection,310,11
2010-04,Collection,311,39
2010-04,Collection,312,29
2010-04,Collection,313,8
2010-04,Collection,314,18
2010-04,Collection,315,26
2010-04,Collection,316,3
2010-04,Collection,317,26
2010-04,Collection,318,39
2010-04,Collection,401,26
2010-04,Collection,402,10
2010-04,Collection,403,9
2010-04,Collection,404,10
2010-04,Collection,405,34
2010-04,Collection,406,26
2010-04,Collection,407,64
2010-04,Collection,408,55
2010-04,Collection,409,10
2010-04,Collection,410,26
2010-04,Collection,411,27
2010-04,Collection,412,48
2010-04,Collection,413,44
2010-04,Collection,414,14
2010-04,Collection,501,65
2010-04,Collection,502,91
2010-04,Collection,503,70
2010-04,Sweeping,102,1
2010-04,Sweeping,106,3
2010-04,Sweeping,107,3
2010-04,Sweeping,108,2
2010-04,Sweeping,110,2
2010-04,Sweeping,111,2
2010-04,Sweeping,112,1
2010-04,Sweeping,201,1
2010-04,Sweeping,208,1
2010-04,Sweeping,211,3
2010-04,Sweeping,212,1
2010-04,Sweeping,301,1
2010-04,Sweeping,303,3
2010-04,Sweeping,304,1
2010-04,Sweeping,305,8
2010-04,Sweeping,307,1
2010-04,Sweeping,308,1
2010-04,Sweeping,309,1
2010-04,Sweeping,310,2
2010-04,Sweeping,311,3
2010-04,Sweeping,312,4
2010-04,Sweeping,313,2
2010-04,Sweeping,314,2
2010-04,Sweeping,315,2
2010-04,Sweeping,316,4
2010-04,Sweeping,317,2
2010-04,Sweeping,318,3
2010-04,Sweeping,401,4
2010-04,Sweeping,402,1
2010-04,Sweeping,403,1
2010-04,Sweeping,405,1
2010-04,Sweeping,407,3
2010-04,Sweeping,408,1
2010-04,Sweeping,412,2
2010-04,Sweeping,413,1
2010-04,Sweeping,414,4
2010-04,Sweeping,503,2
2010-05,Basket,102,25
2010-05,Basket,103,11
2010-05,Basket,104,5
2010-05,Basket,105,12
2010-05,Basket,106,4
2010-05,Basket,107,14
2010-05,Basket,108,5
2010-05,Basket,109,1
2010-05,Basket,110,7
2010-05,Basket,111,5
2010-05,Basket,112,3
2010-05,Basket,164,2
2010-05,Basket,201,4
2010-05,Basket,202,1
2010-05,Basket,203,5
2010-05,Basket,204,1
2010-05,Basket,206,7
2010-05,Basket,207,4
2010-05,Basket,208,1
2010-05,Basket,209,2
2010-05,Basket,210,2
2010-05,Basket,211,3
2010-05,Basket,212,5
2010-05,Basket,301,7
2010-05,Basket,302,12
2010-05,Basket,303,15
2010-05,Basket,304,6
2010-05,Basket,305,4
2010-05,Basket,306,11
2010-05,Basket,307,8
2010-05,Basket,308,9
2010-05,Basket,309,1
2010-05,Basket,310,8
2010-05,Basket,311,3
2010-05,Basket,312,2
2010-05,Basket,313,3
2010-05,Basket,314,5
2010-05,Basket,315,14
2010-05,Basket,316,2
2010-05,Basket,317,5
2010-05,Basket,318,8
2010-05,Basket,355,2
2010-05,Basket,401,4
2010-05,Basket,402,3
2010-05,Basket,403,2
2010-05,Basket,404,3
2010-05,Basket,405,5
2010-05,Basket,406,2
2010-05,Basket,407,8
2010-05,Basket,408,7
2010-05,Basket,409,7
2010-05,Basket,410,6
2010-05,Basket,411,5
2010-05,Basket,412,9
2010-05,Basket,413,12
2010-05,Basket,414,5
2010-05,Basket,501,12
2010-05,Basket,502,5
2010-05,Basket,503,6
2010-05,Collection,101,4
2010-05,Collection,102,6
2010-05,Collection,103,12
2010-05,Collection,104,6
2010-05,Collection,105,6
2010-05,Collection,106,3
2010-05,Collection,107,6
2010-05,Collection,108,17
2010-05,Collection,109,3
2010-05,Collection,110,11
2010-05,Collection,111,3
2010-05,Collection,112,6
2010-05,Collection,201,2
2010-05,Collection,202,4
2010-05,Collection,203,14
2010-05,Collection,204,5
2010-05,Collection,205,3
2010-05,Collection,206,6
2010-05,Collection,207,2
2010-05,Collection,208,12
2010-05,Collection,209,11
2010-05,Collection,210,20
2010-05,Collection,211,10
2010-05,Collection,212,20
2010-05,Collection,301,35
2010-05,Collection,302,20
2010-05,Collection,303,25
2010-05,Collection,304,9
2010-05,Collection,305,14
2010-05,Collection,306,24
2010-05,Collection,307,8
2010-05,Collection,308,4
2010-05,Collection,309,7
2010-05,Collection,310,13
2010-05,Collection,311,42
2010-05,Collection,312,35
2010-05,Collection,313,10
2010-05,Collection,314,10
2010-05,Collection,315,42
2010-05,Collection,316,4
2010-05,Collection,317,32
2010-05,Collection,318,43
2010-05,Collection,355,1
2010-05,Collection,401,38
2010-05,Collection,402,6
2010-05,Collection,403,19
2010-05,Collection,404,10
2010-05,Collection,405,28
2010-05,Collection,406,28
2010-05,Collection,407,51
2010-05,Collection,408,66
2010-05,Collection,409,13
2010-05,Collection,410,24
2010-05,Collection,411,31
2010-05,Collection,412,39
2010-05,Collection,413,49
2010-05,Collection,414,22
2010-05,Collection,501,71
2010-05,Collection,502,55
2010-05,Collection,503,89
2010-05,Sweeping,102,2
2010-05,Sweeping,105,1
2010-05,Sweeping,106,1
2010-05,Sweeping,107,3
2010-05,Sweeping,108,1
2010-05,Sweeping,109,1
2010-05,Sweeping,110,3
2010-05,Sweeping,204,1
2010-05,Sweeping,205,2
2010-05,Sweeping,208,1
2010-05,Sweeping,212,1
2010-05,Sweeping,302,4
2010-05,Sweeping,304,2
2010-05,Sweeping,305,1
2010-05,Sweeping,306,1
2010-05,Sweeping,307,4
2010-05,Sweeping,308,2
2010-05,Sweeping,310,3
2010-05,Sweeping,311,3
2010-05,Sweeping,312,3
2010-05,Sweeping,313,2
2010-05,Sweeping,314,2
2010-05,Sweeping,315,3
2010-05,Sweeping,317,4
2010-05,Sweeping,318,1
2010-05,Sweeping,401,3
2010-05,Sweeping,402,1
2010-05,Sweeping,403,2
2010-05,Sweeping,404,2
2010-05,Sweeping,405,4
2010-05,Sweeping,406,1
2010-05,Sweeping,407,2
2010-05,Sweeping,408,2
2010-05,Sweeping,411,1
2010-05,Sweeping,414,2
2010-06,Basket,102,13
2010-06,Basket,103,7
2010-06,Basket,104,3
2010-06,Basket,105,6
2010-06,Basket,106,6
2010-06,Basket,107,5
2010-06,Basket,108,13
2010-06,Basket,109,4
2010-06,Basket,110,9
2010-06,Basket,111,18
2010-06,Basket,112,8
2010-06,Basket,201,2
2010-06,Basket,202,1
2010-06,Basket,203,7
2010-06,Basket,204,3
2010-06,Basket,205,4
2010-06,Basket,206,6
2010-06,Basket,207,2
2010-06,Basket,208,6
2010-06,Basket,209,10
2010-06,Basket,210,5
2010-06,Basket,211,3
2010-06,Basket,212,13
2010-06,Basket,226,2
2010-06,Basket,301,10
2010-06,Basket,302,16
2010-06,Basket,303,11
2010-06,Basket,304,5
2010-06,Basket,305,6
2010-06,Basket,306,7
2010-06,Basket,307,11
2010-06,Basket,308,11
2010-06,Basket,309,6
2010-06,Basket,310,8
2010-06,Basket,311,12
2010-06,Basket,312,11
2010-06,Basket,313,6
2010-06,Basket,314,4
2010-06,Basket,315,24
2010-06,Basket,316,4
2010-06,Basket,317,3
2010-06,Basket,318,11
2010-06,Basket,355,2
2010-06,Basket,401,5
2010-06,Basket,402,7
2010-06,Basket,403,11
2010-06,Basket,404,2
2010-06,Basket,405,6
2010-06,Basket,406,19
2010-06,Basket,407,5
2010-06,Basket,408,30
2010-06,Basket,409,15
2010-06,Basket,410,11
2010-06,Basket,411,8
2010-06,Basket,412,18
2010-06,Basket,413,10
2010-06,Basket,414,4
2010-06,Basket,501,17
2010-06,Basket,502,13
2010-06,Basket,503,3
2010-06,Collection,101,9
2010-06,Collection,102,11
2010-06,Collection,103,9
2010-06,Collection,104,8
2010-06,Collection,105,7
2010-06,Collection,106,8
2010-06,Collection,107,15
2010-06,Collection,108,20
2010-06,Collection,110,5
2010-06,Collection,111,6
2010-06,Collection,112,6
2010-06,Collection,201,8
2010-06,Collection,202,7
2010-06,Collection,203,10
2010-06,Collection,204,3
2010-06,Collection,205,1
2010-06,Collection,206,9
2010-06,Collection,207,8
2010-06,Collection,208,4
2010-06,Collection,209,11
2010-06,Collection,210,13
2010-06,Collection,211,22
2010-06,Collection,212,37
2010-06,Collection,301,36
2010-06,Collection,302,24
2010-06,Collection,303,14
2010-06,Collection,304,5
2010-06,Collection,305,20
2010-06,Collection,306,50
2010-06,Collection,307,11
2010-06,Collection,308,8
2010-06,Collection,309,9
2010-06,Collection,310,32
2010-06,Collection,311,31
2010-06,Collection,312,26
2010-06,Collection,313,7
2010-06,Collection,314,16
2010-06,Collection,315,35
2010-06,Collection,316,5
2010-06,Collection,317,29
2010-06,Collection,318,45
2010-06,Collection,401,35
2010-06,Collection,402,9
2010-06,Collection,403,17
2010-06,Collection,404,15
2010-06,Collection,405,26
2010-06,Collection,406,24
2010-06,Collection,407,54
2010-06,Collection,408,64
2010-06,Collection,409,16
2010-06,Collection,410,27
2010-06,Collection,411,33
2010-06,Collection,412,42
2010-06,Collection,413,46
2010-06,Collection,414,24
2010-06,Collection,501,79
2010-06,Collection,502,91
2010-06,Collection,503,85
2010-06,Sweeping,103,1
2010-06,Sweeping,108,4
2010-06,Sweeping,110,1
2010-06,Sweeping,111,4
2010-06,Sweeping,208,2
2010-06,Sweeping,209,3
2010-06,Sweeping,301,3
2010-06,Sweeping,303,2
2010-06,Sweeping,304,2
2010-06,Sweeping,305,5
2010-06,Sweeping,306,2
2010-06,Sweeping,308,1
2010-06,Sweeping,309,1
2010-06,Sweeping,310,3
2010-06,Sweeping,311,4
2010-06,Sweeping,312,3
2010-06,Sweeping,313,2
2010-06,Sweeping,314,3
2010-06,Sweeping,315,2
2010-06,Sweeping,316,2
2010-06,Sweeping,317,6
2010-06,Sweeping,318,6
2010-06,Sweeping,403,4
2010-06,Sweeping,404,2
2010-06,Sweeping,405,3
2010-06,Sweeping,406,2
2010-06,Sweeping,407,2
2010-06,Sweeping,408,2
2010-06,Sweeping,409,1
2010-06,Sweeping,412,1
2010-06,Sweeping,414,2
2010-06,Sweeping,501,1
2010-07,Basket,101,3
2010-07,Basket,102,8
2010-07,Basket,103,1
2010-07,Basket,104,4
2010-07,Basket,105,5
2010-07,Basket,106,2
2010-07,Basket,107,6
2010-07,Basket,108,3
2010-07,Basket,109,3
2010-07,Basket,110,8
2010-07,Basket,111,11
2010-07,Basket,112,5
2010-07,Basket,201,3
2010-07,Basket,202,1
2010-07,Basket,204,3
2010-07,Basket,205,6
2010-07,Basket,206,3
2010-07,Basket,207,4
2010-07,Basket,208,1
2010-07,Basket,210,2
2010-07,Basket,211,3
2010-07,Basket,212,10
2010-07,Basket,301,11
2010-07,Basket,302,10
2010-07,Basket,303,9
2010-07,Basket,304,4
2010-07,Basket,305,14
2010-07,Basket,306,10
2010-07,Basket,307,6
2010-07,Basket,308,15
2010-07,Basket,309,3
2010-07,Basket,310,6
2010-07,Basket,311,9
2010-07,Basket,312,2
2010-07,Basket,313,1
2010-07,Basket,314,7
2010-07,Basket,315,13
2010-07,Basket,316,6
2010-07,Basket,317,6
2010-07,Basket,318,8
2010-07,Basket,355,1
2010-07,Basket,401,4
2010-07,Basket,402,7
2010-07,Basket,403,13
2010-07,Basket,404,5
2010-07,Basket,405,4
2010-07,Basket,406,8
2010-07,Basket,407,8
2010-07,Basket,408,6
2010-07,Basket,409,8
2010-07,Basket,410,3
2010-07,Basket,411,4
2010-07,Basket,412,9
2010-07,Basket,413,13
2010-07,Basket,414,4
2010-07,Basket,501,19
2010-07,Basket,502,11
2010-07,Basket,503,9
2010-07,Basket,595,1
2010-07,Collection,101,3
2010-07,Collection,102,24
2010-07,Collection,103,7
2010-07,Collection,104,5
2010-07,Collection,105,9
2010-07,Collection,106,4
2010-07,Collection,107,10
2010-07,Collection,108,20
2010-07,Collection,109,1
2010-07,Collection,110,12
2010-07,Collection,111,16
2010-07,Collection,112,2
2010-07,Collection,201,1
2010-07,Collection,202,4
2010-07,Collection,203,9
2010-07,Collection,204,5
2010-07,Collection,205,3
2010-07,Collection,206,9
2010-07,Collection,207,3
2010-07,Collection,208,5
2010-07,Collection,209,6
2010-07,Collection,210,19
2010-07,Collection,211,11
2010-07,Collection,212,31
2010-07,Collection,301,38
2010-07,Collection,302,13
2010-07,Collection,303,19
2010-07,Collection,304,13
2010-07,Collection,305,19
2010-07,Collection,306,12
2010-07,Collection,307,9
2010-07,Collection,308,6
2010-07,Collection,309,2
2010-07,Collection,310,19
2010-07,Collection,311,36
2010-07,Collection,312,32
2010-07,Collection,313,12
2010-07,Collection,314,19
2010-07,Collection,315,36
2010-07,Collection,316,7
2010-07,Collection,317,30
2010-07,Collection,318,44
2010-07,Collection,401,44
2010-07,Collection,402,13
2010-07,Collection,403,14
2010-07,Collection,404,17
2010-07,Collection,405,40
2010-07,Collection,406,36
2010-07,Collection,407,49
2010-07,Collection,408,46
2010-07,Collection,409,21
2010-07,Collection,410,36
2010-07,Collection,411,26
2010-07,Collection,412,37
2010-07,Collection,413,45
2010-07,Collection,414,27
2010-07,Collection,501,61
2010-07,Collection,502,67
2010-07,Collection,503,72
2010-07,Sweeping,102,1
2010-07,Sweeping,103,1
2010-07,Sweeping,104,1
2010-07,Sweeping,105,1
2010-07,Sweeping,106,1
2010-07,Sweeping,108,1
2010-07,Sweeping,110,1
2010-07,Sweeping,201,1
2010-07,Sweeping,202,2
2010-07,Sweeping,207,1
2010-07,Sweeping,208,1
2010-07,Sweeping,211,1
2010-07,Sweeping,212,1
2010-07,Sweeping,301,2
2010-07,Sweeping,302,3
2010-07,Sweeping,303,1
2010-07,Sweeping,304,7
2010-07,Sweeping,305,10
2010-07,Sweeping,306,3
2010-07,Sweeping,307,1
2010-07,Sweeping,309,7
2010-07,Sweeping,310,6
2010-07,Sweeping,311,14
2010-07,Sweeping,312,7
2010-07,Sweeping,313,3
2010-07,Sweeping,314,1
2010-07,Sweeping,315,3
2010-07,Sweeping,317,9
2010-07,Sweeping,318,8
2010-07,Sweeping,401,1
2010-07,Sweeping,402,3
2010-07,Sweeping,403,2
2010-07,Sweeping,404,2
2010-07,Sweeping,405,7
2010-07,Sweeping,406,2
2010-07,Sweeping,407,3
2010-07,Sweeping,409,1
2010-07,Sweeping,411,1
2010-07,Sweeping,412,2
2010-07,Sweeping,414,2
2010-07,Sweeping,501,1
2010-07,Sweeping,502,1
2010-07,Sweeping,595,1
2010-08,Basket,101,2
2010-08,Basket,102,12
2010-08,Basket,103,7
2010-08,Basket,104,1
2010-08,Basket,105,5
2010-08,Basket,106,9
2010-08,Basket,107,9
2010-08,Basket,108,5
2010-08,Basket,109,4
2010-08,Basket,110,5
2010-08,Basket,111,5
2010-08,Basket,112,7
2010-08,Basket,201,4
2010-08,Basket,202,2
2010-08,Basket,203,4
2010-08,Basket,204,5
2010-08,Basket,205,1
2010-08,Basket,206,8
2010-08,Basket,207,5
2010-08,Basket,208,3
2010-08,Basket,209,4
2010-08,Basket,210,3
2010-08,Basket,211,1
2010-08,Basket,212,8
2010-08,Basket,301,8
2010-08,Basket,302,20
2010-08,Basket,303,12
2010-08,Basket,304,9
2010-08,Basket,305,5
2010-08,Basket,306,13
2010-08,Basket,307,4
2010-08,Basket,308,13
2010-08,Basket,309,6
2010-08,Basket,310,5
2010-08,Basket,311,10
2010-08,Basket,312,7
2010-08,Basket,313,2
2010-08,Basket,314,7
2010-08,Basket,315,6
2010-08,Basket,316,1
2010-08,Basket,317,8
2010-08,Basket,318,10
2010-08,Basket,355,1
2010-08,Basket,401,6
2010-08,Basket,402,7
2010-08,Basket,403,1
2010-08,Basket,404,5
2010-08,Basket,405,9
2010-08,Basket,406,9
2010-08,Basket,407,12
2010-08,Basket,408,6
2010-08,Basket,409,8
2010-08,Basket,410,9
2010-08,Basket,411,5
2010-08,Basket,412,14
2010-08,Basket,413,14
2010-08,Basket,414,4
2010-08,Basket,501,13
2010-08,Basket,502,10
2010-08,Basket,503,8
2010-08,Basket,595,1
2010-08,Collection,101,7
2010-08,Collection,102,22
2010-08,Collection,103,7
2010-08,Collection,104,10
2010-08,Collection,105,17
2010-08,Collection,106,7
2010-08,Collection,107,14
2010-08,Collection,108,17
2010-08,Collection,109,1
2010-08,Collection,110,7
2010-08,Collection,111,3
2010-08,Collection,112,4
2010-08,Collection,201,3
2010-08,Collection,202,4
2010-08,Collection,203,9
2010-08,Collection,204,3
2010-08,Collection,205,2
2010-08,Collection,206,14
2010-08,Collection,207,1
2010-08,Collection,208,5
2010-08,Collection,209,2
2010-08,Collection,210,15
2010-08,Collection,211,9
2010-08,Collection,212,17
2010-08,Collection,301,57
2010-08,Collection,302,10
2010-08,Collection,303,20
2010-08,Collection,304,8
2010-08,Collection,305,17
2010-08,Collection,306,20
2010-08,Collection,307,8
2010-08,Collection,308,12
2010-08,Collection,309,5
2010-08,Collection,310,15
2010-08,Collection,311,22
2010-08,Collection,312,26
2010-08,Collection,313,4
2010-08,Collection,314,22
2010-08,Collection,315,30
2010-08,Collection,316,8
2010-08,Collection,317,18
2010-08,Collection,318,37
2010-08,Collection,401,28
2010-08,Collection,402,15
2010-08,Collection,403,14
2010-08,Collection,404,5
2010-08,Collection,405,41
2010-08,Collection,406,20
2010-08,Collection,407,48
2010-08,Collection,408,46
2010-08,Collection,409,15
2010-08,Collection,410,29
2010-08,Collection,411,24
2010-08,Collection,412,42
2010-08,Collection,413,40
2010-08,Collection,414,22
2010-08,Collection,501,75
2010-08,Collection,502,66
2010-08,Collection,503,57
2010-08,Sweeping,102,1
2010-08,Sweeping,103,1
2010-08,Sweeping,106,1
2010-08,Sweeping,108,1
2010-08,Sweeping,110,2
2010-08,Sweeping,111,3
2010-08,Sweeping,112,2
2010-08,Sweeping,204,1
2010-08,Sweeping,208,1
2010-08,Sweeping,209,1
2010-08,Sweeping,211,1
2010-08,Sweeping,212,1
2010-08,Sweeping,301,1
2010-08,Sweeping,302,4
2010-08,Sweeping,303,3
2010-08,Sweeping,304,6
2010-08,Sweeping,305,11
2010-08,Sweeping,306,1
2010-08,Sweeping,307,1
2010-08,Sweeping,308,2
2010-08,Sweeping,309,1
2010-08,Sweeping,310,1
2010-08,Sweeping,311,6
2010-08,Sweeping,312,2
2010-08,Sweeping,313,3
2010-08,Sweeping,314,6
2010-08,Sweeping,316,3
2010-08,Sweeping,317,4
2010-08,Sweeping,318,2
2010-08,Sweeping,402,2
2010-08,Sweeping,403,6
2010-08,Sweeping,404,3
2010-08,Sweeping,405,7
2010-08,Sweeping,407,2
2010-08,Sweeping,408,3
2010-08,Sweeping,409,2
2010-08,Sweeping,412,1
2010-08,Sweeping,414,2
2010-08,Sweeping,501,1
2010-08,Sweeping,502,1
2010-09,Basket,101,3
2010-09,Basket,102,8
2010-09,Basket,103,4
2010-09,Basket,104,3
2010-09,Basket,105,7
2010-09,Basket,106,10
2010-09,Basket,107,11
2010-09,Basket,108,9
2010-09,Basket,109,2
2010-09,Basket,110,6
2010-09,Basket,111,4
2010-09,Basket,112,3
2010-09,Basket,201,2
2010-09,Basket,202,4
2010-09,Basket,203,2
2010-09,Basket,205,1
2010-09,Basket,206,4
2010-09,Basket,207,5
2010-09,Basket,208,2
2010-09,Basket,209,6
2010-09,Basket,211,1
2010-09,Basket,212,3
2010-09,Basket,301,2
2010-09,Basket,302,16
2010-09,Basket,303,13
2010-09,Basket,304,12
2010-09,Basket,305,5
2010-09,Basket,306,9
2010-09,Basket,307,6
2010-09,Basket,308,8
2010-09,Basket,309,2
2010-09,Basket,310,4
2010-09,Basket,311,6
2010-09,Basket,312,6
2010-09,Basket,313,1
2010-09,Basket,314,2
2010-09,Basket,315,4
2010-09,Basket,316,1
2010-09,Basket,317,6
2010-09,Basket,318,16
2010-09,Basket,355,2
2010-09,Basket,401,7
2010-09,Basket,402,2
2010-09,Basket,403,8
2010-09,Basket,404,2
2010-09,Basket,405,12
2010-09,Basket,406,5
2010-09,Basket,407,2
2010-09,Basket,408,11
2010-09,Basket,409,6
2010-09,Basket,410,11
2010-09,Basket,411,4
2010-09,Basket,412,15
2010-09,Basket,413,14
2010-09,Basket,414,4
2010-09,Basket,501,19
2010-09,Basket,502,10
2010-09,Basket,503,5
2010-09,Collection,101,5
2010-09,Collection,102,14
2010-09,Collection,103,11
2010-09,Collection,104,9
2010-09,Collection,105,10
2010-09,Collection,106,12
2010-09,Collection,107,9
2010-09,Collection,108,23
2010-09,Collection,109,4
2010-09,Collection,110,9
2010-09,Collection,111,13
2010-09,Collection,112,6
2010-09,Collection,201,3
2010-09,Collection,202,3
2010-09,Collection,203,12
2010-09,Collection,204,6
2010-09,Collection,205,3
2010-09,Collection,206,12
2010-09,Collection,207,7
2010-09,Collection,208,9
2010-09,Collection,209,5
2010-09,Collection,210,22
2010-09,Collection,211,9
2010-09,Collection,212,23
2010-09,Collection,301,33
2010-09,Collection,302,11
2010-09,Collection,303,33
2010-09,Collection,304,23
2010-09,Collection,305,21
2010-09,Collection,306,27
2010-09,Collection,307,4
2010-09,Collection,308,8
2010-09,Collection,309,7
2010-09,Collection,310,15
2010-09,Collection,311,29
2010-09,Collection,312,46
2010-09,Collection,313,7
2010-09,Collection,314,16
2010-09,Collection,315,38
2010-09,Collection,316,5
2010-09,Collection,317,21
2010-09,Collection,318,39
2010-09,Collection,401,37
2010-09,Collection,402,9
2010-09,Collection,403,15
2010-09,Collection,404,21
2010-09,Collection,405,22
2010-09,Collection,406,32
2010-09,Collection,407,61
2010-09,Collection,408,66
2010-09,Collection,409,14
2010-09,Collection,410,29
2010-09,Collection,411,39
2010-09,Collection,412,34
2010-09,Collection,413,41
2010-09,Collection,414,18
2010-09,Collection,501,63
2010-09,Collection,502,66
2010-09,Collection,503,80
2010-09,Sweeping,103,1
2010-09,Sweeping,104,1
2010-09,Sweeping,111,1
2010-09,Sweeping,112,1
2010-09,Sweeping,164,1
2010-09,Sweeping,206,1
2010-09,Sweeping,208,3
2010-09,Sweeping,209,2
2010-09,Sweeping,211,1
2010-09,Sweeping,212,2
2010-09,Sweeping,301,5
2010-09,Sweeping,302,1
2010-09,Sweeping,303,4
2010-09,Sweeping,304,5
2010-09,Sweeping,305,7
2010-09,Sweeping,306,1
2010-09,Sweeping,308,2
2010-09,Sweeping,309,1
2010-09,Sweeping,310,1
2010-09,Sweeping,311,1
2010-09,Sweeping,312,2
2010-09,Sweeping,315,2
2010-09,Sweeping,317,3
2010-09,Sweeping,318,1
2010-09,Sweeping,402,1
2010-09,Sweeping,405,3
2010-09,Sweeping,406,1
2010-09,Sweeping,407,1
2010-09,Sweeping,408,2
2010-09,Sweeping,409,1
2010-09,Sweeping,414,1
2010-09,Sweeping,501,1
2010-10,Basket,101,1
2010-10,Basket,102,4
2010-10,Basket,103,4
2010-10,Basket,104,3
2010-10,Basket,105,8
2010-10,Basket,106,9
2010-10,Basket,107,11
2010-10,Basket,108,5
2010-10,Basket,109,3
2010-10,Basket,110,3
2010-10,Basket,111,5
2010-10,Basket,112,3
2010-10,Basket,164,1
2010-10,Basket,201,4
2010-10,Basket,202,5
2010-10,Basket,203,3
2010-10,Basket,204,4
2010-10,Basket,205,2
2010-10,Basket,206,2
2010-10,Basket,207,2
2010-10,Basket,208,3
2010-10,Basket,209,2
2010-10,Basket,211,3
2010-10,Basket,212,7
2010-10,Basket,227,1
2010-10,Basket,301,12
2010-10,Basket,302,6
2010-10,Basket,303,5
2010-10,Basket,304,7
2010-10,Basket,305,3
2010-10,Basket,306,12
2010-10,Basket,307,14
2010-10,Basket,308,5
2010-10,Basket,309,2
2010-10,Basket,310,8
2010-10,Basket,311,4
2010-10,Basket,312,7
2010-10,Basket,313,1
2010-10,Basket,314,5
2010-10,Basket,315,17
2010-10,Basket,317,5
2010-10,Basket,318,9
2010-10,Basket,401,6
2010-10,Basket,402,4
2010-10,Basket,403,5
2010-10,Basket,405,6
2010-10,Basket,406,1
2010-10,Basket,407,5
2010-10,Basket,408,20
2010-10,Basket,409,9
2010-10,Basket,410,10
2010-10,Basket,411,5
2010-10,Basket,412,13
2010-10,Basket,413,9
2010-10,Basket,414,1
2010-10,Basket,501,10
2010-10,Basket,502,8
2010-10,Basket,503,6
2010-10,Collection,101,10
2010-10,Collection,102,10
2010-10,Collection,103,6
2010-10,Collection,104,9
2010-10,Collection,105,14
2010-10,Collection,106,6
2010-10,Collection,107,11
2010-10,Collection,108,16
2010-10,Collection,109,3
2010-10,Collection,110,14
2010-10,Collection,111,6
2010-10,Collection,112,4
2010-10,Collection,164,1
2010-10,Collection,201,2
2010-10,Collection,202,7
2010-10,Collection,203,3
2010-10,Collection,204,3
2010-10,Collection,206,7
2010-10,Collection,207,2
2010-10,Collection,208,9
2010-10,Collection,209,7
2010-10,Collection,210,10
2010-10,Collection,211,9
2010-10,Collection,212,15
2010-10,Collection,301,39
2010-10,Collection,302,30
2010-10,Collection,303,25
2010-10,Collection,304,4
2010-10,Collection,305,12
2010-10,Collection,306,25
2010-10,Collection,307,5
2010-10,Collection,308,11
2010-10,Collection,309,4
2010-10,Collection,310,22
2010-10,Collection,311,28
2010-10,Collection,312,43
2010-10,Collection,313,4
2010-10,Collection,314,13
2010-10,Collection,315,27
2010-10,Collection,316,2
2010-10,Collection,317,28
2010-10,Collection,318,42
2010-10,Collection,401,40
2010-10,Collection,402,9
2010-10,Collection,403,18
2010-10,Collection,404,19
2010-10,Collection,405,28
2010-10,Collection,406,51
2010-10,Collection,407,60
2010-10,Collection,408,67
2010-10,Collection,409,15
2010-10,Collection,410,50
2010-10,Collection,411,36
2010-10,Collection,412,41
2010-10,Collection,413,36
2010-10,Collection,414,24
2010-10,Collection,501,72
2010-10,Collection,502,73
2010-10,Collection,503,73
2010-10,Sweeping,102,1
2010-10,Sweeping,103,3
2010-10,Sweeping,106,2
2010-10,Sweeping,108,4
2010-10,Sweeping,111,4
2010-10,Sweeping,112,1
2010-10,Sweeping,204,1
2010-10,Sweeping,205,1
2010-10,Sweeping,207,1
2010-10,Sweeping,209,2
2010-10,Sweeping,212,1
2010-10,Sweeping,301,1
2010-10,Sweeping,303,2
2010-10,Sweeping,304,3
2010-10,Sweeping,305,1
2010-10,Sweeping,306,5
2010-10,Sweeping,308,3
2010-10,Sweeping,309,3
2010-10,Sweeping,310,8
2010-10,Sweeping,311,5
2010-10,Sweeping,312,3
2010-10,Sweeping,313,1
2010-10,Sweeping,314,6
2010-10,Sweeping,315,1
2010-10,Sweeping,316,1
2010-10,Sweeping,317,5
2010-10,Sweeping,318,14
2010-10,Sweeping,401,11
2010-10,Sweeping,402,1
2010-10,Sweeping,403,5
2010-10,Sweeping,404,1
2010-10,Sweeping,405,7
2010-10,Sweeping,406,5
2010-10,Sweeping,407,2
2010-10,Sweeping,408,7
2010-10,Sweeping,409,1
2010-10,Sweeping,410,1
2010-10,Sweeping,412,2
2010-10,Sweeping,501,1
2010-11,Basket,102,7
2010-11,Basket,103,5
2010-11,Basket,104,10
2010-11,Basket,105,3
2010-11,Basket,106,2
2010-11,Basket,107,5
2010-11,Basket,108,3
2010-11,Basket,109,1
2010-11,Basket,110,2
2010-11,Basket,111,1
2010-11,Basket,112,4
2010-11,Basket,202,3
2010-11,Basket,203,2
2010-11,Basket,204,1
2010-11,Basket,205,3
2010-11,Basket,206,1
2010-11,Basket,207,2
2010-11,Basket,208,2
2010-11,Basket,209,4
2010-11,Basket,210,4
2010-11,Basket,212,11
2010-11,Basket,301,3
2010-11,Basket,302,5
2010-11,Basket,303,5
2010-11,Basket,304,2
2010-11,Basket,305,1
2010-11,Basket,306,2
2010-11,Basket,307,1
2010-11,Basket,308,6
2010-11,Basket,309,2
2010-11,Basket,310,2
2010-11,Basket,311,2
2010-11,Basket,312,5
2010-11,Basket,314,3
2010-11,Basket,315,5
2010-11,Basket,316,2
2010-11,Basket,317,4
2010-11,Basket,318,9
2010-11,Basket,355,2
2010-11,Basket,401,3
2010-11,Basket,402,3
2010-11,Basket,403,4
2010-11,Basket,404,5
2010-11,Basket,405,4
2010-11,Basket,406,10
2010-11,Basket,407,2
2010-11,Basket,408,7
2010-11,Basket,409,4
2010-11,Basket,410,5
2010-11,Basket,411,3
2010-11,Basket,412,4
2010-11,Basket,413,2
2010-11,Basket,414,2
2010-11,Basket,501,1
2010-11,Basket,502,7
2010-11,Basket,503,5
2010-11,Collection,101,8
2010-11,Collection,102,12
2010-11,Collection,103,3
2010-11,Collection,104,9
2010-11,Collection,105,8
2010-11,Collection,106,16
2010-11,Collection,107,13
2010-11,Collection,108,17
2010-11,Collection,109,3
2010-11,Collection,110,15
2010-11,Collection,111,8
2010-11,Collection,112,9
2010-11,Collection,201,1
2010-11,Collection,202,4
2010-11,Collection,203,7
2010-11,Collection,204,6
2010-11,Collection,206,3
2010-11,Collection,207,3
2010-11,Collection,208,7
2010-11,Collection,209,7
2010-11,Collection,210,19
2010-11,Collection,211,7
2010-11,Collection,212,35
2010-11,Collection,301,42
2010-11,Collection,302,25
2010-11,Collection,303,27
2010-11,Collection,304,11
2010-11,Collection,305,15
2010-11,Collection,306,14
2010-11,Collection,307,11
2010-11,Collection,308,13
2010-11,Collection,309,9
2010-11,Collection,310,17
2010-11,Collection,311,23
2010-11,Collection,312,26
2010-11,Collection,313,1
2010-11,Collection,314,22
2010-11,Collection,315,39
2010-11,Collection,316,5
2010-11,Collection,317,37
2010-11,Collection,318,44
2010-11,Collection,401,17
2010-11,Collection,402,11
2010-11,Collection,403,11
2010-11,Collection,404,25
2010-11,Collection,405,51
2010-11,Collection,406,50
2010-11,Collection,407,61
2010-11,Collection,408,43
2010-11,Collection,409,20
2010-11,Collection,410,28
2010-11,Collection,411,41
2010-11,Collection,412,38
2010-11,Collection,413,52
2010-11,Collection,414,24
2010-11,Collection,501,110
2010-11,Collection,502,58
2010-11,Collection,503,96
2010-11,Sweeping,102,1
2010-11,Sweeping,105,1
2010-11,Sweeping,106,2
2010-11,Sweeping,107,1
2010-11,Sweeping,108,7
2010-11,Sweeping,109,2
2010-11,Sweeping,110,2
2010-11,Sweeping,111,1
2010-11,Sweeping,201,2
2010-11,Sweeping,204,1
2010-11,Sweeping,207,1
2010-11,Sweeping,209,3
2010-11,Sweeping,211,2
2010-11,Sweeping,301,3
2010-11,Sweeping,302,6
2010-11,Sweeping,303,4
2010-11,Sweeping,304,3
2010-11,Sweeping,305,4
2010-11,Sweeping,306,7
2010-11,Sweeping,308,1
2010-11,Sweeping,309,6
2010-11,Sweeping,310,16
2010-11,Sweeping,311,11
2010-11,Sweeping,312,9
2010-11,Sweeping,313,1
2010-11,Sweeping,314,11
2010-11,Sweeping,315,14
2010-11,Sweeping,316,4
2010-11,Sweeping,317,7
2010-11,Sweeping,318,6
2010-11,Sweeping,401,6
2010-11,Sweeping,402,4
2010-11,Sweeping,403,8
2010-11,Sweeping,404,3
2010-11,Sweeping,405,6
2010-11,Sweeping,406,3
2010-11,Sweeping,407,3
2010-11,Sweeping,408,6
2010-11,Sweeping,409,1
2010-11,Sweeping,412,2
2010-11,Sweeping,503,1
2010-12,Basket,102,3
2010-12,Basket,103,2
2010-12,Basket,105,3
2010-12,Basket,106,4
2010-12,Basket,107,11
2010-12,Basket,108,7
2010-12,Basket,110,1
2010-12,Basket,111,1
2010-12,Basket,112,4
2010-12,Basket,202,1
2010-12,Basket,205,1
2010-12,Basket,206,1
2010-12,Basket,207,3
2010-12,Basket,208,1
2010-12,Basket,209,2
2010-12,Basket,212,7
2010-12,Basket,301,3
2010-12,Basket,302,6
2010-12,Basket,303,2
2010-12,Basket,304,4
2010-12,Basket,305,3
2010-12,Basket,306,9
2010-12,Basket,307,1
2010-12,Basket,308,3
2010-12,Basket,309,2
2010-12,Basket,310,1
2010-12,Basket,311,3
2010-12,Basket,312,3
2010-12,Basket,313,2
2010-12,Basket,314,1
2010-12,Basket,315,1
2010-12,Basket,317,3
2010-12,Basket,318,6
2010-12,Basket,355,1
2010-12,Basket,401,3
2010-12,Basket,402,1
2010-12,Basket,403,3
2010-12,Basket,404,2
2010-12,Basket,405,3
2010-12,Basket,407,1
2010-12,Basket,408,1
2010-12,Basket,409,2
2010-12,Basket,411,3
2010-12,Basket,412,6
2010-12,Basket,413,1
2010-12,Basket,501,3
2010-12,Basket,502,1
2010-12,Basket,503,3
2010-12,Collection,101,4
2010-12,Collection,102,12
2010-12,Collection,103,3
2010-12,Collection,104,15
2010-12,Collection,105,7
2010-12,Collection,106,11
2010-12,Collection,107,6
2010-12,Collection,108,16
2010-12,Collection,109,4
2010-12,Collection,110,8
2010-12,Collection,111,4
2010-12,Collection,112,3
2010-12,Collection,201,2
2010-12,Collection,202,3
2010-12,Collection,203,5
2010-12,Collection,205,2
2010-12,Collection,206,6
2010-12,Collection,207,3
2010-12,Collection,208,12
2010-12,Collection,209,4
2010-12,Collection,210,20
2010-12,Collection,211,8
2010-12,Collection,212,19
2010-12,Collection,226,1
2010-12,Collection,301,59
2010-12,Collection,302,17
2010-12,Collection,303,16
2010-12,Collection,304,11
2010-12,Collection,305,12
2010-12,Collection,306,17
2010-12,Collection,307,6
2010-12,Collection,308,10
2010-12,Collection,309,6
2010-12,Collection,310,11
2010-12,Collection,311,28
2010-12,Collection,312,25
2010-12,Collection,313,7
2010-12,Collection,314,20
2010-12,Collection,315,24
2010-12,Collection,316,6
2010-12,Collection,317,15
2010-12,Collection,318,38
2010-12,Collection,401,25
2010-12,Collection,402,14
2010-12,Collection,403,6
2010-12,Collection,404,17
2010-12,Collection,405,30
2010-12,Collection,406,34
2010-12,Collection,407,46
2010-12,Collection,408,29
2010-12,Collection,409,15
2010-12,Collection,410,30
2010-12,Collection,411,36
2010-12,Collection,412,46
2010-12,Collection,413,82
2010-12,Collection,414,26
2010-12,Collection,501,101
2010-12,Collection,502,73
2010-12,Collection,503,101
2010-12,Sweeping,103,3
2010-12,Sweeping,106,2
2010-12,Sweeping,107,1
2010-12,Sweeping,108,1
2010-12,Sweeping,112,1
2010-12,Sweeping,204,1
2010-12,Sweeping,212,2
2010-12,Sweeping,302,3
2010-12,Sweeping,303,1
2010-12,Sweeping,304,1
2010-12,Sweeping,305,1
2010-12,Sweeping,306,2
2010-12,Sweeping,307,1
2010-12,Sweeping,308,1
2010-12,Sweeping,310,1
2010-12,Sweeping,311,5
2010-12,Sweeping,312,5
2010-12,Sweeping,314,8
2010-12,Sweeping,318,5
2010-12,Sweeping,401,2
2010-12,Sweeping,402,3
2010-12,Sweeping,403,7
2010-12,Sweeping,404,1
2010-12,Sweeping,405,1
2010-12,Sweeping,406,1
2010-12,Sweeping,407,5
2010-12,Sweeping,408,2
2010-12,Sweeping,409,2
2011-01,Basket,102,5
2011-01,Basket,104,5
2011-01,Basket,105,11
2011-01,Basket,106,1
2011-01,Basket,107,2
2011-01,Basket,108,8
2011-01,Basket,109,2
2011-01,Basket,110,1
2011-01,Basket,112,1
2011-01,Basket,205,1
2011-01,Basket,206,1
2011-01,Basket,208,4
2011-01,Basket,209,1
2011-01,Basket,211,1
2011-01,Basket,301,4
2011-01,Basket,302,2
2011-01,Basket,303,3
2011-01,Basket,304,7
2011-01,Basket,305,1
2011-01,Basket,306,1
2011-01,Basket,307,2
2011-01,Basket,309,2
2011-01,Basket,315,3
2011-01,Basket,318,2
2011-01,Basket,355,1
2011-01,Basket,401,2
2011-01,Basket,402,2
2011-01,Basket,403,6
2011-01,Basket,404,1
2011-01,Basket,405,2
2011-01,Basket,406,1
2011-01,Basket,407,2
2011-01,Basket,408,6
2011-01,Basket,409,3
2011-01,Basket,410,9
2011-01,Basket,411,2
2011-01,Basket,412,6
2011-01,Basket,413,3
2011-01,Basket,414,1
2011-01,Basket,501,5
2011-01,Basket,502,2
2011-01,Basket,503,3
2011-01,Collection,102,2
2011-01,Collection,103,1
2011-01,Collection,104,1
2011-01,Collection,105,1
2011-01,Collection,106,2
2011-01,Collection,107,4
2011-01,Collection,108,5
2011-01,Collection,110,2
2011-01,Collection,112,2
2011-01,Collection,164,1
2011-01,Collection,203,1
2011-01,Collection,204,1
2011-01,Collection,206,2
2011-01,Collection,207,4
2011-01,Collection,209,1
2011-01,Collection,210,4
2011-01,Collection,212,3
2011-01,Collection,301,4
2011-01,Collection,302,2
2011-01,Collection,303,3
2011-01,Collection,306,2
2011-01,Collection,307,2
2011-01,Collection,308,7
2011-01,Collection,309,2
2011-01,Collection,310,8
2011-01,Collection,311,9
2011-01,Collection,312,7
2011-01,Collection,313,5
2011-01,Collection,314,3
2011-01,Collection,315,5
2011-01,Collection,317,2
2011-01,Collection,318,5
2011-01,Collection,401,3
2011-01,Collection,403,3
2011-01,Collection,405,11
2011-01,Collection,406,4
2011-01,Collection,407,15
2011-01,Collection,408,13
2011-01,Collection,409,2
2011-01,Collection,410,14
2011-01,Collection,411,5
2011-01,Collection,412,3
2011-01,Collection,413,7
2011-01,Collection,414,1
2011-01,Collection,501,13
2011-01,Collection,502,12
2011-01,Collection,503,33
2011-01,Sweeping,104,1
2011-01,Sweeping,108,1
2011-01,Sweeping,112,3
2011-01,Sweeping,210,1
2011-01,Sweeping,301,1
2011-01,Sweeping,302,1
2011-01,Sweeping,306,2
2011-01,Sweeping,307,1
2011-01,Sweeping,309,1
2011-01,Sweeping,310,1
2011-01,Sweeping,317,3
2011-01,Sweeping,401,1
2011-01,Sweeping,403,1
2011-01,Sweeping,407,1
2011-02,Basket,101,1
2011-02,Basket,102,4
2011-02,Basket,103,7
2011-02,Basket,104,4
2011-02,Basket,105,1
2011-02,Basket,106,3
2011-02,Basket,107,14
2011-02,Basket,108,9
2011-02,Basket,109,1
2011-02,Basket,110,4
2011-02,Basket,111,4
2011-02,Basket,112,3
2011-02,Basket,201,5
2011-02,Basket,202,2
2011-02,Basket,203,1
2011-02,Basket,204,3
2011-02,Basket,205,2
2011-02,Basket,206,3
2011-02,Basket,207,3
2011-02,Basket,208,6
2011-02,Basket,209,2
2011-02,Basket,210,2
2011-02,Basket,211,7
2011-02,Basket,212,6
2011-02,Basket,301,2
2011-02,Basket,302,2
2011-02,Basket,303,5
2011-02,Basket,304,5
2011-02,Basket,305,4
2011-02,Basket,306,6
2011-02,Basket,307,6
2011-02,Basket,308,4
2011-02,Basket,309,2
2011-02,Basket,310,5
2011-02,Basket,311,7
2011-02,Basket,312,7
2011-02,Basket,314,3
2011-02,Basket,315,1
2011-02,Basket,316,1
2011-02,Basket,317,9
2011-02,Basket,318,4
2011-02,Basket,401,5
2011-02,Basket,402,3
2011-02,Basket,403,4
2011-02,Basket,404,1
2011-02,Basket,405,3
2011-02,Basket,406,4
2011-02,Basket,407,2
2011-02,Basket,408,16
2011-02,Basket,409,5
2011-02,Basket,410,7
2011-02,Basket,411,2
2011-02,Basket,412,15
2011-02,Basket,413,1
2011-02,Basket,414,3
2011-02,Basket,501,7
2011-02,Basket,502,4
2011-02,Basket,503,14
2011-02,Collection,101,4
2011-02,Collection,102,19
2011-02,Collection,103,9
2011-02,Collection,104,13
2011-02,Collection,105,15
2011-02,Collection,106,17
2011-02,Collection,107,28
2011-02,Collection,108,49
2011-02,Collection,109,4
2011-02,Collection,110,24
2011-02,Collection,111,8
2011-02,Collection,112,9
2011-02,Collection,201,4
2011-02,Collection,202,10
2011-02,Collection,203,19
2011-02,Collection,204,3
2011-02,Collection,205,4
2011-02,Collection,206,18
2011-02,Collection,207,17
2011-02,Collection,208,20
2011-02,Collection,209,21
2011-02,Collection,210,43
2011-02,Collection,211,26
2011-02,Collection,212,48
2011-02,Collection,301,43
2011-02,Collection,302,22
2011-02,Collection,303,53
2011-02,Collection,304,24
2011-02,Collection,305,47
2011-02,Collection,306,44
2011-02,Collection,307,7
2011-02,Collection,308,26
2011-02,Collection,309,46
2011-02,Collection,310,38
2011-02,Collection,311,56
2011-02,Collection,312,50
2011-02,Collection,313,10
2011-02,Collection,314,25
2011-02,Collection,315,40
2011-02,Collection,316,19
2011-02,Collection,317,33
2011-02,Collection,318,52
2011-02,Collection,401,89
2011-02,Collection,402,11
2011-02,Collection,403,21
2011-02,Collection,404,29
2011-02,Collection,405,49
2011-02,Collection,406,80
2011-02,Collection,407,117
2011-02,Collection,408,80
2011-02,Collection,409,27
2011-02,Collection,410,49
2011-02,Collection,411,59
2011-02,Collection,412,75
2011-02,Collection,413,163
2011-02,Collection,414,27
2011-02,Collection,501,175
2011-02,Collection,502,114
2011-02,Collection,503,109
2011-02,Sweeping,102,1
2011-02,Sweeping,104,1
2011-02,Sweeping,107,1
2011-02,Sweeping,108,4
2011-02,Sweeping,110,1
2011-02,Sweeping,112,2
2011-02,Sweeping,203,2
2011-02,Sweeping,211,1
2011-02,Sweeping,301,2
2011-02,Sweeping,302,1
2011-02,Sweeping,303,1
2011-02,Sweeping,304,1
2011-02,Sweeping,306,1
2011-02,Sweeping,307,2
2011-02,Sweeping,308,1
2011-02,Sweeping,311,3
2011-02,Sweeping,312,5
2011-02,Sweeping,313,1
2011-02,Sweeping,314,1
2011-02,Sweeping,315,1
2011-02,Sweeping,317,1
2011-02,Sweeping,403,1
2011-02,Sweeping,404,2
2011-02,Sweeping,405,2
2011-02,Sweeping,407,1
2011-02,Sweeping,412,1
2011-03,Basket,101,1
2011-03,Basket,102,6
2011-03,Basket,103,3
2011-03,Basket,104,4
2011-03,Basket,106,4
2011-03,Basket,107,3
2011-03,Basket,108,3
2011-03,Basket,109,5
2011-03,Basket,110,5
2011-03,Basket,111,2
2011-03,Basket,112,9
2011-03,Basket,164,2
2011-03,Basket,201,3
2011-03,Basket,202,1
2011-03,Basket,203,2
2011-03,Basket,204,2
2011-03,Basket,205,2
2011-03,Basket,206,4
2011-03,Basket,207,7
2011-03,Basket,208,10
2011-03,Basket,209,1
2011-03,Basket,210,3
2011-03,Basket,211,5
2011-03,Basket,212,6
2011-03,Basket,226,1
2011-03,Basket,301,7
2011-03,Basket,302,2
2011-03,Basket,303,6
2011-03,Basket,304,4
2011-03,Basket,305,5
2011-03,Basket,306,4
2011-03,Basket,308,3
2011-03,Basket,309,2
2011-03,Basket,310,1
2011-03,Basket,311,7
2011-03,Basket,312,12
2011-03,Basket,313,1
2011-03,Basket,315,7
2011-03,Basket,316,3
2011-03,Basket,317,3
2011-03,Basket,318,4
2011-03,Basket,401,5
2011-03,Basket,402,2
2011-03,Basket,403,4
2011-03,Basket,404,1
2011-03,Basket,405,4
2011-03,Basket,406,1
2011-03,Basket,407,4
2011-03,Basket,408,7
2011-03,Basket,409,6
2011-03,Basket,410,4
2011-03,Basket,411,2
2011-03,Basket,412,4
2011-03,Basket,413,4
2011-03,Basket,501,13
2011-03,Basket,502,12
2011-03,Basket,503,6
2011-03,Collection,101,6
2011-03,Collection,102,32
2011-03,Collection,103,6
2011-03,Collection,104,18
2011-03,Collection,105,12
2011-03,Collection,106,12
2011-03,Collection,107,10
2011-03,Collection,108,23
2011-03,Collection,109,8
2011-03,Collection,110,24
2011-03,Collection,111,3
2011-03,Collection,112,8
2011-03,Collection,201,6
2011-03,Collection,202,11
2011-03,Collection,203,13
2011-03,Collection,204,11
2011-03,Collection,205,7
2011-03,Collection,206,16
2011-03,Collection,207,14
2011-03,Collection,208,14
2011-03,Collection,209,16
2011-03,Collection,210,29
2011-03,Collection,211,12
2011-03,Collection,212,47
2011-03,Collection,301,51
2011-03,Collection,302,16
2011-03,Collection,303,39
2011-03,Collection,304,11
2011-03,Collection,305,31
2011-03,Collection,306,35
2011-03,Collection,307,9
2011-03,Collection,308,16
2011-03,Collection,309,4
2011-03,Collection,310,22
2011-03,Collection,311,66
2011-03,Collection,312,64
2011-03,Collection,313,4
2011-03,Collection,314,28
2011-03,Collection,315,38
2011-03,Collection,316,15
2011-03,Collection,317,33
2011-03,Collection,318,57
2011-03,Collection,401,59
2011-03,Collection,402,17
2011-03,Collection,403,12
2011-03,Collection,404,11
2011-03,Collection,405,51
2011-03,Collection,406,28
2011-03,Collection,407,113
2011-03,Collection,408,66
2011-03,Collection,409,24
2011-03,Collection,410,52
2011-03,Collection,411,49
2011-03,Collection,412,63
2011-03,Collection,413,83
2011-03,Collection,414,31
2011-03,Collection,501,149
2011-03,Collection,502,97
2011-03,Collection,503,106
2011-03,Sweeping,101,1
2011-03,Sweeping,102,3
2011-03,Sweeping,103,3
2011-03,Sweeping,104,1
2011-03,Sweeping,106,2
2011-03,Sweeping,107,8
2011-03,Sweeping,108,8
2011-03,Sweeping,109,1
2011-03,Sweeping,110,3
2011-03,Sweeping,111,2
2011-03,Sweeping,112,3
2011-03,Sweeping,201,1
2011-03,Sweeping,204,2
2011-03,Sweeping,207,2
2011-03,Sweeping,209,1
2011-03,Sweeping,210,1
2011-03,Sweeping,212,2
2011-03,Sweeping,301,7
2011-03,Sweeping,302,1
2011-03,Sweeping,303,9
2011-03,Sweeping,304,2
2011-03,Sweeping,305,6
2011-03,Sweeping,306,6
2011-03,Sweeping,307,6
2011-03,Sweeping,308,1
2011-03,Sweeping,309,3
2011-03,Sweeping,310,1
2011-03,Sweeping,311,7
2011-03,Sweeping,312,19
2011-03,Sweeping,313,4
2011-03,Sweeping,314,3
2011-03,Sweeping,315,3
2011-03,Sweeping,316,1
2011-03,Sweeping,317,4
2011-03,Sweeping,401,1
2011-03,Sweeping,403,7
2011-03,Sweeping,404,1
2011-03,Sweeping,405,17
2011-03,Sweeping,407,7
2011-03,Sweeping,408,2
2011-03,Sweeping,409,4
2011-03,Sweeping,412,1
2011-03,Sweeping,413,1
2011-03,Sweeping,414,2
2011-03,Sweeping,502,1
2011-03,Sweeping,503,5
2011-04,Basket,101,4
2011-04,Basket,102,9
2011-04,Basket,103,5
2011-04,Basket,104,3
2011-04,Basket,105,4
2011-04,Basket,106,4
2011-04,Basket,107,14
2011-04,Basket,108,3
2011-04,Basket,109,3
2011-04,Basket,110,3
2011-04,Basket,111,3
2011-04,Basket,112,7
2011-04,Basket,164,1
2011-04,Basket,201,3
2011-04,Basket,202,2
2011-04,Basket,203,1
2011-04,Basket,204,1
2011-04,Basket,205,1
2011-04,Basket,207,2
2011-04,Basket,208,7
2011-04,Basket,209,2
2011-04,Basket,210,5
2011-04,Basket,212,8
2011-04,Basket,301,12
2011-04,Basket,302,8
2011-04,Basket,303,5
2011-04,Basket,304,6
2011-04,Basket,305,5
2011-04,Basket,306,9
2011-04,Basket,307,19
2011-04,Basket,308,5
2011-04,Basket,310,4
2011-04,Basket,311,4
2011-04,Basket,312,9
2011-04,Basket,313,1
2011-04,Basket,315,6
2011-04,Basket,316,2
2011-04,Basket,317,5
2011-04,Basket,318,5
2011-04,Basket,401,7
2011-04,Basket,402,4
2011-04,Basket,403,1
2011-04,Basket,405,5
2011-04,Basket,406,8
2011-04,Basket,407,6
2011-04,Basket,408,7
2011-04,Basket,409,3
2011-04,Basket,410,10
2011-04,Basket,411,4
2011-04,Basket,412,6
2011-04,Basket,413,6
2011-04,Basket,414,1
2011-04,Basket,501,8
2011-04,Basket,502,2
2011-04,Basket,503,7
2011-04,Collection,101,5
2011-04,Collection,102,20
2011-04,Collection,103,5
2011-04,Collection,104,17
2011-04,Collection,105,10
2011-04,Collection,106,19
2011-04,Collection,107,10
2011-04,Collection,108,19
2011-04,Collection,109,1
2011-04,Collection,110,21
2011-04,Collection,111,7
2011-04,Collection,112,9
2011-04,Collection,201,8
2011-04,Collection,202,7
2011-04,Collection,203,11
2011-04,Collection,204,5
2011-04,Collection,205,3
2011-04,Collection,206,15
2011-04,Collection,207,2
2011-04,Collection,208,14
2011-04,Collection,209,10
2011-04,Collection,210,21
2011-04,Collection,211,6
2011-04,Collection,212,23
2011-04,Collection,301,48
2011-04,Collection,302,9
2011-04,Collection,303,33
2011-04,Collection,304,7
2011-04,Collection,305,15
2011-04,Collection,306,27
2011-04,Collection,307,5
2011-04,Collection,308,7
2011-04,Collection,309,5
2011-04,Collection,310,22
2011-04,Collection,311,55
2011-04,Collection,312,48
2011-04,Collection,313,9
2011-04,Collection,314,22
2011-04,Collection,315,30
2011-04,Collection,316,6
2011-04,Collection,317,33
2011-04,Collection,318,74
2011-04,Collection,355,1
2011-04,Collection,401,43
2011-04,Collection,402,14
2011-04,Collection,403,17
2011-04,Collection,404,15
2011-04,Collection,405,33
2011-04,Collection,406,33
2011-04,Collection,407,76
2011-04,Collection,408,33
2011-04,Collection,409,21
2011-04,Collection,410,40
2011-04,Collection,411,49
2011-04,Collection,412,52
2011-04,Collection,413,51
2011-04,Collection,414,41
2011-04,Collection,501,107
2011-04,Collection,502,98
2011-04,Collection,503,88
2011-04,Sweeping,103,2
2011-04,Sweeping,106,1
2011-04,Sweeping,107,2
2011-04,Sweeping,109,1
2011-04,Sweeping,164,1
2011-04,Sweeping,203,1
2011-04,Sweeping,204,1
2011-04,Sweeping,206,1
2011-04,Sweeping,212,2
2011-04,Sweeping,301,5
2011-04,Sweeping,303,2
2011-04,Sweeping,305,1
2011-04,Sweeping,307,2
2011-04,Sweeping,308,1
2011-04,Sweeping,310,5
2011-04,Sweeping,311,6
2011-04,Sweeping,312,7
2011-04,Sweeping,313,2
2011-04,Sweeping,314,3
2011-04,Sweeping,316,1
2011-04,Sweeping,317,1
2011-04,Sweeping,318,2
2011-04,Sweeping,401,2
2011-04,Sweeping,403,5
2011-04,Sweeping,405,2
2011-04,Sweeping,406,2
2011-04,Sweeping,407,1
2011-04,Sweeping,414,2
2011-04,Sweeping,501,3
2011-05,Basket,101,2
2011-05,Basket,102,17
2011-05,Basket,103,7
2011-05,Basket,104,7
2011-05,Basket,105,4
2011-05,Basket,106,9
2011-05,Basket,107,21
2011-05,Basket,108,17
2011-05,Basket,109,3
2011-05,Basket,110,7
2011-05,Basket,111,3
2011-05,Basket,112,11
2011-05,Basket,164,2
2011-05,Basket,202,6
2011-05,Basket,203,1
2011-05,Basket,204,4
2011-05,Basket,205,1
2011-05,Basket,206,3
2011-05,Basket,207,2
2011-05,Basket,208,5
2011-05,Basket,209,1
2011-05,Basket,210,6
2011-05,Basket,211,5
2011-05,Basket,212,5
2011-05,Basket,301,13
2011-05,Basket,302,12
2011-05,Basket,303,18
2011-05,Basket,304,4
2011-05,Basket,305,8
2011-05,Basket,306,15
2011-05,Basket,307,7
2011-05,Basket,308,4
2011-05,Basket,309,3
2011-05,Basket,310,7
2011-05,Basket,311,11
2011-05,Basket,312,15
2011-05,Basket,313,3
2011-05,Basket,314,6
2011-05,Basket,315,4
2011-05,Basket,316,6
2011-05,Basket,317,9
2011-05,Basket,318,14
2011-05,Basket,401,11
2011-05,Basket,403,8
2011-05,Basket,404,4
2011-05,Basket,405,7
2011-05,Basket,406,10
2011-05,Basket,407,10
2011-05,Basket,408,13
2011-05,Basket,409,8
2011-05,Basket,410,11
2011-05,Basket,411,5
2011-05,Basket,412,14
2011-05,Basket,413,2
2011-05,Basket,414,3
2011-05,Basket,501,17
2011-05,Basket,502,9
2011-05,Basket,503,12
2011-05,Collection,101,10
2011-05,Collection,102,21
2011-05,Collection,103,11
2011-05,Collection,104,10
2011-05,Collection,105,7
2011-05,Collection,106,14
2011-05,Collection,107,17
2011-05,Collection,108,15
2011-05,Collection,109,1
2011-05,Collection,110,23
2011-05,Collection,111,6
2011-05,Collection,112,7
2011-05,Collection,201,10
2011-05,Collection,202,3
2011-05,Collection,203,5
2011-05,Collection,204,3
2011-05,Collection,205,4
2011-05,Collection,206,6
2011-05,Collection,207,6
2011-05,Collection,208,12
2011-05,Collection,209,7
2011-05,Collection,210,23
2011-05,Collection,211,9
2011-05,Collection,212,16
2011-05,Collection,301,61
2011-05,Collection,302,19
2011-05,Collection,303,21
2011-05,Collection,304,3
2011-05,Collection,305,22
2011-05,Collection,306,24
2011-05,Collection,307,9
2011-05,Collection,308,12
2011-05,Collection,309,6
2011-05,Collection,310,10
2011-05,Collection,311,41
2011-05,Collection,312,36
2011-05,Collection,313,9
2011-05,Collection,314,27
2011-05,Collection,315,56
2011-05,Collection,316,7
2011-05,Collection,317,38
2011-05,Collection,318,42
2011-05,Collection,401,38
2011-05,Collection,402,10
2011-05,Collection,403,12
2011-05,Collection,404,12
2011-05,Collection,405,34
2011-05,Collection,406,24
2011-05,Collection,407,102
2011-05,Collection,408,43
2011-05,Collection,409,15
2011-05,Collection,410,36
2011-05,Collection,411,38
2011-05,Collection,412,38
2011-05,Collection,413,63
2011-05,Collection,414,23
2011-05,Collection,501,103
2011-05,Collection,502,110
2011-05,Collection,503,94
2011-05,Sweeping,102,1
2011-05,Sweeping,103,3
2011-05,Sweeping,104,1
2011-05,Sweeping,105,1
2011-05,Sweeping,107,2
2011-05,Sweeping,108,1
2011-05,Sweeping,112,1
2011-05,Sweeping,207,1
2011-05,Sweeping,209,2
2011-05,Sweeping,301,3
2011-05,Sweeping,303,5
2011-05,Sweeping,305,3
2011-05,Sweeping,306,2
2011-05,Sweeping,307,2
2011-05,Sweeping,310,4
2011-05,Sweeping,311,9
2011-05,Sweeping,312,2
2011-05,Sweeping,314,3
2011-05,Sweeping,316,3
2011-05,Sweeping,318,1
2011-05,Sweeping,401,3
2011-05,Sweeping,402,2
2011-05,Sweeping,403,8
2011-05,Sweeping,405,5
2011-05,Sweeping,406,3
2011-05,Sweeping,407,2
2011-05,Sweeping,409,1
2011-05,Sweeping,411,1
2011-05,Sweeping,412,2
2011-05,Sweeping,414,2
2011-05,Sweeping,501,1
2011-05,Sweeping,503,1
2011-06,Basket,101,1
2011-06,Basket,102,12
2011-06,Basket,103,13
2011-06,Basket,104,9
2011-06,Basket,105,4
2011-06,Basket,106,13
2011-06,Basket,107,10
2011-06,Basket,108,14
2011-06,Basket,109,4
2011-06,Basket,110,12
2011-06,Basket,111,8
2011-06,Basket,112,26
2011-06,Basket,164,1
2011-06,Basket,201,6
2011-06,Basket,204,7
2011-06,Basket,205,1
2011-06,Basket,206,2
2011-06,Basket,207,7
2011-06,Basket,208,10
2011-06,Basket,209,1
2011-06,Basket,210,5
2011-06,Basket,211,9
2011-06,Basket,212,8
2011-06,Basket,301,4
2011-06,Basket,302,6
2011-06,Basket,303,15
2011-06,Basket,304,6
2011-06,Basket,305,5
2011-06,Basket,306,17
2011-06,Basket,307,9
2011-06,Basket,308,11
2011-06,Basket,309,5
2011-06,Basket,310,11
2011-06,Basket,311,18
2011-06,Basket,312,17
2011-06,Basket,313,2
2011-06,Basket,314,11
2011-06,Basket,315,19
2011-06,Basket,316,3
2011-06,Basket,317,11
2011-06,Basket,318,25
2011-06,Basket,355,1
2011-06,Basket,401,9
2011-06,Basket,402,3
2011-06,Basket,403,3
2011-06,Basket,404,3
2011-06,Basket,405,4
2011-06,Basket,406,5
2011-06,Basket,407,12
2011-06,Basket,408,23
2011-06,Basket,409,13
2011-06,Basket,410,16
2011-06,Basket,411,14
2011-06,Basket,412,17
2011-06,Basket,413,9
2011-06,Basket,414,3
2011-06,Basket,501,7
2011-06,Basket,502,8
2011-06,Basket,503,15
2011-06,Collection,101,9
2011-06,Collection,102,22
2011-06,Collection,103,10
2011-06,Collection,104,18
2011-06,Collection,105,8
2011-06,Collection,106,18
2011-06,Collection,107,12
2011-06,Collection,108,12
2011-06,Collection,110,17
2011-06,Collection,111,2
2011-06,Collection,112,4
2011-06,Collection,201,3
2011-06,Collection,202,8
2011-06,Collection,203,10
2011-06,Collection,204,10
2011-06,Collection,205,1
2011-06,Collection,206,9
2011-06,Collection,207,7
2011-06,Collection,208,7
2011-06,Collection,209,13
2011-06,Collection,210,34
2011-06,Collection,211,7
2011-06,Collection,212,64
2011-06,Collection,226,1
2011-06,Collection,301,67
2011-06,Collection,302,20
2011-06,Collection,303,46
2011-06,Collection,304,21
2011-06,Collection,305,18
2011-06,Collection,306,33
2011-06,Collection,307,10
2011-06,Collection,308,17
2011-06,Collection,309,11
2011-06,Collection,310,22
2011-06,Collection,311,80
2011-06,Collection,312,55
2011-06,Collection,313,10
2011-06,Collection,314,23
2011-06,Collection,315,56
2011-06,Collection,316,9
2011-06,Collection,317,41
2011-06,Collection,318,66
2011-06,Collection,401,49
2011-06,Collection,402,14
2011-06,Collection,403,13
2011-06,Collection,404,31
2011-06,Collection,405,48
2011-06,Collection,406,25
2011-06,Collection,407,98
2011-06,Collection,408,47
2011-06,Collection,409,25
2011-06,Collection,410,43
2011-06,Collection,411,37
2011-06,Collection,412,81
2011-06,Collection,413,80
2011-06,Collection,414,30
2011-06,Collection,501,106
2011-06,Collection,502,118
2011-06,Collection,503,95
2011-06,Sweeping,102,2
2011-06,Sweeping,104,1
2011-06,Sweeping,106,1
2011-06,Sweeping,110,1
2011-06,Sweeping,112,2
2011-06,Sweeping,201,1
2011-06,Sweeping,202,1
2011-06,Sweeping,212,1
2011-06,Sweeping,301,1
2011-06,Sweeping,302,4
2011-06,Sweeping,303,6
2011-06,Sweeping,304,2
2011-06,Sweeping,305,6
2011-06,Sweeping,306,2
2011-06,Sweeping,307,1
2011-06,Sweeping,308,1
2011-06,Sweeping,309,2
2011-06,Sweeping,310,2
2011-06,Sweeping,311,9
2011-06,Sweeping,312,4
2011-06,Sweeping,313,5
2011-06,Sweeping,314,5
2011-06,Sweeping,315,3
2011-06,Sweeping,316,2
2011-06,Sweeping,317,7
2011-06,Sweeping,318,7
2011-06,Sweeping,401,10
2011-06,Sweeping,402,3
2011-06,Sweeping,403,6
2011-06,Sweeping,405,4
2011-06,Sweeping,407,1
2011-06,Sweeping,408,1
2011-06,Sweeping,409,1
2011-06,Sweeping,412,1
2011-06,Sweeping,414,2
2011-06,Sweeping,503,1
2011-07,Basket,102,16
2011-07,Basket,103,5
2011-07,Basket,104,4
2011-07,Basket,105,6
2011-07,Basket,106,5
2011-07,Basket,107,12
2011-07,Basket,108,8
2011-07,Basket,109,6
2011-07,Basket,110,6
2011-07,Basket,111,1
2011-07,Basket,112,11
2011-07,Basket,201,3
2011-07,Basket,202,2
2011-07,Basket,204,1
2011-07,Basket,205,2
2011-07,Basket,206,2
2011-07,Basket,207,10
2011-07,Basket,208,14
2011-07,Basket,209,7
2011-07,Basket,210,2
2011-07,Basket,211,1
2011-07,Basket,212,10
2011-07,Basket,227,1
2011-07,Basket,301,9
2011-07,Basket,302,14
2011-07,Basket,303,16
2011-07,Basket,304,5
2011-07,Basket,305,7
2011-07,Basket,306,20
2011-07,Basket,307,12
2011-07,Basket,308,3
2011-07,Basket,309,2
2011-07,Basket,310,6
2011-07,Basket,311,23
2011-07,Basket,312,14
2011-07,Basket,313,2
2011-07,Basket,314,2
2011-07,Basket,315,10
2011-07,Basket,316,4
2011-07,Basket,317,12
2011-07,Basket,318,11
2011-07,Basket,401,8
2011-07,Basket,402,12
2011-07,Basket,403,9
2011-07,Basket,404,5
2011-07,Basket,405,11
2011-07,Basket,406,2
2011-07,Basket,407,6
2011-07,Basket,408,15
2011-07,Basket,409,8
2011-07,Basket,410,10
2011-07,Basket,411,6
2011-07,Basket,412,15
2011-07,Basket,413,12
2011-07,Basket,414,4
2011-07,Basket,501,11
2011-07,Basket,502,5
2011-07,Basket,503,7
2011-07,Collection,101,6
2011-07,Collection,102,16
2011-07,Collection,103,5
2011-07,Collection,104,23
2011-07,Collection,105,7
2011-07,Collection,106,15
2011-07,Collection,107,9
2011-07,Collection,108,8
2011-07,Collection,109,4
2011-07,Collection,110,9
2011-07,Collection,111,3
2011-07,Collection,112,7
2011-07,Collection,201,7
2011-07,Collection,202,5
2011-07,Collection,203,11
2011-07,Collection,204,9
2011-07,Collection,205,3
2011-07,Collection,206,13
2011-07,Collection,207,6
2011-07,Collection,208,9
2011-07,Collection,209,14
2011-07,Collection,210,30
2011-07,Collection,211,13
2011-07,Collection,212,54
2011-07,Collection,301,43
2011-07,Collection,302,18
2011-07,Collection,303,31
2011-07,Collection,304,13
2011-07,Collection,305,14
2011-07,Collection,306,19
2011-07,Collection,307,7
2011-07,Collection,308,15
2011-07,Collection,309,5
2011-07,Collection,310,15
2011-07,Collection,311,56
2011-07,Collection,312,49
2011-07,Collection,313,3
2011-07,Collection,314,33
2011-07,Collection,315,48
2011-07,Collection,316,8
2011-07,Collection,317,37
2011-07,Collection,318,50
2011-07,Collection,401,61
2011-07,Collection,402,20
2011-07,Collection,403,19
2011-07,Collection,404,15
2011-07,Collection,405,40
2011-07,Collection,406,34
2011-07,Collection,407,80
2011-07,Collection,408,69
2011-07,Collection,409,21
2011-07,Collection,410,40
2011-07,Collection,411,43
2011-07,Collection,412,61
2011-07,Collection,413,76
2011-07,Collection,414,52
2011-07,Collection,501,85
2011-07,Collection,502,86
2011-07,Collection,503,110
2011-07,Sweeping,102,1
2011-07,Sweeping,103,1
2011-07,Sweeping,105,1
2011-07,Sweeping,106,1
2011-07,Sweeping,107,2
2011-07,Sweeping,109,2
2011-07,Sweeping,110,1
2011-07,Sweeping,111,1
2011-07,Sweeping,201,1
2011-07,Sweeping,203,1
2011-07,Sweeping,205,1
2011-07,Sweeping,206,1
2011-07,Sweeping,210,2
2011-07,Sweeping,212,2
2011-07,Sweeping,301,3
2011-07,Sweeping,302,6
2011-07,Sweeping,303,4
2011-07,Sweeping,304,1
2011-07,Sweeping,305,6
2011-07,Sweeping,306,5
2011-07,Sweeping,307,2
2011-07,Sweeping,310,3
2011-07,Sweeping,311,10
2011-07,Sweeping,312,3
2011-07,Sweeping,314,2
2011-07,Sweeping,315,3
2011-07,Sweeping,316,3
2011-07,Sweeping,317,9
2011-07,Sweeping,318,9
2011-07,Sweeping,401,3
2011-07,Sweeping,402,2
2011-07,Sweeping,403,8
2011-07,Sweeping,405,6
2011-07,Sweeping,406,5
2011-07,Sweeping,407,3
2011-07,Sweeping,408,3
2011-07,Sweeping,409,2
2011-07,Sweeping,413,1
2011-07,Sweeping,414,1
2011-07,Sweeping,501,1
2011-08,Basket,102,15
2011-08,Basket,103,8
2011-08,Basket,104,8
2011-08,Basket,105,4
2011-08,Basket,106,3
2011-08,Basket,107,10
2011-08,Basket,108,10
2011-08,Basket,109,6
2011-08,Basket,110,4
2011-08,Basket,111,9
2011-08,Basket,112,13
2011-08,Basket,164,1
2011-08,Basket,201,1
2011-08,Basket,202,4
2011-08,Basket,203,1
2011-08,Basket,204,3
2011-08,Basket,205,1
2011-08,Basket,206,3
2011-08,Basket,207,3
2011-08,Basket,208,6
2011-08,Basket,210,5
2011-08,Basket,211,2
2011-08,Basket,212,2
2011-08,Basket,301,11
2011-08,Basket,302,9
2011-08,Basket,303,13
2011-08,Basket,304,2
2011-08,Basket,305,4
2011-08,Basket,306,13
2011-08,Basket,307,4
2011-08,Basket,308,3
2011-08,Basket,309,1
2011-08,Basket,310,6
2011-08,Basket,311,17
2011-08,Basket,312,6
2011-08,Basket,313,3
2011-08,Basket,314,9
2011-08,Basket,315,15
2011-08,Basket,316,2
2011-08,Basket,317,7
2011-08,Basket,318,10
2011-08,Basket,401,10
2011-08,Basket,402,10
2011-08,Basket,403,10
2011-08,Basket,404,6
2011-08,Basket,405,5
2011-08,Basket,406,8
2011-08,Basket,407,6
2011-08,Basket,408,6
2011-08,Basket,409,10
2011-08,Basket,410,2
2011-08,Basket,411,14
2011-08,Basket,412,11
2011-08,Basket,413,9
2011-08,Basket,414,2
2011-08,Basket,501,17
2011-08,Basket,502,6
2011-08,Basket,503,12
2011-08,Collection,101,8
2011-08,Collection,102,17
2011-08,Collection,103,5
2011-08,Collection,104,15
2011-08,Collection,105,5
2011-08,Collection,106,21
2011-08,Collection,107,14
2011-08,Collection,108,11
2011-08,Collection,109,1
2011-08,Collection,110,16
2011-08,Collection,111,1
2011-08,Collection,112,7
2011-08,Collection,201,3
2011-08,Collection,202,6
2011-08,Collection,203,10
2011-08,Collection,204,4
2011-08,Collection,206,7
2011-08,Collection,207,6
2011-08,Collection,208,10
2011-08,Collection,209,7
2011-08,Collection,210,26
2011-08,Collection,211,11
2011-08,Collection,212,32
2011-08,Collection,301,42
2011-08,Collection,302,7
2011-08,Collection,303,35
2011-08,Collection,304,8
2011-08,Collection,305,19
2011-08,Collection,306,35
2011-08,Collection,307,9
2011-08,Collection,308,16
2011-08,Collection,309,4
2011-08,Collection,310,19
2011-08,Collection,311,46
2011-08,Collection,312,44
2011-08,Collection,313,10
2011-08,Collection,314,18
2011-08,Collection,315,37
2011-08,Collection,316,3
2011-08,Collection,317,36
2011-08,Collection,318,36
2011-08,Collection,401,43
2011-08,Collection,402,16
2011-08,Collection,403,10
2011-08,Collection,404,21
2011-08,Collection,405,48
2011-08,Collection,406,18
2011-08,Collection,407,68
2011-08,Collection,408,58
2011-08,Collection,409,17
2011-08,Collection,410,37
2011-08,Collection,411,37
2011-08,Collection,412,43
2011-08,Collection,413,41
2011-08,Collection,414,26
2011-08,Collection,501,71
2011-08,Collection,502,94
2011-08,Collection,503,83
2011-08,Sweeping,101,1
2011-08,Sweeping,102,1
2011-08,Sweeping,103,1
2011-08,Sweeping,110,1
2011-08,Sweeping,201,1
2011-08,Sweeping,204,1
2011-08,Sweeping,205,1
2011-08,Sweeping,212,1
2011-08,Sweeping,301,5
2011-08,Sweeping,302,2
2011-08,Sweeping,303,2
2011-08,Sweeping,304,1
2011-08,Sweeping,305,1
2011-08,Sweeping,306,1
2011-08,Sweeping,307,1
2011-08,Sweeping,308,1
2011-08,Sweeping,309,3
2011-08,Sweeping,310,4
2011-08,Sweeping,311,3
2011-08,Sweeping,312,4
2011-08,Sweeping,313,1
2011-08,Sweeping,314,4
2011-08,Sweeping,316,2
2011-08,Sweeping,317,10
2011-08,Sweeping,318,5
2011-08,Sweeping,401,4
2011-08,Sweeping,402,1
2011-08,Sweeping,403,4
2011-08,Sweeping,405,11
2011-08,Sweeping,406,1
2011-08,Sweeping,407,1
2011-08,Sweeping,408,1
2011-08,Sweeping,409,1
2011-08,Sweeping,411,4
2011-08,Sweeping,412,4
2011-08,Sweeping,413,1
2011-08,Sweeping,414,1
2011-09,Basket,102,16
2011-09,Basket,103,13
2011-09,Basket,104,28
2011-09,Basket,105,3
2011-09,Basket,106,8
2011-09,Basket,107,16
2011-09,Basket,108,9
2011-09,Basket,109,1
2011-09,Basket,110,4
2011-09,Basket,111,10
2011-09,Basket,112,8
2011-09,Basket,201,3
2011-09,Basket,202,2
2011-09,Basket,203,2
2011-09,Basket,204,4
2011-09,Basket,205,2
2011-09,Basket,206,1
2011-09,Basket,207,3
2011-09,Basket,208,3
2011-09,Basket,209,4
2011-09,Basket,210,5
2011-09,Basket,211,3
2011-09,Basket,212,9
2011-09,Basket,301,15
2011-09,Basket,302,8
2011-09,Basket,303,19
2011-09,Basket,304,6
2011-09,Basket,305,5
2011-09,Basket,306,12
2011-09,Basket,307,11
2011-09,Basket,308,5
2011-09,Basket,309,2
2011-09,Basket,310,6
2011-09,Basket,311,19
2011-09,Basket,312,16
2011-09,Basket,313,4
2011-09,Basket,314,10
2011-09,Basket,315,15
2011-09,Basket,316,3
2011-09,Basket,317,9
2011-09,Basket,318,19
2011-09,Basket,355,1
2011-09,Basket,401,10
2011-09,Basket,402,12
2011-09,Basket,403,10
2011-09,Basket,404,5
2011-09,Basket,405,28
2011-09,Basket,406,9
2011-09,Basket,407,21
2011-09,Basket,408,15
2011-09,Basket,409,9
2011-09,Basket,410,4
2011-09,Basket,411,13
2011-09,Basket,412,12
2011-09,Basket,413,20
2011-09,Basket,414,10
2011-09,Basket,501,18
2011-09,Basket,502,12
2011-09,Basket,503,19
2011-09,Collection,101,10
2011-09,Collection,102,27
2011-09,Collection,103,5
2011-09,Collection,104,15
2011-09,Collection,105,6
2011-09,Collection,106,23
2011-09,Collection,107,15
2011-09,Collection,108,14
2011-09,Collection,110,9
2011-09,Collection,111,3
2011-09,Collection,112,6
2011-09,Collection,201,8
2011-09,Collection,202,7
2011-09,Collection,203,6
2011-09,Collection,204,9
2011-09,Collection,205,2
2011-09,Collection,206,3
2011-09,Collection,207,4
2011-09,Collection,208,7
2011-09,Collection,209,10
2011-09,Collection,210,12
2011-09,Collection,211,6
2011-09,Collection,212,22
2011-09,Collection,301,70
2011-09,Collection,302,8
2011-09,Collection,303,20
2011-09,Collection,304,12
2011-09,Collection,305,20
2011-09,Collection,306,35
2011-09,Collection,307,4
2011-09,Collection,308,7
2011-09,Collection,309,13
2011-09,Collection,310,12
2011-09,Collection,311,64
2011-09,Collection,312,60
2011-09,Collection,313,6
2011-09,Collection,314,19
2011-09,Collection,315,53
2011-09,Collection,316,15
2011-09,Collection,317,36
2011-09,Collection,318,37
2011-09,Collection,401,38
2011-09,Collection,402,16
2011-09,Collection,403,13
2011-09,Collection,404,20
2011-09,Collection,405,37
2011-09,Collection,406,24
2011-09,Collection,407,78
2011-09,Collection,408,57
2011-09,Collection,409,25
2011-09,Collection,410,28
2011-09,Collection,411,43
2011-09,Collection,412,42
2011-09,Collection,413,69
2011-09,Collection,414,25
2011-09,Collection,501,95
2011-09,Collection,502,74
2011-09,Collection,503,102
2011-09,Sweeping,107,2
2011-09,Sweeping,109,3
2011-09,Sweeping,111,1
2011-09,Sweeping,201,1
2011-09,Sweeping,205,1
2011-09,Sweeping,209,1
2011-09,Sweeping,212,3
2011-09,Sweeping,301,4
2011-09,Sweeping,302,5
2011-09,Sweeping,303,4
2011-09,Sweeping,304,2
2011-09,Sweeping,305,5
2011-09,Sweeping,306,1
2011-09,Sweeping,307,2
2011-09,Sweeping,309,1
2011-09,Sweeping,310,3
2011-09,Sweeping,311,6
2011-09,Sweeping,312,9
2011-09,Sweeping,314,11
2011-09,Sweeping,315,1
2011-09,Sweeping,316,1
2011-09,Sweeping,317,8
2011-09,Sweeping,318,7
2011-09,Sweeping,401,5
2011-09,Sweeping,402,3
2011-09,Sweeping,403,7
2011-09,Sweeping,404,4
2011-09,Sweeping,405,9
2011-09,Sweeping,406,11
2011-09,Sweeping,407,5
2011-09,Sweeping,408,10
2011-09,Sweeping,409,1
2011-09,Sweeping,412,6
2011-09,Sweeping,414,3
2011-09,Sweeping,503,1
2011-10,Basket,102,7
2011-10,Basket,103,10
2011-10,Basket,104,13
2011-10,Basket,105,1
2011-10,Basket,106,13
2011-10,Basket,107,5
2011-10,Basket,108,7
2011-10,Basket,109,3
2011-10,Basket,110,11
2011-10,Basket,111,4
2011-10,Basket,112,21
2011-10,Basket,164,2
2011-10,Basket,201,2
2011-10,Basket,204,2
2011-10,Basket,205,4
2011-10,Basket,206,5
2011-10,Basket,207,9
2011-10,Basket,208,3
2011-10,Basket,209,5
2011-10,Basket,210,4
2011-10,Basket,211,1
2011-10,Basket,212,3
2011-10,Basket,301,12
2011-10,Basket,302,14
2011-10,Basket,303,13
2011-10,Basket,304,6
2011-10,Basket,305,1
2011-10,Basket,306,8
2011-10,Basket,307,10
2011-10,Basket,308,8
2011-10,Basket,309,3
2011-10,Basket,310,5
2011-10,Basket,311,8
2011-10,Basket,312,7
2011-10,Basket,313,2
2011-10,Basket,314,4
2011-10,Basket,315,3
2011-10,Basket,316,2
2011-10,Basket,317,7
2011-10,Basket,318,9
2011-10,Basket,401,6
2011-10,Basket,402,9
2011-10,Basket,403,14
2011-10,Basket,404,11
2011-10,Basket,405,9
2011-10,Basket,406,9
2011-10,Basket,407,10
2011-10,Basket,408,7
2011-10,Basket,409,6
2011-10,Basket,410,3
2011-10,Basket,411,10
2011-10,Basket,412,15
2011-10,Basket,413,12
2011-10,Basket,414,5
2011-10,Basket,501,9
2011-10,Basket,502,5
2011-10,Basket,503,5
2011-10,Basket,595,1
2011-10,Collection,101,5
2011-10,Collection,102,17
2011-10,Collection,103,11
2011-10,Collection,104,28
2011-10,Collection,105,7
2011-10,Collection,106,12
2011-10,Collection,107,20
2011-10,Collection,108,11
2011-10,Collection,109,1
2011-10,Collection,110,18
2011-10,Collection,111,1
2011-10,Collection,112,8
2011-10,Collection,201,6
2011-10,Collection,202,3
2011-10,Collection,203,9
2011-10,Collection,204,8
2011-10,Collection,205,3
2011-10,Collection,206,7
2011-10,Collection,207,12
2011-10,Collection,208,6
2011-10,Collection,209,5
2011-10,Collection,210,14
2011-10,Collection,211,15
2011-10,Collection,212,43
2011-10,Collection,226,1
2011-10,Collection,301,66
2011-10,Collection,302,14
2011-10,Collection,303,29
2011-10,Collection,304,12
2011-10,Collection,305,23
2011-10,Collection,306,26
2011-10,Collection,307,6
2011-10,Collection,308,15
2011-10,Collection,309,6
2011-10,Collection,310,20
2011-10,Collection,311,49
2011-10,Collection,312,70
2011-10,Collection,313,11
2011-10,Collection,314,25
2011-10,Collection,315,37
2011-10,Collection,316,12
2011-10,Collection,317,52
2011-10,Collection,318,26
2011-10,Collection,401,46
2011-10,Collection,402,11
2011-10,Collection,403,14
2011-10,Collection,404,30
2011-10,Collection,405,34
2011-10,Collection,406,17
2011-10,Collection,407,93
2011-10,Collection,408,49
2011-10,Collection,409,16
2011-10,Collection,410,20
2011-10,Collection,411,41
2011-10,Collection,412,58
2011-10,Collection,413,45
2011-10,Collection,414,17
2011-10,Collection,501,103
2011-10,Collection,502,97
2011-10,Collection,503,87
2011-10,Sweeping,101,2
2011-10,Sweeping,102,1
2011-10,Sweeping,103,1
2011-10,Sweeping,104,1
2011-10,Sweeping,108,1
2011-10,Sweeping,110,1
2011-10,Sweeping,111,1
2011-10,Sweeping,204,1
2011-10,Sweeping,206,1
2011-10,Sweeping,209,2
2011-10,Sweeping,210,1
2011-10,Sweeping,211,1
2011-10,Sweeping,212,2
2011-10,Sweeping,301,2
2011-10,Sweeping,302,4
2011-10,Sweeping,303,6
2011-10,Sweeping,304,3
2011-10,Sweeping,305,7
2011-10,Sweeping,306,5
2011-10,Sweeping,307,5
2011-10,Sweeping,308,3
2011-10,Sweeping,309,2
2011-10,Sweeping,310,1
2011-10,Sweeping,311,17
2011-10,Sweeping,312,6
2011-10,Sweeping,313,1
2011-10,Sweeping,314,4
2011-10,Sweeping,315,7
2011-10,Sweeping,317,7
2011-10,Sweeping,318,9
2011-10,Sweeping,401,6
2011-10,Sweeping,402,3
2011-10,Sweeping,403,5
2011-10,Sweeping,405,11
2011-10,Sweeping,406,3
2011-10,Sweeping,408,7
2011-10,Sweeping,409,2
2011-10,Sweeping,412,1
2011-10,Sweeping,413,1
2011-10,Sweeping,501,2
2011-11,Basket,102,12
2011-11,Basket,103,7
2011-11,Basket,104,10
2011-11,Basket,105,1
2011-11,Basket,106,9
2011-11,Basket,107,7
2011-11,Basket,108,2
2011-11,Basket,109,1
2011-11,Basket,110,4
2011-11,Basket,111,5
2011-11,Basket,112,11
2011-11,Basket,164,2
2011-11,Basket,201,5
2011-11,Basket,202,1
2011-11,Basket,203,1
2011-11,Basket,204,5
2011-11,Basket,205,3
2011-11,Basket,206,3
2011-11,Basket,207,2
2011-11,Basket,208,2
2011-11,Basket,209,5
2011-11,Basket,210,1
2011-11,Basket,212,2
2011-11,Basket,301,6
2011-11,Basket,302,12
2011-11,Basket,303,4
2011-11,Basket,304,5
2011-11,Basket,305,1
2011-11,Basket,306,9
2011-11,Basket,307,9
2011-11,Basket,308,1
2011-11,Basket,310,4
2011-11,Basket,311,6
2011-11,Basket,312,5
2011-11,Basket,313,2
2011-11,Basket,315,4
2011-11,Basket,316,3
2011-11,Basket,317,10
2011-11,Basket,318,5
2011-11,Basket,355,2
2011-11,Basket,401,5
2011-11,Basket,402,5
2011-11,Basket,403,6
2011-11,Basket,404,6
2011-11,Basket,405,4
2011-11,Basket,406,7
2011-11,Basket,407,3
2011-11,Basket,408,5
2011-11,Basket,409,1
2011-11,Basket,410,1
2011-11,Basket,411,3
2011-11,Basket,412,4
2011-11,Basket,413,3
2011-11,Basket,414,6
2011-11,Basket,501,10
2011-11,Basket,502,6
2011-11,Basket,503,7
2011-11,Collection,101,13
2011-11,Collection,102,12
2011-11,Collection,103,10
2011-11,Collection,104,24
2011-11,Collection,105,4
2011-11,Collection,106,18
2011-11,Collection,107,12
2011-11,Collection,108,13
2011-11,Collection,109,9
2011-11,Collection,110,25
2011-11,Collection,111,9
2011-11,Collection,112,14
2011-11,Collection,201,5
2011-11,Collection,202,9
2011-11,Collection,203,12
2011-11,Collection,204,6
2011-11,Collection,205,3
2011-11,Collection,206,9
2011-11,Collection,207,5
2011-11,Collection,208,30
2011-11,Collection,209,7
2011-11,Collection,210,33
2011-11,Collection,211,20
2011-11,Collection,212,59
2011-11,Collection,301,45
2011-11,Collection,302,21
2011-11,Collection,303,20
2011-11,Collection,304,13
2011-11,Collection,305,16
2011-11,Collection,306,24
2011-11,Collection,307,11
2011-11,Collection,308,12
2011-11,Collection,309,2
2011-11,Collection,310,36
2011-11,Collection,311,44
2011-11,Collection,312,43
2011-11,Collection,313,10
2011-11,Collection,314,31
2011-11,Collection,315,36
2011-11,Collection,316,6
2011-11,Collection,317,24
2011-11,Collection,318,39
2011-11,Collection,355,2
2011-11,Collection,401,36
2011-11,Collection,402,6
2011-11,Collection,403,12
2011-11,Collection,404,18
2011-11,Collection,405,54
2011-11,Collection,406,32
2011-11,Collection,407,85
2011-11,Collection,408,73
2011-11,Collection,409,23
2011-11,Collection,410,25
2011-11,Collection,411,45
2011-11,Collection,412,69
2011-11,Collection,413,52
2011-11,Collection,414,19
2011-11,Collection,501,122
2011-11,Collection,502,122
2011-11,Collection,503,146
2011-11,Sweeping,101,1
2011-11,Sweeping,102,3
2011-11,Sweeping,103,2
2011-11,Sweeping,104,1
2011-11,Sweeping,106,1
2011-11,Sweeping,107,7
2011-11,Sweeping,108,5
2011-11,Sweeping,109,4
2011-11,Sweeping,110,1
2011-11,Sweeping,111,3
2011-11,Sweeping,112,2
2011-11,Sweeping,201,1
2011-11,Sweeping,203,1
2011-11,Sweeping,204,1
2011-11,Sweeping,206,3
2011-11,Sweeping,207,3
2011-11,Sweeping,209,7
2011-11,Sweeping,211,7
2011-11,Sweeping,212,14
2011-11,Sweeping,301,8
2011-11,Sweeping,302,15
2011-11,Sweeping,303,26
2011-11,Sweeping,304,12
2011-11,Sweeping,305,13
2011-11,Sweeping,306,15
2011-11,Sweeping,307,5
2011-11,Sweeping,308,13
2011-11,Sweeping,309,16
2011-11,Sweeping,310,30
2011-11,Sweeping,311,32
2011-11,Sweeping,312,17
2011-11,Sweeping,313,1
2011-11,Sweeping,314,14
2011-11,Sweeping,315,20
2011-11,Sweeping,316,5
2011-11,Sweeping,317,27
2011-11,Sweeping,318,17
2011-11,Sweeping,401,20
2011-11,Sweeping,402,25
2011-11,Sweeping,403,26
2011-11,Sweeping,404,11
2011-11,Sweeping,405,15
2011-11,Sweeping,406,12
2011-11,Sweeping,407,7
2011-11,Sweeping,408,14
2011-11,Sweeping,409,1
2011-11,Sweeping,412,2
2011-12,Basket,102,14
2011-12,Basket,103,4
2011-12,Basket,104,3
2011-12,Basket,105,3
2011-12,Basket,106,1
2011-12,Basket,107,7
2011-12,Basket,109,4
2011-12,Basket,110,2
2011-12,Basket,111,3
2011-12,Basket,112,9
2011-12,Basket,201,3
2011-12,Basket,203,1
2011-12,Basket,204,1
2011-12,Basket,205,1
2011-12,Basket,206,1
2011-12,Basket,207,2
2011-12,Basket,208,5
2011-12,Basket,209,1
2011-12,Basket,210,1
2011-12,Basket,211,1
2011-12,Basket,212,4
2011-12,Basket,301,5
2011-12,Basket,302,5
2011-12,Basket,303,3
2011-12,Basket,304,2
2011-12,Basket,305,1
2011-12,Basket,306,4
2011-12,Basket,307,6
2011-12,Basket,308,7
2011-12,Basket,311,2
2011-12,Basket,312,8
2011-12,Basket,313,1
2011-12,Basket,314,5
2011-12,Basket,315,7
2011-12,Basket,316,4
2011-12,Basket,317,4
2011-12,Basket,318,5
2011-12,Basket,401,5
2011-12,Basket,402,3
2011-12,Basket,403,7
2011-12,Basket,404,1
2011-12,Basket,405,5
2011-12,Basket,406,4
2011-12,Basket,407,3
2011-12,Basket,408,2
2011-12,Basket,409,2
2011-12,Basket,410,3
2011-12,Basket,411,5
2011-12,Basket,412,2
2011-12,Basket,413,3
2011-12,Basket,414,4
2011-12,Basket,501,7
2011-12,Basket,502,1
2011-12,Basket,503,3
2011-12,Basket,595,2
2011-12,Collection,101,11
2011-12,Collection,102,17
2011-12,Collection,103,17
2011-12,Collection,104,16
2011-12,Collection,105,8
2011-12,Collection,106,8
2011-12,Collection,107,16
2011-12,Collection,108,8
2011-12,Collection,109,2
2011-12,Collection,110,16
2011-12,Collection,111,5
2011-12,Collection,112,10
2011-12,Collection,201,6
2011-12,Collection,202,3
2011-12,Collection,203,13
2011-12,Collection,204,10
2011-12,Collection,205,3
2011-12,Collection,206,8
2011-12,Collection,207,11
2011-12,Collection,208,21
2011-12,Collection,209,7
2011-12,Collection,210,23
2011-12,Collection,211,14
2011-12,Collection,212,50
2011-12,Collection,301,51
2011-12,Collection,302,30
2011-12,Collection,303,26
2011-12,Collection,304,21
2011-12,Collection,305,29
2011-12,Collection,306,29
2011-12,Collection,307,7
2011-12,Collection,308,14
2011-12,Collection,309,8
2011-12,Collection,310,21
2011-12,Collection,311,50
2011-12,Collection,312,45
2011-12,Collection,313,16
2011-12,Collection,314,33
2011-12,Collection,315,53
2011-12,Collection,316,6
2011-12,Collection,317,29
2011-12,Collection,318,41
2011-12,Collection,355,1
2011-12,Collection,401,45
2011-12,Collection,402,7
2011-12,Collection,403,14
2011-12,Collection,404,23
2011-12,Collection,405,54
2011-12,Collection,406,27
2011-12,Collection,407,96
2011-12,Collection,408,55
2011-12,Collection,409,21
2011-12,Collection,410,24
2011-12,Collection,411,36
2011-12,Collection,412,68
2011-12,Collection,413,64
2011-12,Collection,414,25
2011-12,Collection,501,160
2011-12,Collection,502,117
2011-12,Collection,503,138
2011-12,Sweeping,102,5
2011-12,Sweeping,103,3
2011-12,Sweeping,106,1
2011-12,Sweeping,107,5
2011-12,Sweeping,108,3
2011-12,Sweeping,110,1
2011-12,Sweeping,112,3
2011-12,Sweeping,201,2
2011-12,Sweeping,203,1
2011-12,Sweeping,207,3
2011-12,Sweeping,208,2
2011-12,Sweeping,209,1
2011-12,Sweeping,210,3
2011-12,Sweeping,211,1
2011-12,Sweeping,301,1
2011-12,Sweeping,302,12
2011-12,Sweeping,303,5
2011-12,Sweeping,304,7
2011-12,Sweeping,305,5
2011-12,Sweeping,306,8
2011-12,Sweeping,307,4
2011-12,Sweeping,309,2
2011-12,Sweeping,310,16
2011-12,Sweeping,311,11
2011-12,Sweeping,312,12
2011-12,Sweeping,314,13
2011-12,Sweeping,315,7
2011-12,Sweeping,316,2
2011-12,Sweeping,317,12
2011-12,Sweeping,318,4
2011-12,Sweeping,401,6
2011-12,Sweeping,402,5
2011-12,Sweeping,403,18
2011-12,Sweeping,404,2
2011-12,Sweeping,405,5
2011-12,Sweeping,406,2
2011-12,Sweeping,407,3
2011-12,Sweeping,408,4
2011-12,Sweeping,409,2
2011-12,Sweeping,412,1
2012-01,Basket,101,1
2012-01,Basket,102,17
2012-01,Basket,103,8
2012-01,Basket,104,4
2012-01,Basket,105,2
2012-01,Basket,106,4
2012-01,Basket,107,4
2012-01,Basket,108,5
2012-01,Basket,109,5
2012-01,Basket,110,4
2012-01,Basket,111,4
2012-01,Basket,112,3
2012-01,Basket,164,1
2012-01,Basket,202,1
2012-01,Basket,203,4
2012-01,Basket,205,1
2012-01,Basket,207,2
2012-01,Basket,208,3
2012-01,Basket,210,4
2012-01,Basket,211,1
2012-01,Basket,212,1
2012-01,Basket,226,1
2012-01,Basket,301,7
2012-01,Basket,302,6
2012-01,Basket,303,2
2012-01,Basket,304,2
2012-01,Basket,305,3
2012-01,Basket,306,3
2012-01,Basket,307,1
2012-01,Basket,308,2
2012-01,Basket,310,2
2012-01,Basket,311,1
2012-01,Basket,312,2
2012-01,Basket,313,3
2012-01,Basket,314,2
2012-01,Basket,315,1
2012-01,Basket,316,2
2012-01,Basket,317,1
2012-01,Basket,318,3
2012-01,Basket,355,2
2012-01,Basket,401,8
2012-01,Basket,402,3
2012-01,Basket,403,5
2012-01,Basket,404,1
2012-01,Basket,405,6
2012-01,Basket,406,1
2012-01,Basket,407,10
2012-01,Basket,408,2
2012-01,Basket,409,4
2012-01,Basket,411,4
2012-01,Basket,412,5
2012-01,Basket,413,3
2012-01,Basket,414,5
2012-01,Basket,501,8
2012-01,Basket,502,2
2012-01,Basket,503,4
2012-01,Basket,595,1
2012-01,Collection,101,7
2012-01,Collection,102,19
2012-01,Collection,103,10
2012-01,Collection,104,19
2012-01,Collection,105,4
2012-01,Collection,106,16
2012-01,Collection,107,26
2012-01,Collection,108,18
2012-01,Collection,109,2
2012-01,Collection,110,21
2012-01,Collection,111,8
2012-01,Collection,112,7
2012-01,Collection,201,8
2012-01,Collection,202,3
2012-01,Collection,203,20
2012-01,Collection,204,5
2012-01,Collection,205,4
2012-01,Collection,206,7
2012-01,Collection,207,6
2012-01,Collection,208,8
2012-01,Collection,209,8
2012-01,Collection,210,28
2012-01,Collection,211,16
2012-01,Collection,212,28
2012-01,Collection,226,1
2012-01,Collection,301,46
2012-01,Collection,302,23
2012-01,Collection,303,23
2012-01,Collection,304,22
2012-01,Collection,305,28
2012-01,Collection,306,34
2012-01,Collection,307,5
2012-01,Collection,308,19
2012-01,Collection,309,5
2012-01,Collection,310,16
2012-01,Collection,311,46
2012-01,Collection,312,41
2012-01,Collection,313,9
2012-01,Collection,314,25
2012-01,Collection,315,49
2012-01,Collection,316,4
2012-01,Collection,317,17
2012-01,Collection,318,17
2012-01,Collection,401,49
2012-01,Collection,402,10
2012-01,Collection,403,26
2012-01,Collection,404,15
2012-01,Collection,405,48
2012-01,Collection,406,22
2012-01,Collection,407,145
2012-01,Collection,408,53
2012-01,Collection,409,36
2012-01,Collection,410,20
2012-01,Collection,411,49
2012-01,Collection,412,74
2012-01,Collection,413,38
2012-01,Collection,414,23
2012-01,Collection,501,136
2012-01,Collection,502,120
2012-01,Collection,503,117
2012-01,Sweeping,102,1
2012-01,Sweeping,103,1
2012-01,Sweeping,108,3
2012-01,Sweeping,109,2
2012-01,Sweeping,110,1
2012-01,Sweeping,111,1
2012-01,Sweeping,112,1
2012-01,Sweeping,203,1
2012-01,Sweeping,212,2
2012-01,Sweeping,301,1
2012-01,Sweeping,302,1
2012-01,Sweeping,303,1
2012-01,Sweeping,305,5
2012-01,Sweeping,306,3
2012-01,Sweeping,309,1
2012-01,Sweeping,310,1
2012-01,Sweeping,311,8
2012-01,Sweeping,312,2
2012-01,Sweeping,313,1
2012-01,Sweeping,314,2
2012-01,Sweeping,317,3
2012-01,Sweeping,318,1
2012-01,Sweeping,402,1
2012-01,Sweeping,403,6
2012-01,Sweeping,405,3
2012-01,Sweeping,406,1
2012-01,Sweeping,408,1
2012-01,Sweeping,409,2
2012-01,Sweeping,411,1
2012-01,Sweeping,412,2
2012-02,Basket,102,8
2012-02,Basket,103,12
2012-02,Basket,104,7
2012-02,Basket,105,2
2012-02,Basket,106,3
2012-02,Basket,107,1
2012-02,Basket,108,1
2012-02,Basket,109,3
2012-02,Basket,110,4
2012-02,Basket,111,2
2012-02,Basket,112,11
2012-02,Basket,201,1
2012-02,Basket,203,2
2012-02,Basket,204,1
2012-02,Basket,206,2
2012-02,Basket,207,2
2012-02,Basket,208,5
2012-02,Basket,209,3
2012-02,Basket,210,3
2012-02,Basket,211,3
2012-02,Basket,212,1
2012-02,Basket,227,2
2012-02,Basket,301,10
2012-02,Basket,302,5
2012-02,Basket,303,3
2012-02,Basket,305,1
2012-02,Basket,306,2
2012-02,Basket,307,8
2012-02,Basket,308,6
2012-02,Basket,310,4
2012-02,Basket,311,8
2012-02,Basket,312,1
2012-02,Basket,313,1
2012-02,Basket,314,5
2012-02,Basket,315,3
2012-02,Basket,316,1
2012-02,Basket,317,3
2012-02,Basket,318,4
2012-02,Basket,401,6
2012-02,Basket,402,3
2012-02,Basket,403,1
2012-02,Basket,405,5
2012-02,Basket,406,2
2012-02,Basket,407,5
2012-02,Basket,408,1
2012-02,Basket,409,5
2012-02,Basket,410,4
2012-02,Basket,411,4
2012-02,Basket,412,7
2012-02,Basket,413,3
2012-02,Basket,414,4
2012-02,Basket,501,14
2012-02,Basket,502,4
2012-02,Basket,503,7
2012-02,Collection,101,2
2012-02,Collection,102,21
2012-02,Collection,103,13
2012-02,Collection,104,9
2012-02,Collection,105,2
2012-02,Collection,106,11
2012-02,Collection,107,15
2012-02,Collection,108,28
2012-02,Collection,109,5
2012-02,Collection,110,13
2012-02,Collection,111,4
2012-02,Collection,112,14
2012-02,Collection,201,4
2012-02,Collection,202,13
2012-02,Collection,203,17
2012-02,Collection,204,7
2012-02,Collection,205,5
2012-02,Collection,206,7
2012-02,Collection,207,4
2012-02,Collection,208,7
2012-02,Collection,209,6
2012-02,Collection,210,11
2012-02,Collection,211,13
2012-02,Collection,212,22
2012-02,Collection,301,31
2012-02,Collection,302,17
2012-02,Collection,303,16
2012-02,Collection,304,13
2012-02,Collection,305,15
2012-02,Collection,306,16
2012-02,Collection,307,3
2012-02,Collection,308,15
2012-02,Collection,309,11
2012-02,Collection,310,20
2012-02,Collection,311,39
2012-02,Collection,312,41
2012-02,Collection,313,9
2012-02,Collection,314,26
2012-02,Collection,315,32
2012-02,Collection,316,5
2012-02,Collection,317,10
2012-02,Collection,318,28
2012-02,Collection,401,24
2012-02,Collection,402,4
2012-02,Collection,403,13
2012-02,Collection,404,17
2012-02,Collection,405,40
2012-02,Collection,406,11
2012-02,Collection,407,74
2012-02,Collection,408,54
2012-02,Collection,409,22
2012-02,Collection,410,26
2012-02,Collection,411,40
2012-02,Collection,412,52
2012-02,Collection,413,40
2012-02,Collection,414,18
2012-02,Collection,501,116
2012-02,Collection,502,82
2012-02,Collection,503,97
2012-02,Sweeping,102,1
2012-02,Sweeping,107,2
2012-02,Sweeping,201,1
2012-02,Sweeping,204,1
2012-02,Sweeping,207,1
2012-02,Sweeping,209,1
2012-02,Sweeping,211,2
2012-02,Sweeping,212,1
2012-02,Sweeping,301,3
2012-02,Sweeping,302,1
2012-02,Sweeping,305,3
2012-02,Sweeping,306,1
2012-02,Sweeping,308,1
2012-02,Sweeping,311,5
2012-02,Sweeping,312,3
2012-02,Sweeping,314,3
2012-02,Sweeping,317,3
2012-02,Sweeping,318,2
2012-02,Sweeping,401,2
2012-02,Sweeping,403,1
2012-02,Sweeping,405,2
2012-02,Sweeping,406,2
2012-02,Sweeping,407,7
2012-02,Sweeping,408,1
2012-02,Sweeping,409,1
2012-02,Sweeping,412,2
2012-02,Sweeping,414,1
2012-03,Basket,101,1
2012-03,Basket,102,9
2012-03,Basket,103,6
2012-03,Basket,104,21
2012-03,Basket,105,2
2012-03,Basket,106,8
2012-03,Basket,107,6
2012-03,Basket,108,11
2012-03,Basket,109,2
2012-03,Basket,110,2
2012-03,Basket,111,5
2012-03,Basket,112,9
2012-03,Basket,201,1
2012-03,Basket,202,1
2012-03,Basket,204,4
2012-03,Basket,205,2
2012-03,Basket,208,3
2012-03,Basket,209,1
2012-03,Basket,211,3
2012-03,Basket,212,1
2012-03,Basket,301,17
2012-03,Basket,302,8
2012-03,Basket,303,4
2012-03,Basket,304,3
2012-03,Basket,305,4
2012-03,Basket,306,3
2012-03,Basket,308,2
2012-03,Basket,309,2
2012-03,Basket,310,2
2012-03,Basket,311,1
2012-03,Basket,312,6
2012-03,Basket,313,2
2012-03,Basket,314,2
2012-03,Basket,315,2
2012-03,Basket,316,3
2012-03,Basket,317,3
2012-03,Basket,318,2
2012-03,Basket,401,6
2012-03,Basket,402,2
2012-03,Basket,403,4
2012-03,Basket,404,1
2012-03,Basket,405,3
2012-03,Basket,406,1
2012-03,Basket,407,4
2012-03,Basket,409,1
2012-03,Basket,410,1
2012-03,Basket,412,3
2012-03,Basket,413,2
2012-03,Basket,414,1
2012-03,Basket,501,7
2012-03,Basket,502,3
2012-03,Basket,503,8
2012-03,Collection,101,6
2012-03,Collection,102,15
2012-03,Collection,103,8
2012-03,Collection,104,10
2012-03,Collection,105,5
2012-03,Collection,106,14
2012-03,Collection,107,10
2012-03,Collection,108,12
2012-03,Collection,109,2
2012-03,Collection,110,11
2012-03,Collection,111,6
2012-03,Collection,112,8
2012-03,Collection,201,4
2012-03,Collection,202,7
2012-03,Collection,203,10
2012-03,Collection,204,5
2012-03,Collection,205,2
2012-03,Collection,206,6
2012-03,Collection,207,12
2012-03,Collection,208,12
2012-03,Collection,209,6
2012-03,Collection,210,14
2012-03,Collection,211,3
2012-03,Collection,212,18
2012-03,Collection,301,47
2012-03,Collection,302,13
2012-03,Collection,303,30
2012-03,Collection,304,6
2012-03,Collection,305,21
2012-03,Collection,306,18
2012-03,Collection,307,5
2012-03,Collection,308,12
2012-03,Collection,309,6
2012-03,Collection,310,7
2012-03,Collection,311,15
2012-03,Collection,312,37
2012-03,Collection,313,3
2012-03,Collection,314,10
2012-03,Collection,315,30
2012-03,Collection,316,6
2012-03,Collection,317,21
2012-03,Collection,318,27
2012-03,Collection,401,20
2012-03,Collection,402,14
2012-03,Collection,403,12
2012-03,Collection,404,20
2012-03,Collection,405,44
2012-03,Collection,406,20
2012-03,Collection,407,100
2012-03,Collection,408,45
2012-03,Collection,409,16
2012-03,Collection,410,20
2012-03,Collection,411,60
2012-03,Collection,412,21
2012-03,Collection,413,42
2012-03,Collection,414,28
2012-03,Collection,501,145
2012-03,Collection,502,73
2012-03,Collection,503,120
2012-03,Sweeping,102,1
2012-03,Sweeping,103,2
2012-03,Sweeping,108,1
2012-03,Sweeping,109,1
2012-03,Sweeping,110,1
2012-03,Sweeping,209,1
2012-03,Sweeping,212,1
2012-03,Sweeping,302,2
2012-03,Sweeping,303,1
2012-03,Sweeping,304,2
2012-03,Sweeping,305,4
2012-03,Sweeping,309,2
2012-03,Sweeping,310,1
2012-03,Sweeping,311,4
2012-03,Sweeping,312,3
2012-03,Sweeping,314,4
2012-03,Sweeping,316,1
2012-03,Sweeping,317,7
2012-03,Sweeping,318,5
2012-03,Sweeping,401,3
2012-03,Sweeping,403,4
2012-03,Sweeping,404,1
2012-03,Sweeping,406,1
2012-03,Sweeping,407,1
2012-03,Sweeping,408,1
2012-03,Sweeping,411,1
2012-03,Sweeping,412,1
2012-03,Sweeping,414,1
2012-04,Basket,102,5
2012-04,Basket,103,4
2012-04,Basket,104,4
2012-04,Basket,105,3
2012-04,Basket,106,4
2012-04,Basket,107,5
2012-04,Basket,108,4
2012-04,Basket,109,2
2012-04,Basket,110,2
2012-04,Basket,111,4
2012-04,Basket,112,9
2012-04,Basket,203,1
2012-04,Basket,205,3
2012-04,Basket,206,4
2012-04,Basket,207,2
2012-04,Basket,208,6
2012-04,Basket,209,2
2012-04,Basket,210,3
2012-04,Basket,211,1
2012-04,Basket,212,2
2012-04,Basket,301,15
2012-04,Basket,302,13
2012-04,Basket,303,10
2012-04,Basket,304,3
2012-04,Basket,305,4
2012-04,Basket,306,1
2012-04,Basket,307,4
2012-04,Basket,308,2
2012-04,Basket,309,3
2012-04,Basket,310,2
2012-04,Basket,311,3
2012-04,Basket,312,12
2012-04,Basket,314,7
2012-04,Basket,315,3
2012-04,Basket,316,3
2012-04,Basket,317,6
2012-04,Basket,318,5
2012-04,Basket,355,1
2012-04,Basket,401,8
2012-04,Basket,402,4
2012-04,Basket,403,1
2012-04,Basket,405,5
2012-04,Basket,406,3
2012-04,Basket,408,4
2012-04,Basket,409,2
2012-04,Basket,410,4
2012-04,Basket,411,2
2012-04,Basket,412,7
2012-04,Basket,413,2
2012-04,Basket,414,2
2012-04,Basket,501,10
2012-04,Basket,502,4
2012-04,Basket,503,7
2012-04,Collection,101,4
2012-04,Collection,102,12
2012-04,Collection,103,8
2012-04,Collection,104,11
2012-04,Collection,105,9
2012-04,Collection,106,10
2012-04,Collection,107,4
2012-04,Collection,108,9
2012-04,Collection,109,6
2012-04,Collection,110,11
2012-04,Collection,111,2
2012-04,Collection,112,2
2012-04,Collection,164,1
2012-04,Collection,201,3
2012-04,Collection,202,3
2012-04,Collection,203,2
2012-04,Collection,204,5
2012-04,Collection,205,2
2012-04,Collection,206,13
2012-04,Collection,207,4
2012-04,Collection,208,11
2012-04,Collection,209,9
2012-04,Collection,210,11
2012-04,Collection,211,11
2012-04,Collection,212,10
2012-04,Collection,226,1
2012-04,Collection,301,48
2012-04,Collection,302,13
2012-04,Collection,303,17
2012-04,Collection,304,14
2012-04,Collection,305,19
2012-04,Collection,306,17
2012-04,Collection,307,2
2012-04,Collection,308,10
2012-04,Collection,309,6
2012-04,Collection,310,13
2012-04,Collection,311,21
2012-04,Collection,312,29
2012-04,Collection,313,4
2012-04,Collection,314,18
2012-04,Collection,315,31
2012-04,Collection,316,6
2012-04,Collection,317,27
2012-04,Collection,318,27
2012-04,Collection,401,35
2012-04,Collection,402,6
2012-04,Collection,403,9
2012-04,Collection,404,15
2012-04,Collection,405,35
2012-04,Collection,406,18
2012-04,Collection,407,86
2012-04,Collection,408,47
2012-04,Collection,409,18
2012-04,Collection,410,29
2012-04,Collection,411,35
2012-04,Collection,412,23
2012-04,Collection,413,29
2012-04,Collection,414,14
2012-04,Collection,501,129
2012-04,Collection,502,59
2012-04,Collection,503,87
2012-04,Sweeping,101,1
2012-04,Sweeping,102,1
2012-04,Sweeping,103,4
2012-04,Sweeping,104,1
2012-04,Sweeping,108,3
2012-04,Sweeping,210,2
2012-04,Sweeping,211,1
2012-04,Sweeping,212,1
2012-04,Sweeping,301,2
2012-04,Sweeping,302,1
2012-04,Sweeping,303,3
2012-04,Sweeping,305,6
2012-04,Sweeping,306,2
2012-04,Sweeping,308,1
2012-04,Sweeping,309,1
2012-04,Sweeping,311,4
2012-04,Sweeping,312,1
2012-04,Sweeping,314,1
2012-04,Sweeping,316,1
2012-04,Sweeping,317,6
2012-04,Sweeping,318,5
2012-04,Sweeping,401,2
2012-04,Sweeping,404,1
2012-04,Sweeping,405,1
2012-04,Sweeping,407,2
2012-04,Sweeping,408,1
2012-04,Sweeping,409,1
2012-04,Sweeping,411,1
2012-05,Basket,101,2
2012-05,Basket,102,7
2012-05,Basket,103,6
2012-05,Basket,104,7
2012-05,Basket,105,1
2012-05,Basket,106,10
2012-05,Basket,107,6
2012-05,Basket,108,7
2012-05,Basket,109,4
2012-05,Basket,110,8
2012-05,Basket,111,7
2012-05,Basket,112,14
2012-05,Basket,201,4
2012-05,Basket,203,2
2012-05,Basket,204,3
2012-05,Basket,205,1
2012-05,Basket,207,3
2012-05,Basket,208,2
2012-05,Basket,209,3
2012-05,Basket,210,4
2012-05,Basket,211,5
2012-05,Basket,212,4
2012-05,Basket,301,8
2012-05,Basket,302,8
2012-05,Basket,303,5
2012-05,Basket,304,3
2012-05,Basket,305,5
2012-05,Basket,306,4
2012-05,Basket,307,3
2012-05,Basket,308,12
2012-05,Basket,309,6
2012-05,Basket,310,1
2012-05,Basket,311,3
2012-05,Basket,312,5
2012-05,Basket,313,2
2012-05,Basket,314,9
2012-05,Basket,315,11
2012-05,Basket,316,4
2012-05,Basket,317,11
2012-05,Basket,318,6
2012-05,Basket,355,2
2012-05,Basket,401,8
2012-05,Basket,402,7
2012-05,Basket,403,6
2012-05,Basket,404,4
2012-05,Basket,405,5
2012-05,Basket,406,8
2012-05,Basket,407,2
2012-05,Basket,408,5
2012-05,Basket,409,3
2012-05,Basket,410,4
2012-05,Basket,411,1
2012-05,Basket,412,9
2012-05,Basket,413,7
2012-05,Basket,414,4
2012-05,Basket,501,14
2012-05,Basket,502,12
2012-05,Basket,503,4
2012-05,Collection,101,6
2012-05,Collection,102,19
2012-05,Collection,103,12
2012-05,Collection,104,10
2012-05,Collection,105,1
2012-05,Collection,106,8
2012-05,Collection,107,9
2012-05,Collection,108,11
2012-05,Collection,109,3
2012-05,Collection,110,13
2012-05,Collection,112,10
2012-05,Collection,201,2
2012-05,Collection,202,4
2012-05,Collection,203,2
2012-05,Collection,204,5
2012-05,Collection,205,3
2012-05,Collection,206,4
2012-05,Collection,207,6
2012-05,Collection,208,6
2012-05,Collection,209,5
2012-05,Collection,210,17
2012-05,Collection,211,7
2012-05,Collection,212,18
2012-05,Collection,301,51
2012-05,Collection,302,22
2012-05,Collection,303,32
2012-05,Collection,304,7
2012-05,Collection,305,17
2012-05,Collection,306,21
2012-05,Collection,307,6
2012-05,Collection,308,11
2012-05,Collection,309,5
2012-05,Collection,310,13
2012-05,Collection,311,25
2012-05,Collection,312,38
2012-05,Collection,313,11
2012-05,Collection,314,15
2012-05,Collection,315,33
2012-05,Collection,316,15
2012-05,Collection,317,25
2012-05,Collection,318,31
2012-05,Collection,401,24
2012-05,Collection,402,10
2012-05,Collection,403,7
2012-05,Collection,404,11
2012-05,Collection,405,29
2012-05,Collection,406,10
2012-05,Collection,407,99
2012-05,Collection,408,54
2012-05,Collection,409,31
2012-05,Collection,410,23
2012-05,Collection,411,33
2012-05,Collection,412,20
2012-05,Collection,413,31
2012-05,Collection,414,19
2012-05,Collection,501,107
2012-05,Collection,502,81
2012-05,Collection,503,80
2012-05,Sweeping,102,1
2012-05,Sweeping,108,1
2012-05,Sweeping,110,2
2012-05,Sweeping,111,1
2012-05,Sweeping,112,1
2012-05,Sweeping,208,1
2012-05,Sweeping,212,1
2012-05,Sweeping,301,8
2012-05,Sweeping,303,3
2012-05,Sweeping,304,1
2012-05,Sweeping,305,3
2012-05,Sweeping,306,2
2012-05,Sweeping,307,10
2012-05,Sweeping,308,1
2012-05,Sweeping,310,8
2012-05,Sweeping,311,12
2012-05,Sweeping,312,6
2012-05,Sweeping,313,1
2012-05,Sweeping,314,3
2012-05,Sweeping,315,3
2012-05,Sweeping,316,1
2012-05,Sweeping,317,5
2012-05,Sweeping,318,9
2012-05,Sweeping,401,5
2012-05,Sweeping,402,2
2012-05,Sweeping,403,2
2012-05,Sweeping,405,2
2012-05,Sweeping,406,2
2012-05,Sweeping,407,3
2012-05,Sweeping,409,1
2012-05,Sweeping,411,1
2012-05,Sweeping,412,3
2012-05,Sweeping,414,1
2012-06,Basket,101,1
2012-06,Basket,102,16
2012-06,Basket,103,13
2012-06,Basket,104,9
2012-06,Basket,105,10
2012-06,Basket,106,14
2012-06,Basket,107,8
2012-06,Basket,108,9
2012-06,Basket,109,1
2012-06,Basket,110,5
2012-06,Basket,111,7
2012-06,Basket,112,12
2012-06,Basket,201,2
2012-06,Basket,202,1
2012-06,Basket,203,3
2012-06,Basket,204,1
2012-06,Basket,206,2
2012-06,Basket,207,7
2012-06,Basket,208,5
2012-06,Basket,209,4
2012-06,Basket,210,4
2012-06,Basket,211,6
2012-06,Basket,212,2
2012-06,Basket,301,13
2012-06,Basket,302,7
2012-06,Basket,303,10
2012-06,Basket,304,3
2012-06,Basket,305,1
2012-06,Basket,306,10
2012-06,Basket,307,7
2012-06,Basket,308,9
2012-06,Basket,309,6
2012-06,Basket,310,2
2012-06,Basket,311,8
2012-06,Basket,312,7
2012-06,Basket,313,4
2012-06,Basket,314,6
2012-06,Basket,315,13
2012-06,Basket,316,2
2012-06,Basket,317,7
2012-06,Basket,318,12
2012-06,Basket,356,1
2012-06,Basket,401,6
2012-06,Basket,402,4
2012-06,Basket,403,9
2012-06,Basket,404,4
2012-06,Basket,405,21
2012-06,Basket,406,13
2012-06,Basket,407,3
2012-06,Basket,408,6
2012-06,Basket,409,10
2012-06,Basket,410,2
2012-06,Basket,411,6
2012-06,Basket,412,6
2012-06,Basket,413,7
2012-06,Basket,414,4
2012-06,Basket,501,17
2012-06,Basket,502,5
2012-06,Basket,503,4
2012-06,Collection,101,5
2012-06,Collection,102,25
2012-06,Collection,103,6
2012-06,Collection,104,17
2012-06,Collection,105,7
2012-06,Collection,106,9
2012-06,Collection,107,14
2012-06,Collection,108,16
2012-06,Collection,109,2
2012-06,Collection,110,21
2012-06,Collection,111,4
2012-06,Collection,112,6
2012-06,Collection,201,6
2012-06,Collection,202,5
2012-06,Collection,203,4
2012-06,Collection,204,3
2012-06,Collection,205,1
2012-06,Collection,206,4
2012-06,Collection,207,5
2012-06,Collection,208,2
2012-06,Collection,209,17
2012-06,Collection,210,18
2012-06,Collection,211,7
2012-06,Collection,212,33
2012-06,Collection,301,64
2012-06,Collection,302,44
2012-06,Collection,303,30
2012-06,Collection,304,12
2012-06,Collection,305,13
2012-06,Collection,306,25
2012-06,Collection,307,1
2012-06,Collection,308,14
2012-06,Collection,309,2
2012-06,Collection,310,16
2012-06,Collection,311,24
2012-06,Collection,312,35
2012-06,Collection,313,3
2012-06,Collection,314,22
2012-06,Collection,315,23
2012-06,Collection,316,7
2012-06,Collection,317,41
2012-06,Collection,318,52
2012-06,Collection,401,43
2012-06,Collection,402,12
2012-06,Collection,403,20
2012-06,Collection,404,24
2012-06,Collection,405,51
2012-06,Collection,406,21
2012-06,Collection,407,91
2012-06,Collection,408,65
2012-06,Collection,409,25
2012-06,Collection,410,39
2012-06,Collection,411,44
2012-06,Collection,412,32
2012-06,Collection,413,49
2012-06,Collection,414,20
2012-06,Collection,501,120
2012-06,Collection,502,121
2012-06,Collection,503,89
2012-06,Sweeping,103,3
2012-06,Sweeping,104,1
2012-06,Sweeping,106,1
2012-06,Sweeping,107,3
2012-06,Sweeping,108,2
2012-06,Sweeping,109,2
2012-06,Sweeping,110,1
2012-06,Sweeping,111,3
2012-06,Sweeping,112,2
2012-06,Sweeping,207,2
2012-06,Sweeping,208,1
2012-06,Sweeping,209,1
2012-06,Sweeping,211,3
2012-06,Sweeping,212,2
2012-06,Sweeping,301,7
2012-06,Sweeping,302,3
2012-06,Sweeping,303,3
2012-06,Sweeping,304,1
2012-06,Sweeping,305,2
2012-06,Sweeping,306,4
2012-06,Sweeping,307,4
2012-06,Sweeping,308,2
2012-06,Sweeping,309,1
2012-06,Sweeping,310,2
2012-06,Sweeping,311,6
2012-06,Sweeping,312,4
2012-06,Sweeping,313,1
2012-06,Sweeping,314,5
2012-06,Sweeping,315,3
2012-06,Sweeping,316,2
2012-06,Sweeping,317,9
2012-06,Sweeping,318,9
2012-06,Sweeping,401,9
2012-06,Sweeping,402,1
2012-06,Sweeping,403,1
2012-06,Sweeping,405,7
2012-06,Sweeping,407,2
2012-06,Sweeping,408,2
2012-06,Sweeping,409,2
2012-06,Sweeping,412,4
2012-06,Sweeping,501,1
2012-06,Sweeping,503,1
2012-07,Basket,101,3
2012-07,Basket,102,7
2012-07,Basket,103,10
2012-07,Basket,104,10
2012-07,Basket,105,5
2012-07,Basket,106,15
2012-07,Basket,107,3
2012-07,Basket,108,4
2012-07,Basket,109,2
2012-07,Basket,110,8
2012-07,Basket,111,7
2012-07,Basket,112,22
2012-07,Basket,201,2
2012-07,Basket,202,1
2012-07,Basket,203,3
2012-07,Basket,204,3
2012-07,Basket,205,4
2012-07,Basket,206,1
2012-07,Basket,207,4
2012-07,Basket,208,18
2012-07,Basket,209,7
2012-07,Basket,210,6
2012-07,Basket,211,1
2012-07,Basket,212,9
2012-07,Basket,301,34
2012-07,Basket,302,15
2012-07,Basket,303,17
2012-07,Basket,304,7
2012-07,Basket,305,1
2012-07,Basket,306,8
2012-07,Basket,307,2
2012-07,Basket,308,12
2012-07,Basket,309,3
2012-07,Basket,310,4
2012-07,Basket,311,4
2012-07,Basket,312,8
2012-07,Basket,313,2
2012-07,Basket,314,9
2012-07,Basket,315,7
2012-07,Basket,316,6
2012-07,Basket,317,7
2012-07,Basket,318,5
2012-07,Basket,355,3
2012-07,Basket,401,2
2012-07,Basket,402,11
2012-07,Basket,403,13
2012-07,Basket,404,4
2012-07,Basket,405,15
2012-07,Basket,406,14
2012-07,Basket,407,5
2012-07,Basket,408,5
2012-07,Basket,409,8
2012-07,Basket,410,7
2012-07,Basket,411,3
2012-07,Basket,412,11
2012-07,Basket,413,13
2012-07,Basket,414,4
2012-07,Basket,501,19
2012-07,Basket,502,7
2012-07,Basket,503,7
2012-07,Collection,101,5
2012-07,Collection,102,21
2012-07,Collection,103,8
2012-07,Collection,104,15
2012-07,Collection,105,4
2012-07,Collection,106,18
2012-07,Collection,107,16
2012-07,Collection,108,4
2012-07,Collection,109,3
2012-07,Collection,110,21
2012-07,Collection,111,8
2012-07,Collection,112,8
2012-07,Collection,201,3
2012-07,Collection,202,3
2012-07,Collection,203,4
2012-07,Collection,204,7
2012-07,Collection,205,4
2012-07,Collection,206,6
2012-07,Collection,207,4
2012-07,Collection,208,3
2012-07,Collection,209,10
2012-07,Collection,210,14
2012-07,Collection,211,10
2012-07,Collection,212,18
2012-07,Collection,226,1
2012-07,Collection,301,53
2012-07,Collection,302,24
2012-07,Collection,303,29
2012-07,Collection,304,5
2012-07,Collection,305,29
2012-07,Collection,306,30
2012-07,Collection,307,5
2012-07,Collection,308,18
2012-07,Collection,309,2
2012-07,Collection,310,10
2012-07,Collection,311,28
2012-07,Collection,312,31
2012-07,Collection,313,8
2012-07,Collection,314,18
2012-07,Collection,315,22
2012-07,Collection,316,8
2012-07,Collection,317,21
2012-07,Collection,318,52
2012-07,Collection,401,30
2012-07,Collection,402,16
2012-07,Collection,403,21
2012-07,Collection,404,15
2012-07,Collection,405,59
2012-07,Collection,406,20
2012-07,Collection,407,82
2012-07,Collection,408,42
2012-07,Collection,409,24
2012-07,Collection,410,29
2012-07,Collection,411,34
2012-07,Collection,412,39
2012-07,Collection,413,50
2012-07,Collection,414,19
2012-07,Collection,501,112
2012-07,Collection,502,76
2012-07,Collection,503,80
2012-07,Sweeping,103,1
2012-07,Sweeping,106,1
2012-07,Sweeping,107,1
2012-07,Sweeping,108,3
2012-07,Sweeping,109,1
2012-07,Sweeping,110,1
2012-07,Sweeping,111,3
2012-07,Sweeping,201,1
2012-07,Sweeping,204,2
2012-07,Sweeping,205,1
2012-07,Sweeping,207,1
2012-07,Sweeping,210,2
2012-07,Sweeping,211,1
2012-07,Sweeping,212,3
2012-07,Sweeping,301,3
2012-07,Sweeping,302,2
2012-07,Sweeping,303,8
2012-07,Sweeping,304,4
2012-07,Sweeping,305,5
2012-07,Sweeping,306,6
2012-07,Sweeping,307,8
2012-07,Sweeping,308,5
2012-07,Sweeping,309,2
2012-07,Sweeping,310,5
2012-07,Sweeping,311,12
2012-07,Sweeping,312,3
2012-07,Sweeping,313,4
2012-07,Sweeping,314,5
2012-07,Sweeping,315,3
2012-07,Sweeping,316,4
2012-07,Sweeping,317,19
2012-07,Sweeping,318,16
2012-07,Sweeping,355,1
2012-07,Sweeping,401,5
2012-07,Sweeping,402,2
2012-07,Sweeping,403,5
2012-07,Sweeping,405,6
2012-07,Sweeping,406,1
2012-07,Sweeping,407,1
2012-07,Sweeping,408,2
2012-07,Sweeping,412,3
2012-07,Sweeping,414,2
2012-08,Basket,101,1
2012-08,Basket,102,4
2012-08,Basket,103,10
2012-08,Basket,104,9
2012-08,Basket,105,4
2012-08,Basket,106,16
2012-08,Basket,107,7
2012-08,Basket,108,5
2012-08,Basket,109,3
2012-08,Basket,110,5
2012-08,Basket,111,1
2012-08,Basket,112,15
2012-08,Basket,164,1
2012-08,Basket,201,3
2012-08,Basket,202,7
2012-08,Basket,203,1
2012-08,Basket,204,8
2012-08,Basket,205,6
2012-08,Basket,206,5
2012-08,Basket,207,2
2012-08,Basket,208,27
2012-08,Basket,209,1
2012-08,Basket,210,5
2012-08,Basket,211,2
2012-08,Basket,212,3
2012-08,Basket,227,1
2012-08,Basket,301,11
2012-08,Basket,302,12
2012-08,Basket,303,14
2012-08,Basket,304,3
2012-08,Basket,305,4
2012-08,Basket,306,8
2012-08,Basket,307,9
2012-08,Basket,308,9
2012-08,Basket,309,2
2012-08,Basket,310,1
2012-08,Basket,311,12
2012-08,Basket,312,4
2012-08,Basket,313,3
2012-08,Basket,314,15
2012-08,Basket,315,12
2012-08,Basket,316,1
2012-08,Basket,317,4
2012-08,Basket,318,10
2012-08,Basket,355,1
2012-08,Basket,401,12
2012-08,Basket,402,5
2012-08,Basket,403,7
2012-08,Basket,404,5
2012-08,Basket,405,5
2012-08,Basket,406,5
2012-08,Basket,407,4
2012-08,Basket,408,6
2012-08,Basket,409,11
2012-08,Basket,410,5
2012-08,Basket,411,5
2012-08,Basket,412,13
2012-08,Basket,413,12
2012-08,Basket,414,1
2012-08,Basket,501,16
2012-08,Basket,502,16
2012-08,Basket,503,6
2012-08,Basket,595,1
2012-08,Collection,101,8
2012-08,Collection,102,13
2012-08,Collection,103,2
2012-08,Collection,104,12
2012-08,Collection,105,4
2012-08,Collection,106,12
2012-08,Collection,107,8
2012-08,Collection,108,10
2012-08,Collection,109,1
2012-08,Collection,110,15
2012-08,Collection,111,4
2012-08,Collection,112,8
2012-08,Collection,201,8
2012-08,Collection,202,5
2012-08,Collection,203,5
2012-08,Collection,204,6
2012-08,Collection,205,2
2012-08,Collection,206,4
2012-08,Collection,207,4
2012-08,Collection,208,8
2012-08,Collection,209,15
2012-08,Collection,210,17
2012-08,Collection,211,8
2012-08,Collection,212,19
2012-08,Collection,301,57
2012-08,Collection,302,20
2012-08,Collection,303,31
2012-08,Collection,304,15
2012-08,Collection,305,34
2012-08,Collection,306,23
2012-08,Collection,307,2
2012-08,Collection,308,14
2012-08,Collection,309,5
2012-08,Collection,310,18
2012-08,Collection,311,19
2012-08,Collection,312,30
2012-08,Collection,313,7
2012-08,Collection,314,8
2012-08,Collection,315,27
2012-08,Collection,316,15
2012-08,Collection,317,29
2012-08,Collection,318,46
2012-08,Collection,401,49
2012-08,Collection,402,17
2012-08,Collection,403,13
2012-08,Collection,404,14
2012-08,Collection,405,56
2012-08,Collection,406,23
2012-08,Collection,407,89
2012-08,Collection,408,43
2012-08,Collection,409,32
2012-08,Collection,410,25
2012-08,Collection,411,45
2012-08,Collection,412,22
2012-08,Collection,413,41
2012-08,Collection,414,21
2012-08,Collection,501,125
2012-08,Collection,502,95
2012-08,Collection,503,100
2012-08,Sweeping,103,1
2012-08,Sweeping,107,1
2012-08,Sweeping,108,2
2012-08,Sweeping,109,2
2012-08,Sweeping,110,1
2012-08,Sweeping,111,2
2012-08,Sweeping,205,1
2012-08,Sweeping,207,2
2012-08,Sweeping,208,1
2012-08,Sweeping,210,2
2012-08,Sweeping,211,2
2012-08,Sweeping,212,3
2012-08,Sweeping,301,3
2012-08,Sweeping,302,5
2012-08,Sweeping,303,5
2012-08,Sweeping,304,1
2012-08,Sweeping,305,5
2012-08,Sweeping,307,1
2012-08,Sweeping,308,1
2012-08,Sweeping,310,2
2012-08,Sweeping,311,9
2012-08,Sweeping,312,4
2012-08,Sweeping,313,5
2012-08,Sweeping,314,1
2012-08,Sweeping,315,1
2012-08,Sweeping,316,1
2012-08,Sweeping,317,6
2012-08,Sweeping,318,6
2012-08,Sweeping,401,5
2012-08,Sweeping,402,1
2012-08,Sweeping,403,2
2012-08,Sweeping,404,4
2012-08,Sweeping,405,5
2012-08,Sweeping,406,4
2012-08,Sweeping,407,2
2012-08,Sweeping,408,2
2012-08,Sweeping,595,1
2012-09,Basket,101,2
2012-09,Basket,102,13
2012-09,Basket,103,6
2012-09,Basket,104,5
2012-09,Basket,105,2
2012-09,Basket,106,9
2012-09,Basket,107,5
2012-09,Basket,108,8
2012-09,Basket,109,2
2012-09,Basket,110,8
2012-09,Basket,111,7
2012-09,Basket,112,17
2012-09,Basket,164,1
2012-09,Basket,201,1
2012-09,Basket,202,5
2012-09,Basket,203,1
2012-09,Basket,204,2
2012-09,Basket,205,2
2012-09,Basket,206,4
2012-09,Basket,207,1
2012-09,Basket,208,25
2012-09,Basket,209,1
2012-09,Basket,210,5
2012-09,Basket,211,3
2012-09,Basket,227,1
2012-09,Basket,301,9
2012-09,Basket,302,8
2012-09,Basket,303,6
2012-09,Basket,304,9
2012-09,Basket,305,2
2012-09,Basket,306,9
2012-09,Basket,307,3
2012-09,Basket,308,9
2012-09,Basket,309,1
2012-09,Basket,310,1
2012-09,Basket,311,2
2012-09,Basket,312,7
2012-09,Basket,313,3
2012-09,Basket,314,7
2012-09,Basket,315,11
2012-09,Basket,316,1
2012-09,Basket,317,3
2012-09,Basket,318,7
2012-09,Basket,401,6
2012-09,Basket,402,19
2012-09,Basket,403,4
2012-09,Basket,404,2
2012-09,Basket,405,7
2012-09,Basket,406,5
2012-09,Basket,407,6
2012-09,Basket,408,6
2012-09,Basket,409,5
2012-09,Basket,411,4
2012-09,Basket,412,9
2012-09,Basket,413,7
2012-09,Basket,414,3
2012-09,Basket,481,1
2012-09,Basket,501,18
2012-09,Basket,502,9
2012-09,Basket,503,16
2012-09,Collection,101,4
2012-09,Collection,102,20
2012-09,Collection,103,8
2012-09,Collection,104,22
2012-09,Collection,105,8
2012-09,Collection,106,13
2012-09,Collection,107,5
2012-09,Collection,108,19
2012-09,Collection,109,2
2012-09,Collection,110,16
2012-09,Collection,111,3
2012-09,Collection,112,6
2012-09,Collection,201,2
2012-09,Collection,203,1
2012-09,Collection,204,1
2012-09,Collection,205,4
2012-09,Collection,206,9
2012-09,Collection,207,3
2012-09,Collection,208,5
2012-09,Collection,209,7
2012-09,Collection,210,12
2012-09,Collection,211,7
2012-09,Collection,212,23
2012-09,Collection,301,39
2012-09,Collection,302,25
2012-09,Collection,303,27
2012-09,Collection,304,9
2012-09,Collection,305,21
2012-09,Collection,306,27
2012-09,Collection,307,7
2012-09,Collection,308,12
2012-09,Collection,309,8
2012-09,Collection,310,9
2012-09,Collection,311,22
2012-09,Collection,312,36
2012-09,Collection,313,2
2012-09,Collection,314,37
2012-09,Collection,315,27
2012-09,Collection,316,5
2012-09,Collection,317,36
2012-09,Collection,318,37
2012-09,Collection,401,48
2012-09,Collection,402,14
2012-09,Collection,403,8
2012-09,Collection,404,9
2012-09,Collection,405,49
2012-09,Collection,406,22
2012-09,Collection,407,102
2012-09,Collection,408,47
2012-09,Collection,409,34
2012-09,Collection,410,27
2012-09,Collection,411,28
2012-09,Collection,412,21
2012-09,Collection,413,37
2012-09,Collection,414,28
2012-09,Collection,501,66
2012-09,Collection,502,81
2012-09,Collection,503,72
2012-09,Sweeping,102,1
2012-09,Sweeping,104,3
2012-09,Sweeping,105,3
2012-09,Sweeping,107,2
2012-09,Sweeping,108,1
2012-09,Sweeping,111,3
2012-09,Sweeping,201,1
2012-09,Sweeping,203,2
2012-09,Sweeping,204,1
2012-09,Sweeping,207,1
2012-09,Sweeping,211,1
2012-09,Sweeping,212,2
2012-09,Sweeping,301,6
2012-09,Sweeping,302,2
2012-09,Sweeping,303,4
2012-09,Sweeping,306,2
2012-09,Sweeping,307,2
2012-09,Sweeping,308,3
2012-09,Sweeping,309,1
2012-09,Sweeping,310,6
2012-09,Sweeping,311,2
2012-09,Sweeping,312,2
2012-09,Sweeping,313,1
2012-09,Sweeping,314,2
2012-09,Sweeping,316,3
2012-09,Sweeping,317,1
2012-09,Sweeping,318,9
2012-09,Sweeping,355,1
2012-09,Sweeping,401,2
2012-09,Sweeping,402,3
2012-09,Sweeping,403,6
2012-09,Sweeping,405,1
2012-09,Sweeping,407,1
2012-09,Sweeping,408,2
2012-09,Sweeping,409,3
2012-09,Sweeping,412,1
2012-10,Basket,101,2
2012-10,Basket,102,14
2012-10,Basket,103,3
2012-10,Basket,104,6
2012-10,Basket,105,4
2012-10,Basket,106,6
2012-10,Basket,107,14
2012-10,Basket,108,12
2012-10,Basket,109,3
2012-10,Basket,110,2
2012-10,Basket,111,3
2012-10,Basket,112,13
2012-10,Basket,201,3
2012-10,Basket,204,3
2012-10,Basket,206,3
2012-10,Basket,207,6
2012-10,Basket,208,22
2012-10,Basket,209,4
2012-10,Basket,210,2
2012-10,Basket,211,2
2012-10,Basket,212,1
2012-10,Basket,301,4
2012-10,Basket,302,5
2012-10,Basket,303,3
2012-10,Basket,304,3
2012-10,Basket,305,3
2012-10,Basket,306,6
2012-10,Basket,307,2
2012-10,Basket,308,2
2012-10,Basket,309,1
2012-10,Basket,311,5
2012-10,Basket,312,3
2012-10,Basket,313,1
2012-10,Basket,314,12
2012-10,Basket,315,7
2012-10,Basket,316,3
2012-10,Basket,317,2
2012-10,Basket,318,4
2012-10,Basket,401,7
2012-10,Basket,402,4
2012-10,Basket,403,6
2012-10,Basket,405,5
2012-10,Basket,406,5
2012-10,Basket,407,3
2012-10,Basket,408,2
2012-10,Basket,409,8
2012-10,Basket,410,6
2012-10,Basket,411,6
2012-10,Basket,412,9
2012-10,Basket,413,6
2012-10,Basket,414,5
2012-10,Basket,501,13
2012-10,Basket,502,4
2012-10,Basket,503,9
2012-10,Basket,595,2
2012-10,Collection,101,7
2012-10,Collection,102,20
2012-10,Collection,103,7
2012-10,Collection,104,12
2012-10,Collection,105,15
2012-10,Collection,106,10
2012-10,Collection,107,12
2012-10,Collection,108,21
2012-10,Collection,109,2
2012-10,Collection,110,9
2012-10,Collection,111,2
2012-10,Collection,112,5
2012-10,Collection,201,4
2012-10,Collection,202,2
2012-10,Collection,203,4
2012-10,Collection,204,1
2012-10,Collection,206,4
2012-10,Collection,207,4
2012-10,Collection,208,9
2012-10,Collection,209,18
2012-10,Collection,210,14
2012-10,Collection,211,3
2012-10,Collection,212,21
2012-10,Collection,301,46
2012-10,Collection,302,22
2012-10,Collection,303,19
2012-10,Collection,304,10
2012-10,Collection,305,30
2012-10,Collection,306,25
2012-10,Collection,307,4
2012-10,Collection,308,7
2012-10,Collection,309,2
2012-10,Collection,310,12
2012-10,Collection,311,31
2012-10,Collection,312,33
2012-10,Collection,313,5
2012-10,Collection,314,21
2012-10,Collection,315,31
2012-10,Collection,316,5
2012-10,Collection,317,19
2012-10,Collection,318,32
2012-10,Collection,401,28
2012-10,Collection,402,11
2012-10,Collection,403,6
2012-10,Collection,404,15
2012-10,Collection,405,41
2012-10,Collection,406,22
2012-10,Collection,407,69
2012-10,Collection,408,32
2012-10,Collection,409,20
2012-10,Collection,410,20
2012-10,Collection,411,26
2012-10,Collection,412,49
2012-10,Collection,413,35
2012-10,Collection,414,20
2012-10,Collection,501,67
2012-10,Collection,502,54
2012-10,Collection,503,84
2012-10,Sweeping,102,1
2012-10,Sweeping,103,1
2012-10,Sweeping,107,2
2012-10,Sweeping,108,1
2012-10,Sweeping,109,2
2012-10,Sweeping,110,2
2012-10,Sweeping,111,3
2012-10,Sweeping,112,1
2012-10,Sweeping,164,2
2012-10,Sweeping,207,1
2012-10,Sweeping,210,1
2012-10,Sweeping,212,3
2012-10,Sweeping,301,6
2012-10,Sweeping,302,1
2012-10,Sweeping,303,8
2012-10,Sweeping,304,4
2012-10,Sweeping,305,2
2012-10,Sweeping,306,1
2012-10,Sweeping,307,2
2012-10,Sweeping,308,1
2012-10,Sweeping,309,5
2012-10,Sweeping,310,6
2012-10,Sweeping,311,10
2012-10,Sweeping,312,2
2012-10,Sweeping,313,4
2012-10,Sweeping,314,4
2012-10,Sweeping,315,7
2012-10,Sweeping,316,1
2012-10,Sweeping,317,6
2012-10,Sweeping,318,5
2012-10,Sweeping,355,1
2012-10,Sweeping,401,4
2012-10,Sweeping,403,4
2012-10,Sweeping,404,1
2012-10,Sweeping,405,14
2012-10,Sweeping,406,3
2012-10,Sweeping,407,5
2012-10,Sweeping,408,5
2012-10,Sweeping,409,2
2012-10,Sweeping,411,1
2012-10,Sweeping,412,1
2012-10,Sweeping,502,1
2012-11,Basket,101,1
2012-11,Basket,102,4
2012-11,Basket,103,4
2012-11,Basket,104,6
2012-11,Basket,105,2
2012-11,Basket,106,5
2012-11,Basket,107,2
2012-11,Basket,108,8
2012-11,Basket,111,4
2012-11,Basket,112,4
2012-11,Basket,164,1
2012-11,Basket,207,1
2012-11,Basket,208,2
2012-11,Basket,210,2
2012-11,Basket,211,2
2012-11,Basket,212,2
2012-11,Basket,301,7
2012-11,Basket,302,2
2012-11,Basket,303,4
2012-11,Basket,304,6
2012-11,Basket,305,1
2012-11,Basket,306,5
2012-11,Basket,307,1
2012-11,Basket,308,2
2012-11,Basket,309,1
2012-11,Basket,311,1
2012-11,Basket,312,2
2012-11,Basket,313,3
2012-11,Basket,314,3
2012-11,Basket,315,1
2012-11,Basket,317,2
2012-11,Basket,318,3
2012-11,Basket,355,1
2012-11,Basket,401,2
2012-11,Basket,402,1
2012-11,Basket,403,1
2012-11,Basket,405,6
2012-11,Basket,406,1
2012-11,Basket,407,6
2012-11,Basket,408,1
2012-11,Basket,411,1
2012-11,Basket,412,3
2012-11,Basket,413,3
2012-11,Basket,414,2
2012-11,Basket,501,4
2012-11,Basket,502,4
2012-11,Basket,503,4
2012-11,Collection,104,2
2012-11,Collection,106,3
2012-11,Collection,107,2
2012-11,Collection,108,1
2012-11,Collection,111,3
2012-11,Collection,201,2
2012-11,Collection,210,3
2012-11,Collection,211,2
2012-11,Collection,212,1
2012-11,Collection,301,1
2012-11,Collection,303,1
2012-11,Collection,304,1
2012-11,Collection,307,1
2012-11,Collection,308,1
2012-11,Collection,313,3
2012-11,Collection,314,2
2012-11,Collection,315,1
2012-11,Collection,318,4
2012-11,Collection,401,2
2012-11,Collection,405,4
2012-11,Collection,406,2
2012-11,Collection,407,3
2012-11,Collection,409,2
2012-11,Collection,411,1
2012-11,Collection,413,4
2012-11,Collection,414,1
2012-11,Collection,501,6
2012-11,Collection,502,1
2012-11,Collection,503,2
2012-11,Sweeping,101,1
2012-11,Sweeping,102,2
2012-11,Sweeping,103,2
2012-11,Sweeping,104,4
2012-11,Sweeping,107,3
2012-11,Sweeping,108,1
2012-11,Sweeping,109,1
2012-11,Sweeping,110,1
2012-11,Sweeping,111,1
2012-11,Sweeping,112,1
2012-11,Sweeping,203,1
2012-11,Sweeping,207,3
2012-11,Sweeping,208,1
2012-11,Sweeping,209,1
2012-11,Sweeping,210,4
2012-11,Sweeping,211,6
2012-11,Sweeping,212,6
2012-11,Sweeping,301,5
2012-11,Sweeping,302,3
2012-11,Sweeping,303,9
2012-11,Sweeping,304,4
2012-11,Sweeping,305,5
2012-11,Sweeping,306,7
2012-11,Sweeping,307,7
2012-11,Sweeping,308,3
2012-11,Sweeping,309,2
2012-11,Sweeping,310,12
2012-11,Sweeping,311,11
2012-11,Sweeping,312,25
2012-11,Sweeping,313,1
2012-11,Sweeping,314,6
2012-11,Sweeping,315,1
2012-11,Sweeping,316,1
2012-11,Sweeping,317,2
2012-11,Sweeping,401,8
2012-11,Sweeping,402,1
2012-11,Sweeping,403,2
2012-11,Sweeping,404,3
2012-11,Sweeping,405,5
2012-11,Sweeping,406,5
2012-11,Sweeping,408,2
2012-11,Sweeping,414,3
2012-11,Sweeping,480,1
2012-11,Sweeping,502,2
2012-11,Sweeping,503,2
2012-12,Basket,101,1
2012-12,Basket,102,2
2012-12,Basket,103,3
2012-12,Basket,105,4
2012-12,Basket,106,4
2012-12,Basket,107,5
2012-12,Basket,109,2
2012-12,Basket,110,2
2012-12,Basket,111,6
2012-12,Basket,112,4
2012-12,Basket,164,2
2012-12,Basket,202,1
2012-12,Basket,206,1
2012-12,Basket,207,2
2012-12,Basket,208,1
2012-12,Basket,209,2
2012-12,Basket,210,1
2012-12,Basket,212,5
2012-12,Basket,301,2
2012-12,Basket,302,7
2012-12,Basket,303,5
2012-12,Basket,304,1
2012-12,Basket,305,4
2012-12,Basket,306,4
2012-12,Basket,307,1
2012-12,Basket,308,6
2012-12,Basket,309,2
2012-12,Basket,311,5
2012-12,Basket,312,5
2012-12,Basket,313,1
2012-12,Basket,314,2
2012-12,Basket,315,3
2012-12,Basket,316,3
2012-12,Basket,317,2
2012-12,Basket,318,1
2012-12,Basket,355,1
2012-12,Basket,401,5
2012-12,Basket,402,1
2012-12,Basket,404,3
2012-12,Basket,405,3
2012-12,Basket,406,1
2012-12,Basket,407,2
2012-12,Basket,408,4
2012-12,Basket,410,4
2012-12,Basket,411,2
2012-12,Basket,412,4
2012-12,Basket,413,1
2012-12,Basket,414,3
2012-12,Basket,501,9
2012-12,Basket,502,2
2012-12,Basket,503,2
2012-12,Collection,101,2
2012-12,Collection,102,1
2012-12,Collection,106,3
2012-12,Collection,107,2
2012-12,Collection,108,1
2012-12,Collection,109,1
2012-12,Collection,110,1
2012-12,Collection,201,1
2012-12,Collection,302,1
2012-12,Collection,306,2
2012-12,Collection,312,2
2012-12,Collection,314,1
2012-12,Collection,401,6
2012-12,Collection,403,1
2012-12,Collection,406,2
2012-12,Collection,408,1
2012-12,Collection,412,1
2012-12,Collection,414,1
2012-12,Collection,501,1
2012-12,Collection,502,1
2012-12,Sweeping,102,1
2012-12,Sweeping,103,4
2012-12,Sweeping,104,1
2012-12,Sweeping,107,9
2012-12,Sweeping,108,7
2012-12,Sweeping,109,1
2012-12,Sweeping,111,2
2012-12,Sweeping,112,1
2012-12,Sweeping,164,1
2012-12,Sweeping,204,1
2012-12,Sweeping,209,1
2012-12,Sweeping,212,2
2012-12,Sweeping,301,3
2012-12,Sweeping,302,3
2012-12,Sweeping,303,3
2012-12,Sweeping,304,1
2012-12,Sweeping,305,2
2012-12,Sweeping,306,5
2012-12,Sweeping,307,1
2012-12,Sweeping,309,1
2012-12,Sweeping,310,6
2012-12,Sweeping,311,8
2012-12,Sweeping,312,19
2012-12,Sweeping,313,1
2012-12,Sweeping,314,13
2012-12,Sweeping,315,7
2012-12,Sweeping,317,5
2012-12,Sweeping,318,7
2012-12,Sweeping,401,4
2012-12,Sweeping,403,2
2012-12,Sweeping,405,4
2012-12,Sweeping,406,1
2012-12,Sweeping,407,2
2012-12,Sweeping,408,5
2012-12,Sweeping,409,5
2012-12,Sweeping,412,1
2012-12,Sweeping,413,1
2012-12,Sweeping,414,7
2012-12,Sweeping,502,2
2013-01,Basket,101,1
2013-01,Basket,102,4
2013-01,Basket,103,6
2013-01,Basket,104,3
2013-01,Basket,105,5
2013-01,Basket,106,4
2013-01,Basket,107,7
2013-01,Basket,108,4
2013-01,Basket,109,2
2013-01,Basket,110,4
2013-01,Basket,111,3
2013-01,Basket,112,4
2013-01,Basket,201,1
2013-01,Basket,203,4
2013-01,Basket,206,1
2013-01,Basket,207,2
2013-01,Basket,210,1
2013-01,Basket,211,4
2013-01,Basket,212,4
2013-01,Basket,301,5
2013-01,Basket,302,2
2013-01,Basket,303,7
2013-01,Basket,304,3
2013-01,Basket,306,10
2013-01,Basket,307,4
2013-01,Basket,308,1
2013-01,Basket,309,3
2013-01,Basket,310,2
2013-01,Basket,311,12
2013-01,Basket,312,3
2013-01,Basket,313,2
2013-01,Basket,314,6
2013-01,Basket,315,6
2013-01,Basket,316,2
2013-01,Basket,317,4
2013-01,Basket,318,6
2013-01,Basket,401,9
2013-01,Basket,402,4
2013-01,Basket,403,8
2013-01,Basket,404,1
2013-01,Basket,405,4
2013-01,Basket,406,3
2013-01,Basket,407,3
2013-01,Basket,408,3
2013-01,Basket,409,2
2013-01,Basket,410,3
2013-01,Basket,411,4
2013-01,Basket,412,3
2013-01,Basket,413,1
2013-01,Basket,414,6
2013-01,Basket,501,20
2013-01,Basket,502,5
2013-01,Basket,503,5
2013-01,Collection,101,10
2013-01,Collection,102,15
2013-01,Collection,103,9
2013-01,Collection,104,10
2013-01,Collection,105,5
2013-01,Collection,106,16
2013-01,Collection,107,18
2013-01,Collection,108,14
2013-01,Collection,109,4
2013-01,Collection,110,25
2013-01,Collection,111,9
2013-01,Collection,112,9
2013-01,Collection,201,3
2013-01,Collection,202,5
2013-01,Collection,203,12
2013-01,Collection,204,4
2013-01,Collection,205,1
2013-01,Collection,206,9
2013-01,Collection,207,5
2013-01,Collection,208,7
2013-01,Collection,209,12
2013-01,Collection,210,20
2013-01,Collection,211,14
2013-01,Collection,212,33
2013-01,Collection,301,50
2013-01,Collection,302,13
2013-01,Collection,303,50
2013-01,Collection,304,17
2013-01,Collection,305,39
2013-01,Collection,306,22
2013-01,Collection,307,12
2013-01,Collection,308,13
2013-01,Collection,309,10
2013-01,Collection,310,21
2013-01,Collection,311,41
2013-01,Collection,312,32
2013-01,Collection,313,29
2013-01,Collection,314,29
2013-01,Collection,315,34
2013-01,Collection,316,11
2013-01,Collection,317,43
2013-01,Collection,318,50
2013-01,Collection,401,32
2013-01,Collection,402,5
2013-01,Collection,403,26
2013-01,Collection,404,15
2013-01,Collection,405,62
2013-01,Collection,406,26
2013-01,Collection,407,92
2013-01,Collection,408,54
2013-01,Collection,409,15
2013-01,Collection,410,44
2013-01,Collection,411,52
2013-01,Collection,412,58
2013-01,Collection,413,55
2013-01,Collection,414,71
2013-01,Collection,501,166
2013-01,Collection,502,115
2013-01,Collection,503,143
2013-01,Sweeping,104,3
2013-01,Sweeping,107,3
2013-01,Sweeping,111,1
2013-01,Sweeping,209,1
2013-01,Sweeping,210,1
2013-01,Sweeping,301,3
2013-01,Sweeping,302,1
2013-01,Sweeping,305,2
2013-01,Sweeping,306,1
2013-01,Sweeping,308,1
2013-01,Sweeping,309,1
2013-01,Sweeping,310,1
2013-01,Sweeping,311,2
2013-01,Sweeping,312,2
2013-01,Sweeping,313,8
2013-01,Sweeping,314,3
2013-01,Sweeping,315,5
2013-01,Sweeping,316,1
2013-01,Sweeping,317,2
2013-01,Sweeping,318,8
2013-01,Sweeping,401,3
2013-01,Sweeping,402,4
2013-01,Sweeping,403,2
2013-01,Sweeping,405,1
2013-01,Sweeping,413,1
2013-01,Sweeping,414,1
2013-02,Basket,101,2
2013-02,Basket,102,5
2013-02,Basket,103,7
2013-02,Basket,104,1
2013-02,Basket,105,2
2013-02,Basket,106,7
2013-02,Basket,107,4
2013-02,Basket,108,3
2013-02,Basket,109,4
2013-02,Basket,111,1
2013-02,Basket,112,3
2013-02,Basket,164,1
2013-02,Basket,201,1
2013-02,Basket,202,1
2013-02,Basket,203,1
2013-02,Basket,205,1
2013-02,Basket,206,1
2013-02,Basket,207,2
2013-02,Basket,208,5
2013-02,Basket,209,2
2013-02,Basket,211,3
2013-02,Basket,212,1
2013-02,Basket,301,5
2013-02,Basket,302,2
2013-02,Basket,303,2
2013-02,Basket,304,2
2013-02,Basket,305,1
2013-02,Basket,306,2
2013-02,Basket,307,2
2013-02,Basket,308,3
2013-02,Basket,309,3
2013-02,Basket,311,1
2013-02,Basket,312,1
2013-02,Basket,313,1
2013-02,Basket,315,1
2013-02,Basket,316,1
2013-02,Basket,317,2
2013-02,Basket,401,2
2013-02,Basket,402,8
2013-02,Basket,403,2
2013-02,Basket,404,2
2013-02,Basket,405,5
2013-02,Basket,407,1
2013-02,Basket,409,1
2013-02,Basket,411,2
2013-02,Basket,413,2
2013-02,Basket,414,2
2013-02,Basket,501,6
2013-02,Basket,502,5
2013-02,Basket,503,2
2013-02,Collection,101,9
2013-02,Collection,102,9
2013-02,Collection,103,5
2013-02,Collection,104,3
2013-02,Collection,105,3
2013-02,Collection,106,5
2013-02,Collection,107,13
2013-02,Collection,108,9
2013-02,Collection,109,1
2013-02,Collection,110,4
2013-02,Collection,111,3
2013-02,Collection,112,4
2013-02,Collection,201,3
2013-02,Collection,202,2
2013-02,Collection,203,4
2013-02,Collection,204,1
2013-02,Collection,205,2
2013-02,Collection,206,8
2013-02,Collection,207,3
2013-02,Collection,208,2
2013-02,Collection,209,10
2013-02,Collection,210,19
2013-02,Collection,211,5
2013-02,Collection,212,17
2013-02,Collection,301,40
2013-02,Collection,302,9
2013-02,Collection,303,10
2013-02,Collection,304,16
2013-02,Collection,305,16
2013-02,Collection,306,9
2013-02,Collection,307,2
2013-02,Collection,308,2
2013-02,Collection,309,3
2013-02,Collection,310,3
2013-02,Collection,311,16
2013-02,Collection,312,12
2013-02,Collection,313,15
2013-02,Collection,314,14
2013-02,Collection,315,23
2013-02,Collection,316,2
2013-02,Collection,317,9
2013-02,Collection,318,12
2013-02,Collection,401,17
2013-02,Collection,402,5
2013-02,Collection,403,14
2013-02,Collection,404,4
2013-02,Collection,405,33
2013-02,Collection,406,9
2013-02,Collection,407,50
2013-02,Collection,408,20
2013-02,Collection,409,13
2013-02,Collection,410,27
2013-02,Collection,411,21
2013-02,Collection,412,28
2013-02,Collection,413,16
2013-02,Collection,414,38
2013-02,Collection,501,86
2013-02,Collection,502,107
2013-02,Collection,503,113
2013-02,Sweeping,107,3
2013-02,Sweeping,110,2
2013-02,Sweeping,201,1
2013-02,Sweeping,207,2
2013-02,Sweeping,210,1
2013-02,Sweeping,305,2
2013-02,Sweeping,306,2
2013-02,Sweeping,309,1
2013-02,Sweeping,311,4
2013-02,Sweeping,312,1
2013-02,Sweeping,313,2
2013-02,Sweeping,314,1
2013-02,Sweeping,315,1
2013-02,Sweeping,318,1
2013-02,Sweeping,402,1
2013-02,Sweeping,403,2
2013-02,Sweeping,404,1
2013-02,Sweeping,405,2
2013-02,Sweeping,406,1
2013-02,Sweeping,407,1
2013-02,Sweeping,408,1
2013-02,Sweeping,409,1
2013-02,Sweeping,412,1
2013-02,Sweeping,414,1
2013-03,Basket,102,12
2013-03,Basket,103,12
2013-03,Basket,104,2
2013-03,Basket,105,2
2013-03,Basket,106,2
2013-03,Basket,107,6
2013-03,Basket,108,1
2013-03,Basket,109,2
2013-03,Basket,110,3
2013-03,Basket,112,7
2013-03,Basket,164,3
2013-03,Basket,201,1
2013-03,Basket,204,1
2013-03,Basket,206,1
2013-03,Basket,208,4
2013-03,Basket,210,4
2013-03,Basket,211,3
2013-03,Basket,212,4
2013-03,Basket,301,7
2013-03,Basket,302,6
2013-03,Basket,303,11
2013-03,Basket,304,2
2013-03,Basket,305,4
2013-03,Basket,306,5
2013-03,Basket,307,3
2013-03,Basket,309,1
2013-03,Basket,310,3
2013-03,Basket,311,2
2013-03,Basket,312,1
2013-03,Basket,314,5
2013-03,Basket,315,1
2013-03,Basket,316,3
2013-03,Basket,317,7
2013-03,Basket,318,5
2013-03,Basket,355,1
2013-03,Basket,401,5
2013-03,Basket,402,3
2013-03,Basket,403,3
2013-03,Basket,404,2
2013-03,Basket,406,1
2013-03,Basket,407,5
2013-03,Basket,408,3
2013-03,Basket,409,2
2013-03,Basket,410,5
2013-03,Basket,411,1
2013-03,Basket,412,6
2013-03,Basket,413,1
2013-03,Basket,414,8
2013-03,Basket,501,14
2013-03,Basket,502,5
2013-03,Basket,503,5
2013-03,Collection,101,6
2013-03,Collection,102,20
2013-03,Collection,103,5
2013-03,Collection,104,12
2013-03,Collection,105,3
2013-03,Collection,106,13
2013-03,Collection,107,23
2013-03,Collection,108,6
2013-03,Collection,109,3
2013-03,Collection,110,20
2013-03,Collection,111,7
2013-03,Collection,112,4
2013-03,Collection,201,2
2013-03,Collection,202,5
2013-03,Collection,203,4
2013-03,Collection,204,3
2013-03,Collection,206,9
2013-03,Collection,207,4
2013-03,Collection,208,9
2013-03,Collection,209,5
2013-03,Collection,210,6
2013-03,Collection,211,12
2013-03,Collection,212,19
2013-03,Collection,301,30
2013-03,Collection,302,9
2013-03,Collection,303,37
2013-03,Collection,304,18
2013-03,Collection,305,23
2013-03,Collection,306,23
2013-03,Collection,307,6
2013-03,Collection,308,12
2013-03,Collection,309,4
2013-03,Collection,310,11
2013-03,Collection,311,35
2013-03,Collection,312,35
2013-03,Collection,313,30
2013-03,Collection,314,24
2013-03,Collection,315,56
2013-03,Collection,316,10
2013-03,Collection,317,23
2013-03,Collection,318,53
2013-03,Collection,401,25
2013-03,Collection,402,5
2013-03,Collection,403,11
2013-03,Collection,404,12
2013-03,Collection,405,58
2013-03,Collection,406,18
2013-03,Collection,407,82
2013-03,Collection,408,57
2013-03,Collection,409,12
2013-03,Collection,410,35
2013-03,Collection,411,51
2013-03,Collection,412,50
2013-03,Collection,413,34
2013-03,Collection,414,51
2013-03,Collection,484,1
2013-03,Collection,501,163
2013-03,Collection,502,142
2013-03,Collection,503,104
2013-03,Sweeping,102,1
2013-03,Sweeping,104,1
2013-03,Sweeping,107,2
2013-03,Sweeping,110,1
2013-03,Sweeping,111,1
2013-03,Sweeping,164,1
2013-03,Sweeping,206,1
2013-03,Sweeping,209,1
2013-03,Sweeping,301,5
2013-03,Sweeping,303,2
2013-03,Sweeping,304,1
2013-03,Sweeping,306,2
2013-03,Sweeping,308,1
2013-03,Sweeping,311,2
2013-03,Sweeping,312,3
2013-03,Sweeping,313,7
2013-03,Sweeping,314,3
2013-03,Sweeping,315,1
2013-03,Sweeping,317,5
2013-03,Sweeping,318,3
2013-03,Sweeping,402,1
2013-03,Sweeping,404,1
2013-03,Sweeping,406,1
2013-03,Sweeping,407,2
2013-03,Sweeping,408,1
2013-03,Sweeping,409,3
2013-03,Sweeping,412,1
2013-03,Sweeping,413,1
2013-03,Sweeping,414,4
2013-03,Sweeping,502,1
2013-04,Basket,102,12
2013-04,Basket,103,9
2013-04,Basket,104,6
2013-04,Basket,106,5
2013-04,Basket,107,10
2013-04,Basket,108,9
2013-04,Basket,109,2
2013-04,Basket,110,5
2013-04,Basket,111,3
2013-04,Basket,112,5
2013-04,Basket,164,2
2013-04,Basket,201,1
2013-04,Basket,202,1
2013-04,Basket,203,3
2013-04,Basket,204,2
2013-04,Basket,205,1
2013-04,Basket,206,2
2013-04,Basket,207,2
2013-04,Basket,209,1
2013-04,Basket,210,1
2013-04,Basket,211,3
2013-04,Basket,212,2
2013-04,Basket,227,1
2013-04,Basket,301,7
2013-04,Basket,302,6
2013-04,Basket,303,8
2013-04,Basket,304,6
2013-04,Basket,305,4
2013-04,Basket,306,10
2013-04,Basket,307,2
2013-04,Basket,308,3
2013-04,Basket,311,4
2013-04,Basket,312,3
2013-04,Basket,313,2
2013-04,Basket,314,5
2013-04,Basket,315,1
2013-04,Basket,316,1
2013-04,Basket,317,6
2013-04,Basket,318,3
2013-04,Basket,355,1
2013-04,Basket,401,3
2013-04,Basket,402,2
2013-04,Basket,403,4
2013-04,Basket,404,2
2013-04,Basket,405,4
2013-04,Basket,406,3
2013-04,Basket,407,3
2013-04,Basket,408,4
2013-04,Basket,409,5
2013-04,Basket,410,2
2013-04,Basket,411,2
2013-04,Basket,412,3
2013-04,Basket,413,4
2013-04,Basket,414,3
2013-04,Basket,501,13
2013-04,Basket,502,6
2013-04,Basket,503,6
2013-04,Collection,101,8
2013-04,Collection,102,31
2013-04,Collection,103,6
2013-04,Collection,104,6
2013-04,Collection,105,3
2013-04,Collection,106,8
2013-04,Collection,107,9
2013-04,Collection,108,11
2013-04,Collection,109,1
2013-04,Collection,110,9
2013-04,Collection,111,3
2013-04,Collection,112,1
2013-04,Collection,201,7
2013-04,Collection,202,2
2013-04,Collection,203,6
2013-04,Collection,204,2
2013-04,Collection,206,4
2013-04,Collection,207,2
2013-04,Collection,208,9
2013-04,Collection,209,5
2013-04,Collection,210,12
2013-04,Collection,211,7
2013-04,Collection,212,17
2013-04,Collection,301,47
2013-04,Collection,302,10
2013-04,Collection,303,27
2013-04,Collection,304,16
2013-04,Collection,305,16
2013-04,Collection,306,18
2013-04,Collection,307,3
2013-04,Collection,308,6
2013-04,Collection,309,2
2013-04,Collection,310,10
2013-04,Collection,311,20
2013-04,Collection,312,43
2013-04,Collection,313,33
2013-04,Collection,314,15
2013-04,Collection,315,55
2013-04,Collection,316,5
2013-04,Collection,317,15
2013-04,Collection,318,48
2013-04,Collection,401,19
2013-04,Collection,402,9
2013-04,Collection,403,11
2013-04,Collection,404,9
2013-04,Collection,405,32
2013-04,Collection,406,8
2013-04,Collection,407,64
2013-04,Collection,408,32
2013-04,Collection,409,14
2013-04,Collection,410,21
2013-04,Collection,411,50
2013-04,Collection,412,54
2013-04,Collection,413,41
2013-04,Collection,414,54
2013-04,Collection,501,124
2013-04,Collection,502,159
2013-04,Collection,503,110
2013-04,Sweeping,101,1
2013-04,Sweeping,102,2
2013-04,Sweeping,105,2
2013-04,Sweeping,107,1
2013-04,Sweeping,108,3
2013-04,Sweeping,110,1
2013-04,Sweeping,111,1
2013-04,Sweeping,112,4
2013-04,Sweeping,202,4
2013-04,Sweeping,204,1
2013-04,Sweeping,207,1
2013-04,Sweeping,211,1
2013-04,Sweeping,212,1
2013-04,Sweeping,301,5
2013-04,Sweeping,302,5
2013-04,Sweeping,303,1
2013-04,Sweeping,304,1
2013-04,Sweeping,305,2
2013-04,Sweeping,306,1
2013-04,Sweeping,309,1
2013-04,Sweeping,310,3
2013-04,Sweeping,311,7
2013-04,Sweeping,312,3
2013-04,Sweeping,313,5
2013-04,Sweeping,314,8
2013-04,Sweeping,315,1
2013-04,Sweeping,317,7
2013-04,Sweeping,318,1
2013-04,Sweeping,401,3
2013-04,Sweeping,402,2
2013-04,Sweeping,403,3
2013-04,Sweeping,405,3
2013-04,Sweeping,408,2
2013-04,Sweeping,409,1
2013-04,Sweeping,412,3
2013-04,Sweeping,413,1
2013-04,Sweeping,414,10
2013-04,Sweeping,502,1
2013-05,Basket,102,16
2013-05,Basket,103,8
2013-05,Basket,104,6
2013-05,Basket,105,3
2013-05,Basket,106,9
2013-05,Basket,107,9
2013-05,Basket,109,4
2013-05,Basket,110,3
2013-05,Basket,111,9
2013-05,Basket,112,3
2013-05,Basket,204,3
2013-05,Basket,207,1
2013-05,Basket,208,2
2013-05,Basket,209,4
2013-05,Basket,211,3
2013-05,Basket,212,4
2013-05,Basket,301,6
2013-05,Basket,302,10
2013-05,Basket,303,6
2013-05,Basket,304,9
2013-05,Basket,305,9
2013-05,Basket,306,11
2013-05,Basket,307,11
2013-05,Basket,308,7
2013-05,Basket,309,1
2013-05,Basket,310,1
2013-05,Basket,311,5
2013-05,Basket,312,9
2013-05,Basket,314,7
2013-05,Basket,315,8
2013-05,Basket,316,2
2013-05,Basket,317,12
2013-05,Basket,318,3
2013-05,Basket,355,2
2013-05,Basket,401,5
2013-05,Basket,402,2
2013-05,Basket,403,2
2013-05,Basket,404,2
2013-05,Basket,405,9
2013-05,Basket,406,4
2013-05,Basket,407,3
2013-05,Basket,408,3
2013-05,Basket,409,11
2013-05,Basket,410,7
2013-05,Basket,411,7
2013-05,Basket,412,9
2013-05,Basket,413,9
2013-05,Basket,414,4
2013-05,Basket,501,25
2013-05,Basket,502,7
2013-05,Basket,503,4
2013-05,Collection,101,4
2013-05,Collection,102,25
2013-05,Collection,103,8
2013-05,Collection,104,11
2013-05,Collection,105,4
2013-05,Collection,106,12
2013-05,Collection,107,8
2013-05,Collection,108,10
2013-05,Collection,109,2
2013-05,Collection,110,21
2013-05,Collection,111,3
2013-05,Collection,112,2
2013-05,Collection,201,5
2013-05,Collection,202,5
2013-05,Collection,203,4
2013-05,Collection,205,1
2013-05,Collection,206,4
2013-05,Collection,207,4
2013-05,Collection,208,9
2013-05,Collection,209,2
2013-05,Collection,210,9
2013-05,Collection,211,4
2013-05,Collection,212,15
2013-05,Collection,301,36
2013-05,Collection,302,21
2013-05,Collection,303,27
2013-05,Collection,304,9
2013-05,Collection,305,18
2013-05,Collection,306,20
2013-05,Collection,307,6
2013-05,Collection,308,5
2013-05,Collection,309,6
2013-05,Collection,310,20
2013-05,Collection,311,35
2013-05,Collection,312,25
2013-05,Collection,313,18
2013-05,Collection,314,13
2013-05,Collection,315,45
2013-05,Collection,316,7
2013-05,Collection,317,36
2013-05,Collection,318,63
2013-05,Collection,401,26
2013-05,Collection,402,8
2013-05,Collection,403,7
2013-05,Collection,404,8
2013-05,Collection,405,33
2013-05,Collection,406,8
2013-05,Collection,407,73
2013-05,Collection,408,67
2013-05,Collection,409,16
2013-05,Collection,410,36
2013-05,Collection,411,36
2013-05,Collection,412,45
2013-05,Collection,413,27
2013-05,Collection,414,31
2013-05,Collection,501,113
2013-05,Collection,502,125
2013-05,Collection,503,129
2013-05,Sweeping,102,2
2013-05,Sweeping,103,2
2013-05,Sweeping,104,1
2013-05,Sweeping,106,1
2013-05,Sweeping,107,1
2013-05,Sweeping,108,2
2013-05,Sweeping,110,3
2013-05,Sweeping,112,3
2013-05,Sweeping,201,3
2013-05,Sweeping,209,1
2013-05,Sweeping,210,1
2013-05,Sweeping,211,2
2013-05,Sweeping,212,2
2013-05,Sweeping,301,5
2013-05,Sweeping,302,3
2013-05,Sweeping,303,4
2013-05,Sweeping,304,1
2013-05,Sweeping,305,5
2013-05,Sweeping,306,4
2013-05,Sweeping,308,3
2013-05,Sweeping,309,2
2013-05,Sweeping,310,3
2013-05,Sweeping,311,7
2013-05,Sweeping,312,5
2013-05,Sweeping,313,2
2013-05,Sweeping,314,6
2013-05,Sweeping,315,5
2013-05,Sweeping,316,1
2013-05,Sweeping,317,4
2013-05,Sweeping,318,4
2013-05,Sweeping,401,2
2013-05,Sweeping,402,1
2013-05,Sweeping,403,2
2013-05,Sweeping,404,1
2013-05,Sweeping,405,1
2013-05,Sweeping,407,6
2013-05,Sweeping,408,4
2013-05,Sweeping,414,3
2013-06,Basket,101,5
2013-06,Basket,102,18
2013-06,Basket,103,5
2013-06,Basket,104,11
2013-06,Basket,105,8
2013-06,Basket,106,9
2013-06,Basket,107,4
2013-06,Basket,108,3
2013-06,Basket,110,6
2013-06,Basket,111,6
2013-06,Basket,112,9
2013-06,Basket,164,3
2013-06,Basket,201,3
2013-06,Basket,202,3
2013-06,Basket,203,1
2013-06,Basket,204,2
2013-06,Basket,205,3
2013-06,Basket,207,7
2013-06,Basket,208,4
2013-06,Basket,209,1
2013-06,Basket,210,3
2013-06,Basket,211,4
2013-06,Basket,212,2
2013-06,Basket,301,14
2013-06,Basket,302,6
2013-06,Basket,303,7
2013-06,Basket,304,13
2013-06,Basket,305,10
2013-06,Basket,306,7
2013-06,Basket,307,8
2013-06,Basket,308,4
2013-06,Basket,309,3
2013-06,Basket,310,3
2013-06,Basket,311,6
2013-06,Basket,312,21
2013-06,Basket,313,5
2013-06,Basket,314,14
2013-06,Basket,315,13
2013-06,Basket,317,10
2013-06,Basket,318,4
2013-06,Basket,401,3
2013-06,Basket,402,12
2013-06,Basket,403,3
2013-06,Basket,404,4
2013-06,Basket,405,10
2013-06,Basket,406,7
2013-06,Basket,407,10
2013-06,Basket,408,10
2013-06,Basket,409,5
2013-06,Basket,410,1
2013-06,Basket,411,5
2013-06,Basket,412,12
2013-06,Basket,413,8
2013-06,Basket,414,7
2013-06,Basket,501,37
2013-06,Basket,502,13
2013-06,Basket,503,17
2013-06,Collection,101,13
2013-06,Collection,102,36
2013-06,Collection,103,7
2013-06,Collection,104,19
2013-06,Collection,105,7
2013-06,Collection,106,17
2013-06,Collection,107,12
2013-06,Collection,108,16
2013-06,Collection,109,8
2013-06,Collection,110,7
2013-06,Collection,111,7
2013-06,Collection,112,2
2013-06,Collection,202,4
2013-06,Collection,203,4
2013-06,Collection,204,3
2013-06,Collection,205,3
2013-06,Collection,206,4
2013-06,Collection,207,6
2013-06,Collection,208,11
2013-06,Collection,209,15
2013-06,Collection,210,14
2013-06,Collection,211,5
2013-06,Collection,212,18
2013-06,Collection,301,35
2013-06,Collection,302,17
2013-06,Collection,303,34
2013-06,Collection,304,10
2013-06,Collection,305,32
2013-06,Collection,306,24
2013-06,Collection,307,2
2013-06,Collection,308,19
2013-06,Collection,309,7
2013-06,Collection,310,9
2013-06,Collection,311,24
2013-06,Collection,312,55
2013-06,Collection,313,22
2013-06,Collection,314,21
2013-06,Collection,315,32
2013-06,Collection,316,14
2013-06,Collection,317,32
2013-06,Collection,318,52
2013-06,Collection,401,29
2013-06,Collection,402,5
2013-06,Collection,403,8
2013-06,Collection,404,10
2013-06,Collection,405,55
2013-06,Collection,406,16
2013-06,Collection,407,95
2013-06,Collection,408,58
2013-06,Collection,409,24
2013-06,Collection,410,44
2013-06,Collection,411,49
2013-06,Collection,412,75
2013-06,Collection,413,42
2013-06,Collection,414,46
2013-06,Collection,501,124
2013-06,Collection,502,117
2013-06,Collection,503,123
2013-06,Sweeping,107,4
2013-06,Sweeping,108,3
2013-06,Sweeping,110,2
2013-06,Sweeping,112,1
2013-06,Sweeping,204,1
2013-06,Sweeping,205,1
2013-06,Sweeping,208,1
2013-06,Sweeping,209,1
2013-06,Sweeping,211,4
2013-06,Sweeping,212,4
2013-06,Sweeping,301,7
2013-06,Sweeping,302,2
2013-06,Sweeping,303,4
2013-06,Sweeping,304,1
2013-06,Sweeping,305,2
2013-06,Sweeping,306,1
2013-06,Sweeping,307,3
2013-06,Sweeping,308,1
2013-06,Sweeping,309,1
2013-06,Sweeping,310,5
2013-06,Sweeping,311,1
2013-06,Sweeping,312,6
2013-06,Sweeping,313,2
2013-06,Sweeping,314,7
2013-06,Sweeping,315,3
2013-06,Sweeping,316,1
2013-06,Sweeping,317,7
2013-06,Sweeping,318,5
2013-06,Sweeping,401,3
2013-06,Sweeping,402,3
2013-06,Sweeping,403,3
2013-06,Sweeping,404,3
2013-06,Sweeping,405,6
2013-06,Sweeping,406,1
2013-06,Sweeping,407,2
2013-06,Sweeping,409,1
2013-06,Sweeping,412,2
2013-06,Sweeping,414,1
2013-07,Basket,101,11
2013-07,Basket,102,12
2013-07,Basket,103,6
2013-07,Basket,104,8
2013-07,Basket,105,18
2013-07,Basket,106,37
2013-07,Basket,107,17
2013-07,Basket,108,6
2013-07,Basket,109,3
2013-07,Basket,110,10
2013-07,Basket,111,13
2013-07,Basket,112,5
2013-07,Basket,164,4
2013-07,Basket,201,4
2013-07,Basket,202,3
2013-07,Basket,203,1
2013-07,Basket,204,6
2013-07,Basket,205,2
2013-07,Basket,206,2
2013-07,Basket,207,2
2013-07,Basket,208,1
2013-07,Basket,209,5
2013-07,Basket,210,7
2013-07,Basket,212,3
2013-07,Basket,301,5
2013-07,Basket,302,13
2013-07,Basket,303,6
2013-07,Basket,304,8
2013-07,Basket,305,12
2013-07,Basket,306,12
2013-07,Basket,307,6
2013-07,Basket,308,6
2013-07,Basket,309,13
2013-07,Basket,310,3
2013-07,Basket,311,7
2013-07,Basket,312,4
2013-07,Basket,313,1
2013-07,Basket,314,8
2013-07,Basket,315,13
2013-07,Basket,316,6
2013-07,Basket,317,6
2013-07,Basket,318,4
2013-07,Basket,401,4
2013-07,Basket,402,1
2013-07,Basket,403,11
2013-07,Basket,404,5
2013-07,Basket,405,15
2013-07,Basket,406,17
2013-07,Basket,407,4
2013-07,Basket,408,5
2013-07,Basket,409,2
2013-07,Basket,410,2
2013-07,Basket,411,7
2013-07,Basket,412,3
2013-07,Basket,413,4
2013-07,Basket,414,1
2013-07,Basket,501,26
2013-07,Basket,502,32
2013-07,Basket,503,39
2013-07,Basket,595,1
2013-07,Collection,101,6
2013-07,Collection,102,25
2013-07,Collection,103,4
2013-07,Collection,104,11
2013-07,Collection,105,5
2013-07,Collection,106,13
2013-07,Collection,107,11
2013-07,Collection,108,9
2013-07,Collection,109,1
2013-07,Collection,110,16
2013-07,Collection,111,6
2013-07,Collection,112,4
2013-07,Collection,201,2
2013-07,Collection,202,3
2013-07,Collection,203,5
2013-07,Collection,204,2
2013-07,Collection,206,3
2013-07,Collection,207,2
2013-07,Collection,208,9
2013-07,Collection,209,10
2013-07,Collection,210,10
2013-07,Collection,211,6
2013-07,Collection,212,18
2013-07,Collection,301,32
2013-07,Collection,302,16
2013-07,Collection,303,43
2013-07,Collection,304,10
2013-07,Collection,305,24
2013-07,Collection,306,19
2013-07,Collection,307,6
2013-07,Collection,308,13
2013-07,Collection,309,4
2013-07,Collection,310,12
2013-07,Collection,311,28
2013-07,Collection,312,28
2013-07,Collection,313,17
2013-07,Collection,314,13
2013-07,Collection,315,26
2013-07,Collection,316,8
2013-07,Collection,317,27
2013-07,Collection,318,56
2013-07,Collection,401,31
2013-07,Collection,402,12
2013-07,Collection,403,18
2013-07,Collection,404,6
2013-07,Collection,405,46
2013-07,Collection,406,11
2013-07,Collection,407,67
2013-07,Collection,408,56
2013-07,Collection,409,31
2013-07,Collection,410,54
2013-07,Collection,411,47
2013-07,Collection,412,46
2013-07,Collection,413,54
2013-07,Collection,414,37
2013-07,Collection,501,115
2013-07,Collection,502,72
2013-07,Collection,503,146
2013-07,Sweeping,101,1
2013-07,Sweeping,102,1
2013-07,Sweeping,103,4
2013-07,Sweeping,104,1
2013-07,Sweeping,106,1
2013-07,Sweeping,107,5
2013-07,Sweeping,108,4
2013-07,Sweeping,109,1
2013-07,Sweeping,110,4
2013-07,Sweeping,111,4
2013-07,Sweeping,112,2
2013-07,Sweeping,201,1
2013-07,Sweeping,202,4
2013-07,Sweeping,211,1
2013-07,Sweeping,212,5
2013-07,Sweeping,301,3
2013-07,Sweeping,302,3
2013-07,Sweeping,303,7
2013-07,Sweeping,304,1
2013-07,Sweeping,305,6
2013-07,Sweeping,306,2
2013-07,Sweeping,307,3
2013-07,Sweeping,308,1
2013-07,Sweeping,309,1
2013-07,Sweeping,310,7
2013-07,Sweeping,311,12
2013-07,Sweeping,312,2
2013-07,Sweeping,313,3
2013-07,Sweeping,314,10
2013-07,Sweeping,315,7
2013-07,Sweeping,316,8
2013-07,Sweeping,317,13
2013-07,Sweeping,318,12
2013-07,Sweeping,401,4
2013-07,Sweeping,402,3
2013-07,Sweeping,403,2
2013-07,Sweeping,405,4
2013-07,Sweeping,406,6
2013-07,Sweeping,407,5
2013-07,Sweeping,408,3
2013-07,Sweeping,409,1
2013-07,Sweeping,414,1
2013-07,Sweeping,503,1
2013-08,Basket,101,1
2013-08,Basket,102,13
2013-08,Basket,103,11
2013-08,Basket,104,11
2013-08,Basket,105,9
2013-08,Basket,106,16
2013-08,Basket,107,7
2013-08,Basket,108,3
2013-08,Basket,109,8
2013-08,Basket,110,4
2013-08,Basket,111,7
2013-08,Basket,112,6
2013-08,Basket,201,2
2013-08,Basket,203,5
2013-08,Basket,204,2
2013-08,Basket,205,2
2013-08,Basket,206,2
2013-08,Basket,207,3
2013-08,Basket,208,1
2013-08,Basket,209,3
2013-08,Basket,210,4
2013-08,Basket,211,2
2013-08,Basket,212,9
2013-08,Basket,301,7
2013-08,Basket,302,5
2013-08,Basket,303,10
2013-08,Basket,304,10
2013-08,Basket,305,9
2013-08,Basket,306,13
2013-08,Basket,307,5
2013-08,Basket,308,4
2013-08,Basket,309,10
2013-08,Basket,310,3
2013-08,Basket,311,10
2013-08,Basket,312,13
2013-08,Basket,313,2
2013-08,Basket,314,5
2013-08,Basket,315,15
2013-08,Basket,316,3
2013-08,Basket,317,9
2013-08,Basket,318,11
2013-08,Basket,401,4
2013-08,Basket,402,3
2013-08,Basket,403,6
2013-08,Basket,404,9
2013-08,Basket,405,19
2013-08,Basket,406,11
2013-08,Basket,407,4
2013-08,Basket,408,2
2013-08,Basket,409,1
2013-08,Basket,410,3
2013-08,Basket,411,5
2013-08,Basket,412,4
2013-08,Basket,413,5
2013-08,Basket,414,3
2013-08,Basket,501,25
2013-08,Basket,502,14
2013-08,Basket,503,14
2013-08,Collection,101,6
2013-08,Collection,102,20
2013-08,Collection,103,7
2013-08,Collection,104,15
2013-08,Collection,105,10
2013-08,Collection,106,18
2013-08,Collection,107,10
2013-08,Collection,108,5
2013-08,Collection,109,1
2013-08,Collection,110,19
2013-08,Collection,111,7
2013-08,Collection,112,3
2013-08,Collection,201,5
2013-08,Collection,202,4
2013-08,Collection,203,4
2013-08,Collection,204,1
2013-08,Collection,207,4
2013-08,Collection,208,6
2013-08,Collection,209,6
2013-08,Collection,210,12
2013-08,Collection,211,6
2013-08,Collection,212,14
2013-08,Collection,301,65
2013-08,Collection,302,17
2013-08,Collection,303,37
2013-08,Collection,304,12
2013-08,Collection,305,27
2013-08,Collection,306,16
2013-08,Collection,307,1
2013-08,Collection,308,19
2013-08,Collection,309,7
2013-08,Collection,310,13
2013-08,Collection,311,26
2013-08,Collection,312,32
2013-08,Collection,313,11
2013-08,Collection,314,22
2013-08,Collection,315,27
2013-08,Collection,316,14
2013-08,Collection,317,49
2013-08,Collection,318,36
2013-08,Collection,401,25
2013-08,Collection,402,13
2013-08,Collection,403,13
2013-08,Collection,404,6
2013-08,Collection,405,43
2013-08,Collection,406,11
2013-08,Collection,407,57
2013-08,Collection,408,45
2013-08,Collection,409,34
2013-08,Collection,410,43
2013-08,Collection,411,46
2013-08,Collection,412,49
2013-08,Collection,413,27
2013-08,Collection,414,29
2013-08,Collection,501,99
2013-08,Collection,502,59
2013-08,Collection,503,83
2013-08,Sweeping,105,1
2013-08,Sweeping,106,2
2013-08,Sweeping,107,1
2013-08,Sweeping,108,1
2013-08,Sweeping,109,1
2013-08,Sweeping,110,2
2013-08,Sweeping,112,2
2013-08,Sweeping,201,1
2013-08,Sweeping,208,1
2013-08,Sweeping,211,1
2013-08,Sweeping,212,5
2013-08,Sweeping,302,3
2013-08,Sweeping,303,4
2013-08,Sweeping,304,2
2013-08,Sweeping,305,3
2013-08,Sweeping,306,1
2013-08,Sweeping,307,1
2013-08,Sweeping,309,1
2013-08,Sweeping,310,3
2013-08,Sweeping,311,7
2013-08,Sweeping,312,7
2013-08,Sweeping,313,2
2013-08,Sweeping,314,4
2013-08,Sweeping,315,2
2013-08,Sweeping,317,9
2013-08,Sweeping,318,7
2013-08,Sweeping,355,1
2013-08,Sweeping,401,4
2013-08,Sweeping,402,1
2013-08,Sweeping,403,6
2013-08,Sweeping,405,7
2013-08,Sweeping,406,3
2013-08,Sweeping,407,2
2013-08,Sweeping,408,1
2013-08,Sweeping,409,3
2013-08,Sweeping,412,5
2013-08,Sweeping,414,2
2013-09,Basket,101,4
2013-09,Basket,102,31
2013-09,Basket,103,7
2013-09,Basket,104,12
2013-09,Basket,105,9
2013-09,Basket,106,8
2013-09,Basket,107,12
2013-09,Basket,108,3
2013-09,Basket,109,4
2013-09,Basket,110,6
2013-09,Basket,111,8
2013-09,Basket,112,6
2013-09,Basket,164,3
2013-09,Basket,201,3
2013-09,Basket,204,2
2013-09,Basket,205,4
2013-09,Basket,206,2
2013-09,Basket,207,1
2013-09,Basket,208,7
2013-09,Basket,210,3
2013-09,Basket,211,2
2013-09,Basket,212,4
2013-09,Basket,227,1
2013-09,Basket,301,16
2013-09,Basket,302,7
2013-09,Basket,303,9
2013-09,Basket,304,9
2013-09,Basket,305,11
2013-09,Basket,306,10
2013-09,Basket,307,5
2013-09,Basket,308,4
2013-09,Basket,309,3
2013-09,Basket,310,7
2013-09,Basket,311,4
2013-09,Basket,312,14
2013-09,Basket,313,3
2013-09,Basket,314,5
2013-09,Basket,315,8
2013-09,Basket,316,4
2013-09,Basket,317,8
2013-09,Basket,318,6
2013-09,Basket,401,10
2013-09,Basket,403,12
2013-09,Basket,404,4
2013-09,Basket,405,21
2013-09,Basket,406,3
2013-09,Basket,407,5
2013-09,Basket,408,9
2013-09,Basket,409,2
2013-09,Basket,410,3
2013-09,Basket,411,2
2013-09,Basket,412,2
2013-09,Basket,413,5
2013-09,Basket,414,5
2013-09,Basket,501,10
2013-09,Basket,502,11
2013-09,Basket,503,12
2013-09,Collection,101,10
2013-09,Collection,102,22
2013-09,Collection,103,4
2013-09,Collection,104,25
2013-09,Collection,105,3
2013-09,Collection,106,22
2013-09,Collection,107,9
2013-09,Collection,108,6
2013-09,Collection,109,3
2013-09,Collection,110,4
2013-09,Collection,111,2
2013-09,Collection,112,3
2013-09,Collection,201,3
2013-09,Collection,202,4
2013-09,Collection,203,4
2013-09,Collection,204,3
2013-09,Collection,205,1
2013-09,Collection,206,3
2013-09,Collection,207,4
2013-09,Collection,208,7
2013-09,Collection,209,8
2013-09,Collection,210,13
2013-09,Collection,211,7
2013-09,Collection,212,12
2013-09,Collection,301,34
2013-09,Collection,302,28
2013-09,Collection,303,27
2013-09,Collection,304,13
2013-09,Collection,305,30
2013-09,Collection,306,17
2013-09,Collection,307,2
2013-09,Collection,308,11
2013-09,Collection,309,6
2013-09,Collection,310,13
2013-09,Collection,311,16
2013-09,Collection,312,34
2013-09,Collection,313,7
2013-09,Collection,314,18
2013-09,Collection,315,23
2013-09,Collection,316,9
2013-09,Collection,317,21
2013-09,Collection,318,26
2013-09,Collection,401,17
2013-09,Collection,402,8
2013-09,Collection,403,10
2013-09,Collection,404,13
2013-09,Collection,405,36
2013-09,Collection,406,12
2013-09,Collection,407,82
2013-09,Collection,408,49
2013-09,Collection,409,27
2013-09,Collection,410,20
2013-09,Collection,411,34
2013-09,Collection,412,41
2013-09,Collection,413,31
2013-09,Collection,414,20
2013-09,Collection,501,92
2013-09,Collection,502,51
2013-09,Collection,503,59
2013-09,Sweeping,102,2
2013-09,Sweeping,106,1
2013-09,Sweeping,109,1
2013-09,Sweeping,110,1
2013-09,Sweeping,111,2
2013-09,Sweeping,112,1
2013-09,Sweeping,204,1
2013-09,Sweeping,212,5
2013-09,Sweeping,301,1
2013-09,Sweeping,302,3
2013-09,Sweeping,303,2
2013-09,Sweeping,305,3
2013-09,Sweeping,306,2
2013-09,Sweeping,307,1
2013-09,Sweeping,310,3
2013-09,Sweeping,311,2
2013-09,Sweeping,312,8
2013-09,Sweeping,313,1
2013-09,Sweeping,314,2
2013-09,Sweeping,315,2
2013-09,Sweeping,316,1
2013-09,Sweeping,317,12
2013-09,Sweeping,318,7
2013-09,Sweeping,401,1
2013-09,Sweeping,402,5
2013-09,Sweeping,403,4
2013-09,Sweeping,404,2
2013-09,Sweeping,405,3
2013-09,Sweeping,407,1
2013-09,Sweeping,408,2
2013-09,Sweeping,414,1
2013-10,Basket,101,2
2013-10,Basket,102,18
2013-10,Basket,103,7
2013-10,Basket,104,14
2013-10,Basket,105,12
2013-10,Basket,106,15
2013-10,Basket,107,11
2013-10,Basket,108,12
2013-10,Basket,110,8
2013-10,Basket,111,9
2013-10,Basket,112,8
2013-10,Basket,164,4
2013-10,Basket,201,5
2013-10,Basket,202,1
2013-10,Basket,203,1
2013-10,Basket,204,3
2013-10,Basket,205,1
2013-10,Basket,206,2
2013-10,Basket,207,2
2013-10,Basket,208,3
2013-10,Basket,209,2
2013-10,Basket,210,1
2013-10,Basket,226,1
2013-10,Basket,301,16
2013-10,Basket,302,13
2013-10,Basket,303,9
2013-10,Basket,304,11
2013-10,Basket,305,4
2013-10,Basket,306,11
2013-10,Basket,307,2
2013-10,Basket,308,5
2013-10,Basket,309,2
2013-10,Basket,310,1
2013-10,Basket,311,4
2013-10,Basket,312,8
2013-10,Basket,313,4
2013-10,Basket,314,15
2013-10,Basket,315,7
2013-10,Basket,316,5
2013-10,Basket,317,6
2013-10,Basket,318,5
2013-10,Basket,355,2
2013-10,Basket,401,6
2013-10,Basket,402,5
2013-10,Basket,403,7
2013-10,Basket,404,3
2013-10,Basket,405,36
2013-10,Basket,406,3
2013-10,Basket,407,4
2013-10,Basket,408,2
2013-10,Basket,409,2
2013-10,Basket,410,2
2013-10,Basket,411,1
2013-10,Basket,412,7
2013-10,Basket,413,6
2013-10,Basket,414,2
2013-10,Basket,501,8
2013-10,Basket,502,17
2013-10,Basket,503,5
2013-10,Collection,101,3
2013-10,Collection,102,29
2013-10,Collection,103,8
2013-10,Collection,104,28
2013-10,Collection,105,8
2013-10,Collection,106,17
2013-10,Collection,107,8
2013-10,Collection,108,21
2013-10,Collection,109,1
2013-10,Collection,110,7
2013-10,Collection,111,3
2013-10,Collection,112,3
2013-10,Collection,201,3
2013-10,Collection,203,4
2013-10,Collection,204,1
2013-10,Collection,205,3
2013-10,Collection,206,6
2013-10,Collection,207,5
2013-10,Collection,208,8
2013-10,Collection,209,3
2013-10,Collection,210,15
2013-10,Collection,211,2
2013-10,Collection,212,20
2013-10,Collection,301,29
2013-10,Collection,302,25
2013-10,Collection,303,19
2013-10,Collection,304,12
2013-10,Collection,305,33
2013-10,Collection,306,18
2013-10,Collection,307,11
2013-10,Collection,308,7
2013-10,Collection,309,5
2013-10,Collection,310,16
2013-10,Collection,311,26
2013-10,Collection,312,34
2013-10,Collection,313,13
2013-10,Collection,314,22
2013-10,Collection,315,36
2013-10,Collection,316,6
2013-10,Collection,317,18
2013-10,Collection,318,23
2013-10,Collection,401,41
2013-10,Collection,402,8
2013-10,Collection,403,9
2013-10,Collection,404,10
2013-10,Collection,405,43
2013-10,Collection,406,9
2013-10,Collection,407,56
2013-10,Collection,408,55
2013-10,Collection,409,13
2013-10,Collection,410,24
2013-10,Collection,411,29
2013-10,Collection,412,37
2013-10,Collection,413,22
2013-10,Collection,414,9
2013-10,Collection,501,103
2013-10,Collection,502,65
2013-10,Collection,503,58
2013-10,Sweeping,102,2
2013-10,Sweeping,103,1
2013-10,Sweeping,107,2
2013-10,Sweeping,108,1
2013-10,Sweeping,109,1
2013-10,Sweeping,110,1
2013-10,Sweeping,111,2
2013-10,Sweeping,112,4
2013-10,Sweeping,206,1
2013-10,Sweeping,207,3
2013-10,Sweeping,209,4
2013-10,Sweeping,210,1
2013-10,Sweeping,211,1
2013-10,Sweeping,212,2
2013-10,Sweeping,227,1
2013-10,Sweeping,301,3
2013-10,Sweeping,302,6
2013-10,Sweeping,303,12
2013-10,Sweeping,304,1
2013-10,Sweeping,305,3
2013-10,Sweeping,306,4
2013-10,Sweeping,307,3
2013-10,Sweeping,308,3
2013-10,Sweeping,309,3
2013-10,Sweeping,310,6
2013-10,Sweeping,311,16
2013-10,Sweeping,312,8
2013-10,Sweeping,314,1
2013-10,Sweeping,315,9
2013-10,Sweeping,316,2
2013-10,Sweeping,317,16
2013-10,Sweeping,318,9
2013-10,Sweeping,401,8
2013-10,Sweeping,402,9
2013-10,Sweeping,403,10
2013-10,Sweeping,404,3
2013-10,Sweeping,405,15
2013-10,Sweeping,406,6
2013-10,Sweeping,407,1
2013-10,Sweeping,408,7
2013-10,Sweeping,409,2
2013-10,Sweeping,412,3
2013-11,Basket,101,2
2013-11,Basket,102,8
2013-11,Basket,103,3
2013-11,Basket,104,5
2013-11,Basket,105,10
2013-11,Basket,106,4
2013-11,Basket,107,3
2013-11,Basket,108,8
2013-11,Basket,109,1
2013-11,Basket,110,5
2013-11,Basket,111,1
2013-11,Basket,112,2
2013-11,Basket,201,1
2013-11,Basket,204,2
2013-11,Basket,205,1
2013-11,Basket,206,6
2013-11,Basket,208,2
2013-11,Basket,209,2
2013-11,Basket,210,1
2013-11,Basket,211,4
2013-11,Basket,212,3
2013-11,Basket,301,15
2013-11,Basket,302,8
2013-11,Basket,303,3
2013-11,Basket,304,3
2013-11,Basket,305,3
2013-11,Basket,306,5
2013-11,Basket,307,7
2013-11,Basket,308,2
2013-11,Basket,309,4
2013-11,Basket,311,1
2013-11,Basket,312,3
2013-11,Basket,313,1
2013-11,Basket,314,5
2013-11,Basket,315,2
2013-11,Basket,317,1
2013-11,Basket,318,3
2013-11,Basket,355,2
2013-11,Basket,401,4
2013-11,Basket,402,2
2013-11,Basket,404,4
2013-11,Basket,405,9
2013-11,Basket,407,5
2013-11,Basket,408,1
2013-11,Basket,409,3
2013-11,Basket,410,2
2013-11,Basket,411,3
2013-11,Basket,412,1
2013-11,Basket,413,2
2013-11,Basket,414,3
2013-11,Basket,482,1
2013-11,Basket,501,22
2013-11,Basket,502,29
2013-11,Basket,503,21
2013-11,Collection,101,10
2013-11,Collection,102,19
2013-11,Collection,103,4
2013-11,Collection,104,19
2013-11,Collection,105,11
2013-11,Collection,106,17
2013-11,Collection,107,11
2013-11,Collection,108,8
2013-11,Collection,109,1
2013-11,Collection,110,10
2013-11,Collection,111,7
2013-11,Collection,112,8
2013-11,Collection,201,6
2013-11,Collection,202,1
2013-11,Collection,203,4
2013-11,Collection,204,4
2013-11,Collection,205,1
2013-11,Collection,206,3
2013-11,Collection,207,4
2013-11,Collection,208,10
2013-11,Collection,209,11
2013-11,Collection,210,15
2013-11,Collection,211,8
2013-11,Collection,212,20
2013-11,Collection,301,29
2013-11,Collection,302,24
2013-11,Collection,303,20
2013-11,Collection,304,10
2013-11,Collection,305,24
2013-11,Collection,306,18
2013-11,Collection,307,7
2013-11,Collection,308,20
2013-11,Collection,309,5
2013-11,Collection,310,21
2013-11,Collection,311,21
2013-11,Collection,312,32
2013-11,Collection,313,5
2013-11,Collection,314,19
2013-11,Collection,315,25
2013-11,Collection,316,3
2013-11,Collection,317,21
2013-11,Collection,318,29
2013-11,Collection,401,34
2013-11,Collection,402,7
2013-11,Collection,403,1
2013-11,Collection,404,11
2013-11,Collection,405,58
2013-11,Collection,406,18
2013-11,Collection,407,74
2013-11,Collection,408,54
2013-11,Collection,409,13
2013-11,Collection,410,31
2013-11,Collection,411,49
2013-11,Collection,412,43
2013-11,Collection,413,37
2013-11,Collection,414,20
2013-11,Collection,501,118
2013-11,Collection,502,70
2013-11,Collection,503,89
2013-11,Sweeping,102,1
2013-11,Sweeping,103,3
2013-11,Sweeping,105,1
2013-11,Sweeping,106,1
2013-11,Sweeping,107,12
2013-11,Sweeping,108,3
2013-11,Sweeping,109,4
2013-11,Sweeping,110,2
2013-11,Sweeping,111,1
2013-11,Sweeping,201,2
2013-11,Sweeping,205,1
2013-11,Sweeping,207,1
2013-11,Sweeping,209,3
2013-11,Sweeping,210,1
2013-11,Sweeping,211,2
2013-11,Sweeping,301,5
2013-11,Sweeping,302,6
2013-11,Sweeping,303,11
2013-11,Sweeping,304,2
2013-11,Sweeping,305,7
2013-11,Sweeping,306,12
2013-11,Sweeping,307,3
2013-11,Sweeping,308,3
2013-11,Sweeping,309,1
2013-11,Sweeping,310,11
2013-11,Sweeping,311,7
2013-11,Sweeping,312,8
2013-11,Sweeping,313,1
2013-11,Sweeping,314,14
2013-11,Sweeping,315,5
2013-11,Sweeping,316,3
2013-11,Sweeping,317,8
2013-11,Sweeping,318,5
2013-11,Sweeping,401,8
2013-11,Sweeping,402,11
2013-11,Sweeping,403,9
2013-11,Sweeping,404,5
2013-11,Sweeping,405,17
2013-11,Sweeping,406,6
2013-11,Sweeping,407,1
2013-11,Sweeping,408,7
2013-11,Sweeping,412,3
2013-12,Basket,101,4
2013-12,Basket,102,8
2013-12,Basket,104,7
2013-12,Basket,105,3
2013-12,Basket,106,4
2013-12,Basket,107,7
2013-12,Basket,108,4
2013-12,Basket,109,1
2013-12,Basket,111,1
2013-12,Basket,112,7
2013-12,Basket,204,1
2013-12,Basket,205,4
2013-12,Basket,206,2
2013-12,Basket,207,2
2013-12,Basket,208,2
2013-12,Basket,209,2
2013-12,Basket,301,7
2013-12,Basket,302,2
2013-12,Basket,303,11
2013-12,Basket,304,3
2013-12,Basket,305,7
2013-12,Basket,306,6
2013-12,Basket,308,1
2013-12,Basket,309,3
2013-12,Basket,310,1
2013-12,Basket,311,5
2013-12,Basket,312,4
2013-12,Basket,314,7
2013-12,Basket,315,5
2013-12,Basket,316,1
2013-12,Basket,317,8
2013-12,Basket,318,4
2013-12,Basket,355,1
2013-12,Basket,401,3
2013-12,Basket,402,3
2013-12,Basket,403,4
2013-12,Basket,404,1
2013-12,Basket,405,4
2013-12,Basket,407,5
2013-12,Basket,409,4
2013-12,Basket,414,1
2013-12,Basket,501,9
2013-12,Basket,502,6
2013-12,Collection,101,16
2013-12,Collection,102,20
2013-12,Collection,103,6
2013-12,Collection,104,22
2013-12,Collection,105,12
2013-12,Collection,106,23
2013-12,Collection,107,15
2013-12,Collection,108,21
2013-12,Collection,109,1
2013-12,Collection,110,8
2013-12,Collection,111,9
2013-12,Collection,112,2
2013-12,Collection,201,5
2013-12,Collection,202,3
2013-12,Collection,203,4
2013-12,Collection,204,3
2013-12,Collection,205,5
2013-12,Collection,206,3
2013-12,Collection,207,3
2013-12,Collection,208,11
2013-12,Collection,209,6
2013-12,Collection,210,17
2013-12,Collection,211,8
2013-12,Collection,212,29
2013-12,Collection,301,33
2013-12,Collection,302,18
2013-12,Collection,303,27
2013-12,Collection,304,17
2013-12,Collection,305,34
2013-12,Collection,306,19
2013-12,Collection,307,4
2013-12,Collection,308,13
2013-12,Collection,309,2
2013-12,Collection,310,19
2013-12,Collection,311,26
2013-12,Collection,312,26
2013-12,Collection,313,8
2013-12,Collection,314,29
2013-12,Collection,315,23
2013-12,Collection,316,9
2013-12,Collection,317,26
2013-12,Collection,318,47
2013-12,Collection,401,33
2013-12,Collection,402,7
2013-12,Collection,403,17
2013-12,Collection,404,7
2013-12,Collection,405,89
2013-12,Collection,406,22
2013-12,Collection,407,120
2013-12,Collection,408,65
2013-12,Collection,409,28
2013-12,Collection,410,39
2013-12,Collection,411,51
2013-12,Collection,412,62
2013-12,Collection,413,49
2013-12,Collection,414,28
2013-12,Collection,501,123
2013-12,Collection,502,59
2013-12,Collection,503,65
2013-12,Sweeping,102,1
2013-12,Sweeping,104,1
2013-12,Sweeping,105,1
2013-12,Sweeping,106,1
2013-12,Sweeping,107,9
2013-12,Sweeping,108,4
2013-12,Sweeping,109,1
2013-12,Sweeping,110,3
2013-12,Sweeping,111,2
2013-12,Sweeping,203,1
2013-12,Sweeping,208,4
2013-12,Sweeping,209,2
2013-12,Sweeping,212,1
2013-12,Sweeping,301,3
2013-12,Sweeping,302,4
2013-12,Sweeping,303,1
2013-12,Sweeping,304,4
2013-12,Sweeping,305,3
2013-12,Sweeping,306,12
2013-12,Sweeping,307,2
2013-12,Sweeping,308,1
2013-12,Sweeping,309,3
2013-12,Sweeping,310,4
2013-12,Sweeping,311,3
2013-12,Sweeping,312,4
2013-12,Sweeping,313,5
2013-12,Sweeping,314,6
2013-12,Sweeping,315,1
2013-12,Sweeping,316,1
2013-12,Sweeping,317,4
2013-12,Sweeping,318,5
2013-12,Sweeping,401,3
2013-12,Sweeping,402,1
2013-12,Sweeping,403,5
2013-12,Sweeping,404,1
2013-12,Sweeping,405,4
2013-12,Sweeping,406,2
2013-12,Sweeping,407,1
2013-12,Sweeping,408,5
2013-12,Sweeping,412,1
2013-12,Sweeping,414,1
2014-01,Basket,102,16
2014-01,Basket,104,5
2014-01,Basket,105,7
2014-01,Basket,106,2
2014-01,Basket,107,10
2014-01,Basket,108,13
2014-01,Basket,109,5
2014-01,Basket,110,6
2014-01,Basket,111,1
2014-01,Basket,112,8
2014-01,Basket,201,7
2014-01,Basket,204,5
2014-01,Basket,205,1
2014-01,Basket,206,1
2014-01,Basket,207,1
2014-01,Basket,209,3
2014-01,Basket,210,1
2014-01,Basket,211,1
2014-01,Basket,212,2
2014-01,Basket,301,10
2014-01,Basket,302,4
2014-01,Basket,303,1
2014-01,Basket,304,3
2014-01,Basket,305,1
2014-01,Basket,306,7
2014-01,Basket,307,2
2014-01,Basket,308,2
2014-01,Basket,309,2
2014-01,Basket,311,1
2014-01,Basket,312,3
2014-01,Basket,314,3
2014-01,Basket,315,7
2014-01,Basket,317,2
2014-01,Basket,318,3
2014-01,Basket,401,4
2014-01,Basket,402,4
2014-01,Basket,403,1
2014-01,Basket,404,4
2014-01,Basket,405,15
2014-01,Basket,406,2
2014-01,Basket,408,1
2014-01,Basket,409,4
2014-01,Basket,410,2
2014-01,Basket,411,2
2014-01,Basket,412,3
2014-01,Basket,413,3
2014-01,Basket,414,1
2014-01,Basket,501,6
2014-01,Basket,502,7
2014-01,Basket,503,7
2014-01,Collection,101,14
2014-01,Collection,102,47
2014-01,Collection,103,15
2014-01,Collection,104,22
2014-01,Collection,105,3
2014-01,Collection,106,18
2014-01,Collection,107,14
2014-01,Collection,108,41
2014-01,Collection,109,8
2014-01,Collection,110,18
2014-01,Collection,111,42
2014-01,Collection,112,14
2014-01,Collection,201,2
2014-01,Collection,202,2
2014-01,Collection,203,18
2014-01,Collection,204,7
2014-01,Collection,205,4
2014-01,Collection,206,10
2014-01,Collection,207,21
2014-01,Collection,208,31
2014-01,Collection,209,28
2014-01,Collection,210,61
2014-01,Collection,211,36
2014-01,Collection,212,115
2014-01,Collection,301,70
2014-01,Collection,302,45
2014-01,Collection,303,50
2014-01,Collection,304,28
2014-01,Collection,305,98
2014-01,Collection,306,69
2014-01,Collection,307,40
2014-01,Collection,308,43
2014-01,Collection,309,18
2014-01,Collection,310,51
2014-01,Collection,311,141
2014-01,Collection,312,131
2014-01,Collection,313,23
2014-01,Collection,314,79
2014-01,Collection,315,94
2014-01,Collection,316,17
2014-01,Collection,317,65
2014-01,Collection,318,130
2014-01,Collection,401,96
2014-01,Collection,402,15
2014-01,Collection,403,18
2014-01,Collection,404,14
2014-01,Collection,405,133
2014-01,Collection,406,39
2014-01,Collection,407,170
2014-01,Collection,408,82
2014-01,Collection,409,33
2014-01,Collection,410,61
2014-01,Collection,411,101
2014-01,Collection,412,98
2014-01,Collection,413,121
2014-01,Collection,414,41
2014-01,Collection,501,461
2014-01,Collection,502,342
2014-01,Collection,503,551
2014-01,Sweeping,101,1
2014-01,Sweeping,102,1
2014-01,Sweeping,106,1
2014-01,Sweeping,108,5
2014-01,Sweeping,110,1
2014-01,Sweeping,112,3
2014-01,Sweeping,201,1
2014-01,Sweeping,209,2
2014-01,Sweeping,210,1
2014-01,Sweeping,301,1
2014-01,Sweeping,302,1
2014-01,Sweeping,303,1
2014-01,Sweeping,304,1
2014-01,Sweeping,305,2
2014-01,Sweeping,306,2
2014-01,Sweeping,309,2
2014-01,Sweeping,310,1
2014-01,Sweeping,311,6
2014-01,Sweeping,312,2
2014-01,Sweeping,313,3
2014-01,Sweeping,314,4
2014-01,Sweeping,315,2
2014-01,Sweeping,316,2
2014-01,Sweeping,317,2
2014-01,Sweeping,318,1
2014-01,Sweeping,401,2
2014-01,Sweeping,402,2
2014-01,Sweeping,403,1
2014-01,Sweeping,407,1
2014-01,Sweeping,501,1
2014-02,Basket,101,1
2014-02,Basket,102,6
2014-02,Basket,103,1
2014-02,Basket,104,11
2014-02,Basket,105,7
2014-02,Basket,106,4
2014-02,Basket,107,6
2014-02,Basket,108,9
2014-02,Basket,109,2
2014-02,Basket,110,2
2014-02,Basket,112,5
2014-02,Basket,164,1
2014-02,Basket,201,1
2014-02,Basket,202,1
2014-02,Basket,203,1
2014-02,Basket,204,1
2014-02,Basket,205,1
2014-02,Basket,206,2
2014-02,Basket,208,3
2014-02,Basket,210,4
2014-02,Basket,211,2
2014-02,Basket,212,4
2014-02,Basket,301,7
2014-02,Basket,302,3
2014-02,Basket,303,1
2014-02,Basket,304,4
2014-02,Basket,305,1
2014-02,Basket,306,5
2014-02,Basket,307,11
2014-02,Basket,308,1
2014-02,Basket,309,1
2014-02,Basket,311,3
2014-02,Basket,312,14
2014-02,Basket,314,33
2014-02,Basket,315,1
2014-02,Basket,316,3
2014-02,Basket,317,1
2014-02,Basket,355,1
2014-02,Basket,401,3
2014-02,Basket,402,3
2014-02,Basket,403,5
2014-02,Basket,404,3
2014-02,Basket,405,9
2014-02,Basket,406,1
2014-02,Basket,408,6
2014-02,Basket,409,1
2014-02,Basket,410,2
2014-02,Basket,411,1
2014-02,Basket,412,4
2014-02,Basket,414,1
2014-02,Basket,501,10
2014-02,Basket,502,5
2014-02,Basket,503,5
2014-02,Collection,101,1
2014-02,Collection,102,4
2014-02,Collection,103,2
2014-02,Collection,104,5
2014-02,Collection,105,1
2014-02,Collection,106,2
2014-02,Collection,107,11
2014-02,Collection,108,8
2014-02,Collection,110,5
2014-02,Collection,204,1
2014-02,Collection,205,4
2014-02,Collection,206,7
2014-02,Collection,208,9
2014-02,Collection,209,6
2014-02,Collection,210,11
2014-02,Collection,211,6
2014-02,Collection,212,10
2014-02,Collection,301,11
2014-02,Collection,302,9
2014-02,Collection,303,10
2014-02,Collection,304,1
2014-02,Collection,305,11
2014-02,Collection,306,14
2014-02,Collection,307,1
2014-02,Collection,308,8
2014-02,Collection,309,8
2014-02,Collection,310,7
2014-02,Collection,311,14
2014-02,Collection,312,6
2014-02,Collection,313,2
2014-02,Collection,314,8
2014-02,Collection,315,4
2014-02,Collection,316,3
2014-02,Collection,317,7
2014-02,Collection,318,10
2014-02,Collection,401,15
2014-02,Collection,402,3
2014-02,Collection,403,4
2014-02,Collection,404,9
2014-02,Collection,405,30
2014-02,Collection,406,7
2014-02,Collection,407,43
2014-02,Collection,408,23
2014-02,Collection,409,5
2014-02,Collection,410,12
2014-02,Collection,411,16
2014-02,Collection,412,19
2014-02,Collection,413,21
2014-02,Collection,414,10
2014-02,Collection,501,43
2014-02,Collection,502,30
2014-02,Collection,503,28
2014-02,Sweeping,312,1
2014-03,Basket,101,2
2014-03,Basket,102,11
2014-03,Basket,103,6
2014-03,Basket,104,4
2014-03,Basket,105,9
2014-03,Basket,106,4
2014-03,Basket,107,13
2014-03,Basket,108,8
2014-03,Basket,109,7
2014-03,Basket,110,4
2014-03,Basket,111,6
2014-03,Basket,112,11
2014-03,Basket,201,3
2014-03,Basket,203,2
2014-03,Basket,204,2
2014-03,Basket,205,1
2014-03,Basket,206,4
2014-03,Basket,208,3
2014-03,Basket,209,3
2014-03,Basket,210,2
2014-03,Basket,211,1
2014-03,Basket,212,1
2014-03,Basket,301,7
2014-03,Basket,302,14
2014-03,Basket,303,5
2014-03,Basket,304,2
2014-03,Basket,305,1
2014-03,Basket,306,6
2014-03,Basket,307,6
2014-03,Basket,308,3
2014-03,Basket,309,2
2014-03,Basket,310,2
2014-03,Basket,311,3
2014-03,Basket,312,3
2014-03,Basket,314,4
2014-03,Basket,315,2
2014-03,Basket,316,3
2014-03,Basket,317,4
2014-03,Basket,318,4
2014-03,Basket,355,1
2014-03,Basket,401,3
2014-03,Basket,402,4
2014-03,Basket,403,2
2014-03,Basket,404,2
2014-03,Basket,405,6
2014-03,Basket,406,1
2014-03,Basket,407,2
2014-03,Basket,408,14
2014-03,Basket,409,3
2014-03,Basket,410,5
2014-03,Basket,411,1
2014-03,Basket,412,3
2014-03,Basket,413,2
2014-03,Basket,414,1
2014-03,Basket,501,13
2014-03,Basket,502,6
2014-03,Basket,503,6
2014-03,Collection,101,13
2014-03,Collection,102,32
2014-03,Collection,103,10
2014-03,Collection,104,16
2014-03,Collection,105,6
2014-03,Collection,106,14
2014-03,Collection,107,6
2014-03,Collection,108,14
2014-03,Collection,109,7
2014-03,Collection,110,18
2014-03,Collection,111,5
2014-03,Collection,112,5
2014-03,Collection,201,4
2014-03,Collection,202,4
2014-03,Collection,203,9
2014-03,Collection,204,10
2014-03,Collection,205,2
2014-03,Collection,206,19
2014-03,Collection,207,6
2014-03,Collection,208,30
2014-03,Collection,209,10
2014-03,Collection,210,28
2014-03,Collection,211,20
2014-03,Collection,212,36
2014-03,Collection,301,60
2014-03,Collection,302,28
2014-03,Collection,303,36
2014-03,Collection,304,16
2014-03,Collection,305,13
2014-03,Collection,306,25
2014-03,Collection,307,8
2014-03,Collection,308,18
2014-03,Collection,309,12
2014-03,Collection,310,16
2014-03,Collection,311,38
2014-03,Collection,312,46
2014-03,Collection,313,6
2014-03,Collection,314,32
2014-03,Collection,315,31
2014-03,Collection,316,12
2014-03,Collection,317,22
2014-03,Collection,318,42
2014-03,Collection,401,29
2014-03,Collection,402,16
2014-03,Collection,403,8
2014-03,Collection,404,20
2014-03,Collection,405,59
2014-03,Collection,406,19
2014-03,Collection,407,113
2014-03,Collection,408,78
2014-03,Collection,409,18
2014-03,Collection,410,34
2014-03,Collection,411,69
2014-03,Collection,412,85
2014-03,Collection,413,46
2014-03,Collection,414,32
2014-03,Collection,501,139
2014-03,Collection,502,86
2014-03,Collection,503,91
2014-03,Sweeping,103,2
2014-03,Sweeping,104,1
2014-03,Sweeping,106,1
2014-03,Sweeping,107,14
2014-03,Sweeping,108,4
2014-03,Sweeping,109,2
2014-03,Sweeping,110,3
2014-03,Sweeping,111,4
2014-03,Sweeping,112,5
2014-03,Sweeping,202,1
2014-03,Sweeping,203,2
2014-03,Sweeping,204,2
2014-03,Sweeping,207,1
2014-03,Sweeping,210,5
2014-03,Sweeping,211,5
2014-03,Sweeping,212,1
2014-03,Sweeping,301,8
2014-03,Sweeping,302,3
2014-03,Sweeping,303,6
2014-03,Sweeping,304,3
2014-03,Sweeping,305,4
2014-03,Sweeping,306,15
2014-03,Sweeping,307,8
2014-03,Sweeping,308,1
2014-03,Sweeping,309,4
2014-03,Sweeping,310,3
2014-03,Sweeping,311,16
2014-03,Sweeping,312,18
2014-03,Sweeping,313,1
2014-03,Sweeping,314,11
2014-03,Sweeping,315,8
2014-03,Sweeping,316,3
2014-03,Sweeping,317,8
2014-03,Sweeping,318,16
2014-03,Sweeping,355,1
2014-03,Sweeping,401,14
2014-03,Sweeping,402,6
2014-03,Sweeping,403,8
2014-03,Sweeping,404,3
2014-03,Sweeping,405,9
2014-03,Sweeping,406,1
2014-03,Sweeping,407,1
2014-03,Sweeping,408,2
2014-03,Sweeping,409,2
2014-03,Sweeping,412,1
2014-04,Basket,101,12
2014-04,Basket,102,15
2014-04,Basket,103,7
2014-04,Basket,104,8
2014-04,Basket,105,6
2014-04,Basket,106,4
2014-04,Basket,107,5
2014-04,Basket,108,4
2014-04,Basket,109,3
2014-04,Basket,110,4
2014-04,Basket,111,7
2014-04,Basket,112,14
2014-04,Basket,164,1
2014-04,Basket,202,2
2014-04,Basket,203,3
2014-04,Basket,204,1
2014-04,Basket,205,3
2014-04,Basket,206,2
2014-04,Basket,207,4
2014-04,Basket,208,4
2014-04,Basket,209,5
2014-04,Basket,210,1
2014-04,Basket,211,4
2014-04,Basket,212,3
2014-04,Basket,301,16
2014-04,Basket,302,16
2014-04,Basket,303,8
2014-04,Basket,304,3
2014-04,Basket,305,5
2014-04,Basket,306,4
2014-04,Basket,307,7
2014-04,Basket,308,6
2014-04,Basket,309,7
2014-04,Basket,310,5
2014-04,Basket,311,3
2014-04,Basket,312,3
2014-04,Basket,313,4
2014-04,Basket,314,3
2014-04,Basket,315,3
2014-04,Basket,316,3
2014-04,Basket,317,2
2014-04,Basket,318,5
2014-04,Basket,355,1
2014-04,Basket,401,6
2014-04,Basket,402,2
2014-04,Basket,403,9
2014-04,Basket,404,6
2014-04,Basket,405,2
2014-04,Basket,406,4
2014-04,Basket,407,4
2014-04,Basket,408,1
2014-04,Basket,410,1
2014-04,Basket,411,2
2014-04,Basket,412,9
2014-04,Basket,413,4
2014-04,Basket,501,12
2014-04,Basket,502,10
2014-04,Basket,503,3
2014-04,Collection,101,12
2014-04,Collection,102,23
2014-04,Collection,103,11
2014-04,Collection,104,25
2014-04,Collection,105,11
2014-04,Collection,106,16
2014-04,Collection,107,19
2014-04,Collection,108,19
2014-04,Collection,109,4
2014-04,Collection,110,6
2014-04,Collection,111,3
2014-04,Collection,112,10
2014-04,Collection,201,6
2014-04,Collection,202,3
2014-04,Collection,203,7
2014-04,Collection,204,1
2014-04,Collection,205,4
2014-04,Collection,206,10
2014-04,Collection,207,3
2014-04,Collection,208,19
2014-04,Collection,209,15
2014-04,Collection,210,15
2014-04,Collection,211,8
2014-04,Collection,212,28
2014-04,Collection,301,62
2014-04,Collection,302,23
2014-04,Collection,303,49
2014-04,Collection,304,9
2014-04,Collection,305,25
2014-04,Collection,306,13
2014-04,Collection,307,9
2014-04,Collection,308,9
2014-04,Collection,309,20
2014-04,Collection,310,25
2014-04,Collection,311,24
2014-04,Collection,312,45
2014-04,Collection,313,13
2014-04,Collection,314,35
2014-04,Collection,315,37
2014-04,Collection,316,2
2014-04,Collection,317,20
2014-04,Collection,318,57
2014-04,Collection,401,34
2014-04,Collection,402,13
2014-04,Collection,403,23
2014-04,Collection,404,14
2014-04,Collection,405,45
2014-04,Collection,406,25
2014-04,Collection,407,122
2014-04,Collection,408,79
2014-04,Collection,409,10
2014-04,Collection,410,30
2014-04,Collection,411,86
2014-04,Collection,412,74
2014-04,Collection,413,44
2014-04,Collection,414,21
2014-04,Collection,501,137
2014-04,Collection,502,74
2014-04,Collection,503,76
2014-04,Sweeping,102,1
2014-04,Sweeping,103,3
2014-04,Sweeping,108,1
2014-04,Sweeping,111,1
2014-04,Sweeping,164,2
2014-04,Sweeping,204,1
2014-04,Sweeping,207,1
2014-04,Sweeping,210,1
2014-04,Sweeping,301,4
2014-04,Sweeping,302,1
2014-04,Sweeping,303,2
2014-04,Sweeping,304,4
2014-04,Sweeping,305,3
2014-04,Sweeping,306,2
2014-04,Sweeping,307,1
2014-04,Sweeping,308,1
2014-04,Sweeping,309,1
2014-04,Sweeping,310,2
2014-04,Sweeping,311,6
2014-04,Sweeping,312,5
2014-04,Sweeping,313,1
2014-04,Sweeping,314,9
2014-04,Sweeping,317,6
2014-04,Sweeping,318,5
2014-04,Sweeping,401,6
2014-04,Sweeping,402,3
2014-04,Sweeping,403,3
2014-04,Sweeping,404,1
2014-04,Sweeping,405,4
2014-04,Sweeping,408,4
2014-04,Sweeping,409,2
2014-04,Sweeping,412,1
2014-04,Sweeping,414,1
2014-05,Basket,101,1
2014-05,Basket,102,15
2014-05,Basket,103,15
2014-05,Basket,104,8
2014-05,Basket,105,10
2014-05,Basket,106,12
2014-05,Basket,107,21
2014-05,Basket,108,14
2014-05,Basket,109,4
2014-05,Basket,110,8
2014-05,Basket,111,6
2014-05,Basket,112,7
2014-05,Basket,201,2
2014-05,Basket,202,3
2014-05,Basket,204,8
2014-05,Basket,207,10
2014-05,Basket,208,10
2014-05,Basket,209,5
2014-05,Basket,210,3
2014-05,Basket,211,7
2014-05,Basket,212,5
2014-05,Basket,301,15
2014-05,Basket,302,14
2014-05,Basket,303,6
2014-05,Basket,304,5
2014-05,Basket,305,6
2014-05,Basket,306,12
2014-05,Basket,307,2
2014-05,Basket,308,6
2014-05,Basket,309,6
2014-05,Basket,310,6
2014-05,Basket,311,1
2014-05,Basket,312,6
2014-05,Basket,313,2
2014-05,Basket,314,3
2014-05,Basket,315,7
2014-05,Basket,316,5
2014-05,Basket,317,6
2014-05,Basket,318,12
2014-05,Basket,401,5
2014-05,Basket,402,5
2014-05,Basket,403,7
2014-05,Basket,404,11
2014-05,Basket,405,16
2014-05,Basket,406,6
2014-05,Basket,407,3
2014-05,Basket,408,2
2014-05,Basket,409,3
2014-05,Basket,410,3
2014-05,Basket,411,4
2014-05,Basket,412,4
2014-05,Basket,413,6
2014-05,Basket,501,18
2014-05,Basket,502,6
2014-05,Basket,503,4
2014-05,Collection,101,13
2014-05,Collection,102,26
2014-05,Collection,103,8
2014-05,Collection,104,46
2014-05,Collection,105,8
2014-05,Collection,106,15
2014-05,Collection,107,17
2014-05,Collection,108,27
2014-05,Collection,109,2
2014-05,Collection,110,3
2014-05,Collection,111,3
2014-05,Collection,112,8
2014-05,Collection,201,8
2014-05,Collection,202,3
2014-05,Collection,203,7
2014-05,Collection,204,2
2014-05,Collection,205,2
2014-05,Collection,206,6
2014-05,Collection,207,6
2014-05,Collection,208,17
2014-05,Collection,209,6
2014-05,Collection,210,27
2014-05,Collection,211,10
2014-05,Collection,212,19
2014-05,Collection,301,55
2014-05,Collection,302,27
2014-05,Collection,303,47
2014-05,Collection,304,6
2014-05,Collection,305,24
2014-05,Collection,306,25
2014-05,Collection,307,17
2014-05,Collection,308,21
2014-05,Collection,309,13
2014-05,Collection,310,23
2014-05,Collection,311,43
2014-05,Collection,312,49
2014-05,Collection,313,7
2014-05,Collection,314,21
2014-05,Collection,315,34
2014-05,Collection,316,11
2014-05,Collection,317,41
2014-05,Collection,318,50
2014-05,Collection,401,45
2014-05,Collection,402,8
2014-05,Collection,403,8
2014-05,Collection,404,15
2014-05,Collection,405,59
2014-05,Collection,406,20
2014-05,Collection,407,127
2014-05,Collection,408,53
2014-05,Collection,409,22
2014-05,Collection,410,31
2014-05,Collection,411,52
2014-05,Collection,412,62
2014-05,Collection,413,40
2014-05,Collection,414,28
2014-05,Collection,501,114
2014-05,Collection,502,75
2014-05,Collection,503,81
2014-05,Sweeping,101,1
2014-05,Sweeping,103,3
2014-05,Sweeping,104,1
2014-05,Sweeping,108,1
2014-05,Sweeping,111,1
2014-05,Sweeping,112,3
2014-05,Sweeping,204,1
2014-05,Sweeping,210,2
2014-05,Sweeping,211,1
2014-05,Sweeping,301,4
2014-05,Sweeping,303,2
2014-05,Sweeping,305,4
2014-05,Sweeping,307,1
2014-05,Sweeping,309,3
2014-05,Sweeping,310,3
2014-05,Sweeping,311,7
2014-05,Sweeping,312,3
2014-05,Sweeping,313,1
2014-05,Sweeping,314,7
2014-05,Sweeping,315,1
2014-05,Sweeping,316,1
2014-05,Sweeping,317,11
2014-05,Sweeping,318,8
2014-05,Sweeping,401,2
2014-05,Sweeping,402,2
2014-05,Sweeping,403,9
2014-05,Sweeping,404,2
2014-05,Sweeping,405,2
2014-05,Sweeping,407,2
2014-05,Sweeping,408,3
2014-05,Sweeping,409,1
2014-05,Sweeping,410,1
2014-05,Sweeping,411,1
2014-05,Sweeping,412,1
2014-05,Sweeping,414,2
2014-05,Sweeping,502,1
2014-06,Basket,101,8
2014-06,Basket,102,20
2014-06,Basket,103,11
2014-06,Basket,104,16
2014-06,Basket,105,10
2014-06,Basket,106,11
2014-06,Basket,107,28
2014-06,Basket,108,6
2014-06,Basket,109,3
2014-06,Basket,110,14
2014-06,Basket,111,8
2014-06,Basket,112,20
2014-06,Basket,164,1
2014-06,Basket,201,7
2014-06,Basket,202,1
2014-06,Basket,204,6
2014-06,Basket,205,3
2014-06,Basket,206,3
2014-06,Basket,207,4
2014-06,Basket,208,3
2014-06,Basket,209,10
2014-06,Basket,210,3
2014-06,Basket,211,3
2014-06,Basket,212,8
2014-06,Basket,301,8
2014-06,Basket,302,24
2014-06,Basket,303,16
2014-06,Basket,304,9
2014-06,Basket,305,5
2014-06,Basket,306,11
2014-06,Basket,307,4
2014-06,Basket,308,3
2014-06,Basket,309,14
2014-06,Basket,310,5
2014-06,Basket,311,7
2014-06,Basket,312,9
2014-06,Basket,313,2
2014-06,Basket,314,18
2014-06,Basket,315,15
2014-06,Basket,316,9
2014-06,Basket,317,2
2014-06,Basket,318,9
2014-06,Basket,401,15
2014-06,Basket,402,8
2014-06,Basket,403,6
2014-06,Basket,404,6
2014-06,Basket,405,36
2014-06,Basket,406,4
2014-06,Basket,407,7
2014-06,Basket,408,6
2014-06,Basket,409,8
2014-06,Basket,411,2
2014-06,Basket,412,10
2014-06,Basket,413,5
2014-06,Basket,414,1
2014-06,Basket,482,1
2014-06,Basket,501,20
2014-06,Basket,502,21
2014-06,Basket,503,6
2014-06,Collection,101,10
2014-06,Collection,102,20
2014-06,Collection,103,10
2014-06,Collection,104,36
2014-06,Collection,105,9
2014-06,Collection,106,18
2014-06,Collection,107,11
2014-06,Collection,108,19
2014-06,Collection,109,4
2014-06,Collection,110,4
2014-06,Collection,111,6
2014-06,Collection,112,2
2014-06,Collection,201,4
2014-06,Collection,202,6
2014-06,Collection,203,13
2014-06,Collection,204,2
2014-06,Collection,205,3
2014-06,Collection,206,9
2014-06,Collection,207,9
2014-06,Collection,208,8
2014-06,Collection,209,5
2014-06,Collection,210,27
2014-06,Collection,211,9
2014-06,Collection,212,25
2014-06,Collection,301,53
2014-06,Collection,302,26
2014-06,Collection,303,44
2014-06,Collection,304,10
2014-06,Collection,305,24
2014-06,Collection,306,38
2014-06,Collection,307,23
2014-06,Collection,308,18
2014-06,Collection,309,15
2014-06,Collection,310,25
2014-06,Collection,311,45
2014-06,Collection,312,49
2014-06,Collection,313,19
2014-06,Collection,314,34
2014-06,Collection,315,22
2014-06,Collection,316,7
2014-06,Collection,317,45
2014-06,Collection,318,43
2014-06,Collection,401,72
2014-06,Collection,402,15
2014-06,Collection,403,82
2014-06,Collection,404,15
2014-06,Collection,405,123
2014-06,Collection,406,16
2014-06,Collection,407,135
2014-06,Collection,408,57
2014-06,Collection,409,34
2014-06,Collection,410,32
2014-06,Collection,411,71
2014-06,Collection,412,79
2014-06,Collection,413,53
2014-06,Collection,414,43
2014-06,Collection,501,175
2014-06,Collection,502,87
2014-06,Collection,503,97
2014-06,Sweeping,102,2
2014-06,Sweeping,103,1
2014-06,Sweeping,107,1
2014-06,Sweeping,108,10
2014-06,Sweeping,109,1
2014-06,Sweeping,112,7
2014-06,Sweeping,204,2
2014-06,Sweeping,207,1
2014-06,Sweeping,208,1
2014-06,Sweeping,209,1
2014-06,Sweeping,212,1
2014-06,Sweeping,301,6
2014-06,Sweeping,302,6
2014-06,Sweeping,303,5
2014-06,Sweeping,305,8
2014-06,Sweeping,306,2
2014-06,Sweeping,307,1
2014-06,Sweeping,309,4
2014-06,Sweeping,310,2
2014-06,Sweeping,311,6
2014-06,Sweeping,312,3
2014-06,Sweeping,313,3
2014-06,Sweeping,314,4
2014-06,Sweeping,315,3
2014-06,Sweeping,317,16
2014-06,Sweeping,318,22
2014-06,Sweeping,401,3
2014-06,Sweeping,402,6
2014-06,Sweeping,403,7
2014-06,Sweeping,404,3
2014-06,Sweeping,405,2
2014-06,Sweeping,408,2
2014-06,Sweeping,409,4
2014-06,Sweeping,412,1
2014-06,Sweeping,414,1
2014-07,Basket,101,5
2014-07,Basket,102,13
2014-07,Basket,103,10
2014-07,Basket,104,8
2014-07,Basket,105,2
2014-07,Basket,106,11
2014-07,Basket,107,13
2014-07,Basket,108,2
2014-07,Basket,109,1
2014-07,Basket,110,15
2014-07,Basket,111,13
2014-07,Basket,112,16
2014-07,Basket,201,8
2014-07,Basket,203,1
2014-07,Basket,204,3
2014-07,Basket,205,3
2014-07,Basket,206,3
2014-07,Basket,207,5
2014-07,Basket,209,5
2014-07,Basket,210,3
2014-07,Basket,211,5
2014-07,Basket,212,6
2014-07,Basket,226,1
2014-07,Basket,301,12
2014-07,Basket,302,9
2014-07,Basket,303,2
2014-07,Basket,304,8
2014-07,Basket,305,7
2014-07,Basket,306,13
2014-07,Basket,307,3
2014-07,Basket,308,3
2014-07,Basket,309,4
2014-07,Basket,310,4
2014-07,Basket,311,4
2014-07,Basket,312,4
2014-07,Basket,313,3
2014-07,Basket,314,5
2014-07,Basket,315,14
2014-07,Basket,316,3
2014-07,Basket,317,5
2014-07,Basket,318,7
2014-07,Basket,401,4
2014-07,Basket,402,7
2014-07,Basket,403,6
2014-07,Basket,404,5
2014-07,Basket,405,21
2014-07,Basket,406,3
2014-07,Basket,407,8
2014-07,Basket,408,7
2014-07,Basket,409,6
2014-07,Basket,410,2
2014-07,Basket,411,10
2014-07,Basket,412,9
2014-07,Basket,413,12
2014-07,Basket,414,3
2014-07,Basket,501,19
2014-07,Basket,502,6
2014-07,Basket,503,7
2014-07,Collection,101,6
2014-07,Collection,102,28
2014-07,Collection,103,10
2014-07,Collection,104,24
2014-07,Collection,105,9
2014-07,Collection,106,24
2014-07,Collection,107,24
2014-07,Collection,108,13
2014-07,Collection,109,3
2014-07,Collection,110,16
2014-07,Collection,111,1
2014-07,Collection,112,2
2014-07,Collection,201,6
2014-07,Collection,202,5
2014-07,Collection,203,15
2014-07,Collection,204,5
2014-07,Collection,205,1
2014-07,Collection,206,11
2014-07,Collection,207,5
2014-07,Collection,208,8
2014-07,Collection,209,13
2014-07,Collection,210,19
2014-07,Collection,211,9
2014-07,Collection,212,13
2014-07,Collection,301,59
2014-07,Collection,302,27
2014-07,Collection,303,54
2014-07,Collection,304,12
2014-07,Collection,305,16
2014-07,Collection,306,32
2014-07,Collection,307,13
2014-07,Collection,308,26
2014-07,Collection,309,14
2014-07,Collection,310,20
2014-07,Collection,311,58
2014-07,Collection,312,51
2014-07,Collection,313,16
2014-07,Collection,314,26
2014-07,Collection,315,30
2014-07,Collection,316,6
2014-07,Collection,317,54
2014-07,Collection,318,71
2014-07,Collection,401,35
2014-07,Collection,402,16
2014-07,Collection,403,24
2014-07,Collection,404,9
2014-07,Collection,405,96
2014-07,Collection,406,18
2014-07,Collection,407,112
2014-07,Collection,408,65
2014-07,Collection,409,27
2014-07,Collection,410,41
2014-07,Collection,411,48
2014-07,Collection,412,68
2014-07,Collection,413,104
2014-07,Collection,414,34
2014-07,Collection,501,117
2014-07,Collection,502,89
2014-07,Collection,503,72
2014-07,Sweeping,103,3
2014-07,Sweeping,105,1
2014-07,Sweeping,107,1
2014-07,Sweeping,108,4
2014-07,Sweeping,109,3
2014-07,Sweeping,110,1
2014-07,Sweeping,111,1
2014-07,Sweeping,112,1
2014-07,Sweeping,203,1
2014-07,Sweeping,205,2
2014-07,Sweeping,206,1
2014-07,Sweeping,209,1
2014-07,Sweeping,211,2
2014-07,Sweeping,212,2
2014-07,Sweeping,301,4
2014-07,Sweeping,302,2
2014-07,Sweeping,303,3
2014-07,Sweeping,304,2
2014-07,Sweeping,305,7
2014-07,Sweeping,306,4
2014-07,Sweeping,307,2
2014-07,Sweeping,308,1
2014-07,Sweeping,309,1
2014-07,Sweeping,310,1
2014-07,Sweeping,311,18
2014-07,Sweeping,312,10
2014-07,Sweeping,313,3
2014-07,Sweeping,314,5
2014-07,Sweeping,315,8
2014-07,Sweeping,316,1
2014-07,Sweeping,317,16
2014-07,Sweeping,318,13
2014-07,Sweeping,401,7
2014-07,Sweeping,402,6
2014-07,Sweeping,403,5
2014-07,Sweeping,404,2
2014-07,Sweeping,405,3
2014-07,Sweeping,406,5
2014-07,Sweeping,407,2
2014-07,Sweeping,408,5
2014-07,Sweeping,409,4
2014-07,Sweeping,412,2
2014-07,Sweeping,414,1
2014-07,Sweeping,502,2
2014-08,Basket,101,3
2014-08,Basket,102,10
2014-08,Basket,103,6
2014-08,Basket,104,10
2014-08,Basket,105,1
2014-08,Basket,106,9
2014-08,Basket,107,10
2014-08,Basket,108,6
2014-08,Basket,109,10
2014-08,Basket,110,5
2014-08,Basket,111,7
2014-08,Basket,112,25
2014-08,Basket,201,4
2014-08,Basket,202,4
2014-08,Basket,203,1
2014-08,Basket,204,6
2014-08,Basket,206,5
2014-08,Basket,207,5
2014-08,Basket,208,6
2014-08,Basket,209,6
2014-08,Basket,210,3
2014-08,Basket,211,4
2014-08,Basket,212,3
2014-08,Basket,228,1
2014-08,Basket,301,19
2014-08,Basket,302,11
2014-08,Basket,303,9
2014-08,Basket,304,6
2014-08,Basket,305,2
2014-08,Basket,306,5
2014-08,Basket,307,5
2014-08,Basket,308,7
2014-08,Basket,309,2
2014-08,Basket,310,1
2014-08,Basket,311,16
2014-08,Basket,312,11
2014-08,Basket,314,6
2014-08,Basket,315,3
2014-08,Basket,316,1
2014-08,Basket,317,1
2014-08,Basket,318,21
2014-08,Basket,402,9
2014-08,Basket,403,6
2014-08,Basket,404,8
2014-08,Basket,405,9
2014-08,Basket,406,5
2014-08,Basket,407,9
2014-08,Basket,408,5
2014-08,Basket,409,4
2014-08,Basket,410,2
2014-08,Basket,411,2
2014-08,Basket,412,8
2014-08,Basket,413,13
2014-08,Basket,414,2
2014-08,Basket,501,8
2014-08,Basket,502,8
2014-08,Basket,503,5
2014-08,Basket,595,1
2014-08,Collection,101,14
2014-08,Collection,102,20
2014-08,Collection,103,7
2014-08,Collection,104,41
2014-08,Collection,105,11
2014-08,Collection,106,14
2014-08,Collection,107,12
2014-08,Collection,108,7
2014-08,Collection,109,9
2014-08,Collection,110,14
2014-08,Collection,111,3
2014-08,Collection,112,3
2014-08,Collection,164,1
2014-08,Collection,201,3
2014-08,Collection,202,4
2014-08,Collection,203,11
2014-08,Collection,204,2
2014-08,Collection,205,2
2014-08,Collection,206,8
2014-08,Collection,207,3
2014-08,Collection,208,3
2014-08,Collection,209,10
2014-08,Collection,210,16
2014-08,Collection,211,11
2014-08,Collection,212,14
2014-08,Collection,301,61
2014-08,Collection,302,21
2014-08,Collection,303,42
2014-08,Collection,304,17
2014-08,Collection,305,19
2014-08,Collection,306,26
2014-08,Collection,307,6
2014-08,Collection,308,26
2014-08,Collection,309,10
2014-08,Collection,310,24
2014-08,Collection,311,31
2014-08,Collection,312,45
2014-08,Collection,313,9
2014-08,Collection,314,25
2014-08,Collection,315,28
2014-08,Collection,316,7
2014-08,Collection,317,46
2014-08,Collection,318,55
2014-08,Collection,401,34
2014-08,Collection,402,5
2014-08,Collection,403,17
2014-08,Collection,404,14
2014-08,Collection,405,74
2014-08,Collection,406,11
2014-08,Collection,407,89
2014-08,Collection,408,59
2014-08,Collection,409,29
2014-08,Collection,410,30
2014-08,Collection,411,48
2014-08,Collection,412,64
2014-08,Collection,413,59
2014-08,Collection,414,30
2014-08,Collection,501,116
2014-08,Collection,502,66
2014-08,Collection,503,90
2014-08,Sweeping,102,1
2014-08,Sweeping,104,1
2014-08,Sweeping,105,1
2014-08,Sweeping,107,1
2014-08,Sweeping,108,6
2014-08,Sweeping,109,3
2014-08,Sweeping,110,1
2014-08,Sweeping,201,2
2014-08,Sweeping,203,2
2014-08,Sweeping,204,1
2014-08,Sweeping,207,1
2014-08,Sweeping,208,2
2014-08,Sweeping,209,3
2014-08,Sweeping,211,3
2014-08,Sweeping,212,4
2014-08,Sweeping,301,3
2014-08,Sweeping,302,1
2014-08,Sweeping,303,12
2014-08,Sweeping,304,4
2014-08,Sweeping,305,13
2014-08,Sweeping,306,3
2014-08,Sweeping,307,1
2014-08,Sweeping,308,3
2014-08,Sweeping,309,5
2014-08,Sweeping,310,7
2014-08,Sweeping,311,22
2014-08,Sweeping,312,6
2014-08,Sweeping,313,3
2014-08,Sweeping,314,8
2014-08,Sweeping,315,17
2014-08,Sweeping,317,25
2014-08,Sweeping,318,18
2014-08,Sweeping,401,11
2014-08,Sweeping,402,7
2014-08,Sweeping,403,3
2014-08,Sweeping,404,2
2014-08,Sweeping,405,9
2014-08,Sweeping,406,1
2014-08,Sweeping,407,7
2014-08,Sweeping,408,2
2014-08,Sweeping,409,5
2014-08,Sweeping,413,1
2014-08,Sweeping,414,3
2014-09,Basket,101,5
2014-09,Basket,102,10
2014-09,Basket,103,7
2014-09,Basket,104,19
2014-09,Basket,105,4
2014-09,Basket,106,17
2014-09,Basket,107,22
2014-09,Basket,108,7
2014-09,Basket,109,4
2014-09,Basket,110,7
2014-09,Basket,111,11
2014-09,Basket,112,9
2014-09,Basket,201,2
2014-09,Basket,203,1
2014-09,Basket,204,4
2014-09,Basket,205,3
2014-09,Basket,206,3
2014-09,Basket,207,1
2014-09,Basket,208,4
2014-09,Basket,209,5
2014-09,Basket,210,1
2014-09,Basket,211,5
2014-09,Basket,212,3
2014-09,Basket,301,20
2014-09,Basket,302,15
2014-09,Basket,303,11
2014-09,Basket,304,5
2014-09,Basket,305,5
2014-09,Basket,306,10
2014-09,Basket,307,9
2014-09,Basket,308,15
2014-09,Basket,309,8
2014-09,Basket,310,2
2014-09,Basket,311,13
2014-09,Basket,312,7
2014-09,Basket,313,2
2014-09,Basket,314,12
2014-09,Basket,315,2
2014-09,Basket,316,3
2014-09,Basket,317,7
2014-09,Basket,318,10
2014-09,Basket,355,1
2014-09,Basket,401,9
2014-09,Basket,402,4
2014-09,Basket,403,9
2014-09,Basket,404,5
2014-09,Basket,405,2
2014-09,Basket,407,4
2014-09,Basket,408,5
2014-09,Basket,409,3
2014-09,Basket,410,3
2014-09,Basket,411,2
2014-09,Basket,412,12
2014-09,Basket,413,7
2014-09,Basket,414,1
2014-09,Basket,501,16
2014-09,Basket,502,5
2014-09,Basket,503,7
2014-09,Collection,101,15
2014-09,Collection,102,27
2014-09,Collection,103,9
2014-09,Collection,104,30
2014-09,Collection,105,9
2014-09,Collection,106,21
2014-09,Collection,107,18
2014-09,Collection,108,16
2014-09,Collection,109,4
2014-09,Collection,110,17
2014-09,Collection,111,7
2014-09,Collection,112,10
2014-09,Collection,201,6
2014-09,Collection,202,2
2014-09,Collection,203,13
2014-09,Collection,204,4
2014-09,Collection,206,9
2014-09,Collection,207,6
2014-09,Collection,208,9
2014-09,Collection,209,10
2014-09,Collection,210,20
2014-09,Collection,211,10
2014-09,Collection,212,20
2014-09,Collection,301,68
2014-09,Collection,302,20
2014-09,Collection,303,42
2014-09,Collection,304,21
2014-09,Collection,305,24
2014-09,Collection,306,27
2014-09,Collection,307,12
2014-09,Collection,308,12
2014-09,Collection,309,19
2014-09,Collection,310,31
2014-09,Collection,311,37
2014-09,Collection,312,31
2014-09,Collection,313,14
2014-09,Collection,314,44
2014-09,Collection,315,40
2014-09,Collection,316,3
2014-09,Collection,317,49
2014-09,Collection,318,53
2014-09,Collection,401,28
2014-09,Collection,402,5
2014-09,Collection,403,19
2014-09,Collection,404,14
2014-09,Collection,405,58
2014-09,Collection,406,20
2014-09,Collection,407,88
2014-09,Collection,408,51
2014-09,Collection,409,20
2014-09,Collection,410,33
2014-09,Collection,411,32
2014-09,Collection,412,65
2014-09,Collection,413,55
2014-09,Collection,414,25
2014-09,Collection,501,100
2014-09,Collection,502,66
2014-09,Collection,503,58
2014-09,Sweeping,102,5
2014-09,Sweeping,104,1
2014-09,Sweeping,106,1
2014-09,Sweeping,107,3
2014-09,Sweeping,108,7
2014-09,Sweeping,109,1
2014-09,Sweeping,110,2
2014-09,Sweeping,112,1
2014-09,Sweeping,204,1
2014-09,Sweeping,205,3
2014-09,Sweeping,207,1
2014-09,Sweeping,208,1
2014-09,Sweeping,209,3
2014-09,Sweeping,210,1
2014-09,Sweeping,211,1
2014-09,Sweeping,212,6
2014-09,Sweeping,301,6
2014-09,Sweeping,302,5
2014-09,Sweeping,303,9
2014-09,Sweeping,304,3
2014-09,Sweeping,305,6
2014-09,Sweeping,306,6
2014-09,Sweeping,307,3
2014-09,Sweeping,308,1
2014-09,Sweeping,309,3
2014-09,Sweeping,310,9
2014-09,Sweeping,311,12
2014-09,Sweeping,312,6
2014-09,Sweeping,313,3
2014-09,Sweeping,314,6
2014-09,Sweeping,315,6
2014-09,Sweeping,316,3
2014-09,Sweeping,317,14
2014-09,Sweeping,318,9
2014-09,Sweeping,401,5
2014-09,Sweeping,402,5
2014-09,Sweeping,403,7
2014-09,Sweeping,404,2
2014-09,Sweeping,405,6
2014-09,Sweeping,406,6
2014-09,Sweeping,407,5
2014-09,Sweeping,408,3
2014-09,Sweeping,409,2
2014-09,Sweeping,412,2
2014-09,Sweeping,414,2
2014-10,Basket,101,3
2014-10,Basket,102,11
2014-10,Basket,103,2
2014-10,Basket,104,12
2014-10,Basket,105,7
2014-10,Basket,106,5
2014-10,Basket,107,16
2014-10,Basket,108,2
2014-10,Basket,109,1
2014-10,Basket,110,2
2014-10,Basket,111,3
2014-10,Basket,112,5
2014-10,Basket,201,4
2014-10,Basket,202,2
2014-10,Basket,204,8
2014-10,Basket,205,7
2014-10,Basket,206,3
2014-10,Basket,207,1
2014-10,Basket,208,1
2014-10,Basket,209,3
2014-10,Basket,210,1
2014-10,Basket,211,8
2014-10,Basket,212,2
2014-10,Basket,301,20
2014-10,Basket,302,17
2014-10,Basket,303,9
2014-10,Basket,304,6
2014-10,Basket,305,6
2014-10,Basket,306,8
2014-10,Basket,307,12
2014-10,Basket,308,6
2014-10,Basket,309,6
2014-10,Basket,310,6
2014-10,Basket,311,9
2014-10,Basket,312,4
2014-10,Basket,313,3
2014-10,Basket,314,6
2014-10,Basket,315,13
2014-10,Basket,316,1
2014-10,Basket,317,3
2014-10,Basket,318,11
2014-10,Basket,401,9
2014-10,Basket,402,5
2014-10,Basket,403,10
2014-10,Basket,404,1
2014-10,Basket,405,7
2014-10,Basket,406,2
2014-10,Basket,407,3
2014-10,Basket,408,4
2014-10,Basket,409,4
2014-10,Basket,410,5
2014-10,Basket,411,6
2014-10,Basket,412,4
2014-10,Basket,413,4
2014-10,Basket,414,4
2014-10,Basket,501,11
2014-10,Basket,502,5
2014-10,Basket,503,8
2014-10,Collection,101,21
2014-10,Collection,102,38
2014-10,Collection,103,16
2014-10,Collection,104,68
2014-10,Collection,105,20
2014-10,Collection,106,20
2014-10,Collection,107,29
2014-10,Collection,108,14
2014-10,Collection,109,4
2014-10,Collection,110,16
2014-10,Collection,111,10
2014-10,Collection,112,4
2014-10,Collection,201,6
2014-10,Collection,202,4
2014-10,Collection,203,13
2014-10,Collection,204,3
2014-10,Collection,205,5
2014-10,Collection,206,3
2014-10,Collection,207,10
2014-10,Collection,208,9
2014-10,Collection,209,7
2014-10,Collection,210,40
2014-10,Collection,211,9
2014-10,Collection,212,19
2014-10,Collection,301,75
2014-10,Collection,302,14
2014-10,Collection,303,38
2014-10,Collection,304,50
2014-10,Collection,305,27
2014-10,Collection,306,34
2014-10,Collection,307,4
2014-10,Collection,308,20
2014-10,Collection,309,12
2014-10,Collection,310,27
2014-10,Collection,311,39
2014-10,Collection,312,65
2014-10,Collection,313,6
2014-10,Collection,314,40
2014-10,Collection,315,30
2014-10,Collection,316,20
2014-10,Collection,317,49
2014-10,Collection,318,49
2014-10,Collection,401,38
2014-10,Collection,402,9
2014-10,Collection,403,16
2014-10,Collection,404,20
2014-10,Collection,405,55
2014-10,Collection,406,30
2014-10,Collection,407,105
2014-10,Collection,408,48
2014-10,Collection,409,24
2014-10,Collection,410,25
2014-10,Collection,411,31
2014-10,Collection,412,55
2014-10,Collection,413,51
2014-10,Collection,414,27
2014-10,Collection,501,115
2014-10,Collection,502,70
2014-10,Collection,503,63
2014-10,Sweeping,102,1
2014-10,Sweeping,103,1
2014-10,Sweeping,104,2
2014-10,Sweeping,106,1
2014-10,Sweeping,107,8
2014-10,Sweeping,108,5
2014-10,Sweeping,109,2
2014-10,Sweeping,110,5
2014-10,Sweeping,112,1
2014-10,Sweeping,203,1
2014-10,Sweeping,204,2
2014-10,Sweeping,205,2
2014-10,Sweeping,206,2
2014-10,Sweeping,207,6
2014-10,Sweeping,208,1
2014-10,Sweeping,209,1
2014-10,Sweeping,212,2
2014-10,Sweeping,301,8
2014-10,Sweeping,302,3
2014-10,Sweeping,303,14
2014-10,Sweeping,304,4
2014-10,Sweeping,305,8
2014-10,Sweeping,306,15
2014-10,Sweeping,307,15
2014-10,Sweeping,309,3
2014-10,Sweeping,310,9
2014-10,Sweeping,311,9
2014-10,Sweeping,312,6
2014-10,Sweeping,313,2
2014-10,Sweeping,314,3
2014-10,Sweeping,315,8
2014-10,Sweeping,317,12
2014-10,Sweeping,318,10
2014-10,Sweeping,401,5
2014-10,Sweeping,402,4
2014-10,Sweeping,403,12
2014-10,Sweeping,404,4
2014-10,Sweeping,405,8
2014-10,Sweeping,406,1
2014-10,Sweeping,407,3
2014-10,Sweeping,408,3
2014-10,Sweeping,409,2
2014-10,Sweeping,412,1
2014-11,Basket,101,3
2014-11,Basket,102,15
2014-11,Basket,103,2
2014-11,Basket,104,10
2014-11,Basket,105,5
2014-11,Basket,106,4
2014-11,Basket,107,14
2014-11,Basket,108,12
2014-11,Basket,110,4
2014-11,Basket,111,1
2014-11,Basket,112,5
2014-11,Basket,201,1
2014-11,Basket,203,1
2014-11,Basket,204,3
2014-11,Basket,207,2
2014-11,Basket,208,3
2014-11,Basket,209,3
2014-11,Basket,210,1
2014-11,Basket,211,1
2014-11,Basket,212,4
2014-11,Basket,301,8
2014-11,Basket,302,1
2014-11,Basket,303,3
2014-11,Basket,304,2
2014-11,Basket,305,5
2014-11,Basket,306,7
2014-11,Basket,307,1
2014-11,Basket,308,5
2014-11,Basket,309,3
2014-11,Basket,310,6
2014-11,Basket,311,10
2014-11,Basket,312,4
2014-11,Basket,313,1
2014-11,Basket,314,6
2014-11,Basket,315,6
2014-11,Basket,316,2
2014-11,Basket,317,5
2014-11,Basket,318,4
2014-11,Basket,401,3
2014-11,Basket,403,5
2014-11,Basket,404,2
2014-11,Basket,405,5
2014-11,Basket,406,7
2014-11,Basket,407,2
2014-11,Basket,408,1
2014-11,Basket,410,3
2014-11,Basket,411,1
2014-11,Basket,412,7
2014-11,Basket,413,1
2014-11,Basket,414,2
2014-11,Basket,501,7
2014-11,Basket,502,9
2014-11,Basket,503,6
2014-11,Collection,101,25
2014-11,Collection,102,37
2014-11,Collection,103,17
2014-11,Collection,104,40
2014-11,Collection,105,17
2014-11,Collection,106,35
2014-11,Collection,107,24
2014-11,Collection,108,24
2014-11,Collection,109,10
2014-11,Collection,110,29
2014-11,Collection,111,18
2014-11,Collection,112,13
2014-11,Collection,201,6
2014-11,Collection,202,3
2014-11,Collection,203,10
2014-11,Collection,204,12
2014-11,Collection,205,5
2014-11,Collection,206,9
2014-11,Collection,207,7
2014-11,Collection,208,22
2014-11,Collection,209,7
2014-11,Collection,210,35
2014-11,Collection,211,8
2014-11,Collection,212,26
2014-11,Collection,301,75
2014-11,Collection,302,24
2014-11,Collection,303,50
2014-11,Collection,304,16
2014-11,Collection,305,18
2014-11,Collection,306,26
2014-11,Collection,307,6
2014-11,Collection,308,18
2014-11,Collection,309,14
2014-11,Collection,310,23
2014-11,Collection,311,32
2014-11,Collection,312,64
2014-11,Collection,313,9
2014-11,Collection,314,53
2014-11,Collection,315,52
2014-11,Collection,316,5
2014-11,Collection,317,32
2014-11,Collection,318,53
2014-11,Collection,355,1
2014-11,Collection,401,31
2014-11,Collection,402,20
2014-11,Collection,403,19
2014-11,Collection,404,22
2014-11,Collection,405,71
2014-11,Collection,406,31
2014-11,Collection,407,115
2014-11,Collection,408,68
2014-11,Collection,409,26
2014-11,Collection,410,39
2014-11,Collection,411,55
2014-11,Collection,412,35
2014-11,Collection,413,45
2014-11,Collection,414,22
2014-11,Collection,501,146
2014-11,Collection,502,90
2014-11,Collection,503,92
2014-11,Sweeping,102,4
2014-11,Sweeping,103,6
2014-11,Sweeping,107,8
2014-11,Sweeping,108,12
2014-11,Sweeping,109,2
2014-11,Sweeping,110,6
2014-11,Sweeping,111,1
2014-11,Sweeping,112,2
2014-11,Sweeping,203,2
2014-11,Sweeping,204,1
2014-11,Sweeping,205,1
2014-11,Sweeping,208,2
2014-11,Sweeping,209,3
2014-11,Sweeping,210,2
2014-11,Sweeping,211,2
2014-11,Sweeping,212,3
2014-11,Sweeping,301,8
2014-11,Sweeping,302,14
2014-11,Sweeping,303,14
2014-11,Sweeping,304,1
2014-11,Sweeping,305,3
2014-11,Sweeping,306,19
2014-11,Sweeping,307,7
2014-11,Sweeping,308,6
2014-11,Sweeping,309,7
2014-11,Sweeping,310,18
2014-11,Sweeping,311,21
2014-11,Sweeping,312,16
2014-11,Sweeping,314,16
2014-11,Sweeping,315,9
2014-11,Sweeping,317,15
2014-11,Sweeping,318,16
2014-11,Sweeping,401,12
2014-11,Sweeping,402,14
2014-11,Sweeping,403,6
2014-11,Sweeping,404,5
2014-11,Sweeping,405,9
2014-11,Sweeping,406,12
2014-11,Sweeping,407,2
2014-11,Sweeping,408,3
2014-11,Sweeping,414,1
2014-11,Sweeping,502,1
2014-12,Basket,101,1
2014-12,Basket,102,11
2014-12,Basket,103,2
2014-12,Basket,104,5
2014-12,Basket,105,2
2014-12,Basket,106,4
2014-12,Basket,107,8
2014-12,Basket,108,3
2014-12,Basket,110,1
2014-12,Basket,111,1
2014-12,Basket,112,2
2014-12,Basket,204,5
2014-12,Basket,206,1
2014-12,Basket,207,2
2014-12,Basket,208,1
2014-12,Basket,211,3
2014-12,Basket,212,2
2014-12,Basket,301,2
2014-12,Basket,302,3
2014-12,Basket,303,1
2014-12,Basket,304,4
2014-12,Basket,305,1
2014-12,Basket,306,3
2014-12,Basket,307,2
2014-12,Basket,308,8
2014-12,Basket,309,5
2014-12,Basket,310,4
2014-12,Basket,311,1
2014-12,Basket,312,5
2014-12,Basket,313,1
2014-12,Basket,314,6
2014-12,Basket,315,5
2014-12,Basket,316,1
2014-12,Basket,317,3
2014-12,Basket,318,3
2014-12,Basket,401,1
2014-12,Basket,402,2
2014-12,Basket,403,4
2014-12,Basket,404,5
2014-12,Basket,405,2
2014-12,Basket,407,3
2014-12,Basket,408,4
2014-12,Basket,410,2
2014-12,Basket,411,1
2014-12,Basket,412,4
2014-12,Basket,413,3
2014-12,Basket,414,1
2014-12,Basket,501,10
2014-12,Basket,502,1
2014-12,Basket,503,6
2014-12,Collection,101,16
2014-12,Collection,102,14
2014-12,Collection,103,18
2014-12,Collection,104,43
2014-12,Collection,105,10
2014-12,Collection,106,22
2014-12,Collection,107,16
2014-12,Collection,108,8
2014-12,Collection,109,5
2014-12,Collection,110,17
2014-12,Collection,111,6
2014-12,Collection,112,5
2014-12,Collection,201,9
2014-12,Collection,202,9
2014-12,Collection,203,25
2014-12,Collection,204,7
2014-12,Collection,205,2
2014-12,Collection,206,15
2014-12,Collection,207,9
2014-12,Collection,208,21
2014-12,Collection,209,14
2014-12,Collection,210,36
2014-12,Collection,211,12
2014-12,Collection,212,16
2014-12,Collection,301,67
2014-12,Collection,302,18
2014-12,Collection,303,45
2014-12,Collection,304,17
2014-12,Collection,305,28
2014-12,Collection,306,27
2014-12,Collection,307,14
2014-12,Collection,308,27
2014-12,Collection,309,12
2014-12,Collection,310,31
2014-12,Collection,311,34
2014-12,Collection,312,46
2014-12,Collection,313,6
2014-12,Collection,314,27
2014-12,Collection,315,22
2014-12,Collection,316,6
2014-12,Collection,317,29
2014-12,Collection,318,47
2014-12,Collection,401,25
2014-12,Collection,402,12
2014-12,Collection,403,19
2014-12,Collection,404,15
2014-12,Collection,405,60
2014-12,Collection,406,28
2014-12,Collection,407,156
2014-12,Collection,408,78
2014-12,Collection,409,25
2014-12,Collection,410,31
2014-12,Collection,411,73
2014-12,Collection,412,54
2014-12,Collection,413,65
2014-12,Collection,414,25
2014-12,Collection,501,253
2014-12,Collection,502,106
2014-12,Collection,503,112
2014-12,Sweeping,102,2
2014-12,Sweeping,106,1
2014-12,Sweeping,107,4
2014-12,Sweeping,108,3
2014-12,Sweeping,109,1
2014-12,Sweeping,110,2
2014-12,Sweeping,111,1
2014-12,Sweeping,112,2
2014-12,Sweeping,203,1
2014-12,Sweeping,205,1
2014-12,Sweeping,208,1
2014-12,Sweeping,209,1
2014-12,Sweeping,210,3
2014-12,Sweeping,212,1
2014-12,Sweeping,301,4
2014-12,Sweeping,302,10
2014-12,Sweeping,303,6
2014-12,Sweeping,304,4
2014-12,Sweeping,305,7
2014-12,Sweeping,306,21
2014-12,Sweeping,307,4
2014-12,Sweeping,308,2
2014-12,Sweeping,309,1
2014-12,Sweeping,311,8
2014-12,Sweeping,312,14
2014-12,Sweeping,314,19
2014-12,Sweeping,315,2
2014-12,Sweeping,317,9
2014-12,Sweeping,318,6
2014-12,Sweeping,401,5
2014-12,Sweeping,402,2
2014-12,Sweeping,403,3
2014-12,Sweeping,405,10
2014-12,Sweeping,406,3
2014-12,Sweeping,407,2
2014-12,Sweeping,408,1
2014-12,Sweeping,412,1
2014-12,Sweeping,414,1
2015-01,Basket,101,2
2015-01,Basket,102,8
2015-01,Basket,103,5
2015-01,Basket,104,9
2015-01,Basket,105,2
2015-01,Basket,106,3
2015-01,Basket,107,13
2015-01,Basket,108,5
2015-01,Basket,111,2
2015-01,Basket,112,2
2015-01,Basket,201,1
2015-01,Basket,202,1
2015-01,Basket,203,2
2015-01,Basket,204,2
2015-01,Basket,206,1
2015-01,Basket,207,1
2015-01,Basket,208,1
2015-01,Basket,210,1
2015-01,Basket,211,5
2015-01,Basket,212,2
2015-01,Basket,301,6
2015-01,Basket,302,7
2015-01,Basket,303,5
2015-01,Basket,304,1
2015-01,Basket,305,3
2015-01,Basket,306,2
2015-01,Basket,307,7
2015-01,Basket,308,3
2015-01,Basket,309,1
2015-01,Basket,310,1
2015-01,Basket,311,3
2015-01,Basket,314,7
2015-01,Basket,315,2
2015-01,Basket,316,1
2015-01,Basket,317,1
2015-01,Basket,318,6
2015-01,Basket,401,2
2015-01,Basket,402,2
2015-01,Basket,403,9
2015-01,Basket,405,1
2015-01,Basket,406,3
2015-01,Basket,407,1
2015-01,Basket,408,1
2015-01,Basket,409,2
2015-01,Basket,412,2
2015-01,Basket,413,3
2015-01,Basket,414,1
2015-01,Basket,501,2
2015-01,Basket,502,1
2015-01,Basket,503,4
2015-01,Collection,101,10
2015-01,Collection,102,15
2015-01,Collection,103,12
2015-01,Collection,104,36
2015-01,Collection,105,4
2015-01,Collection,106,31
2015-01,Collection,107,24
2015-01,Collection,108,27
2015-01,Collection,109,4
2015-01,Collection,110,17
2015-01,Collection,111,4
2015-01,Collection,112,11
2015-01,Collection,202,6
2015-01,Collection,203,18
2015-01,Collection,204,3
2015-01,Collection,205,2
2015-01,Collection,206,10
2015-01,Collection,207,12
2015-01,Collection,208,25
2015-01,Collection,209,12
2015-01,Collection,210,32
2015-01,Collection,211,29
2015-01,Collection,212,29
2015-01,Collection,301,59
2015-01,Collection,302,24
2015-01,Collection,303,49
2015-01,Collection,304,20
2015-01,Collection,305,35
2015-01,Collection,306,34
2015-01,Collection,307,15
2015-01,Collection,308,25
2015-01,Collection,309,16
2015-01,Collection,310,30
2015-01,Collection,311,33
2015-01,Collection,312,32
2015-01,Collection,313,17
2015-01,Collection,314,28
2015-01,Collection,315,39
2015-01,Collection,316,9
2015-01,Collection,317,27
2015-01,Collection,318,48
2015-01,Collection,401,24
2015-01,Collection,402,15
2015-01,Collection,403,12
2015-01,Collection,404,18
2015-01,Collection,405,48
2015-01,Collection,406,17
2015-01,Collection,407,123
2015-01,Collection,408,62
2015-01,Collection,409,21
2015-01,Collection,410,30
2015-01,Collection,411,51
2015-01,Collection,412,59
2015-01,Collection,413,67
2015-01,Collection,414,22
2015-01,Collection,501,144
2015-01,Collection,502,58
2015-01,Collection,503,78
2015-01,Sweeping,106,1
2015-01,Sweeping,107,1
2015-01,Sweeping,108,4
2015-01,Sweeping,109,1
2015-01,Sweeping,110,2
2015-01,Sweeping,111,2
2015-01,Sweeping,209,1
2015-01,Sweeping,210,2
2015-01,Sweeping,212,3
2015-01,Sweeping,301,2
2015-01,Sweeping,304,4
2015-01,Sweeping,305,3
2015-01,Sweeping,306,5
2015-01,Sweeping,307,2
2015-01,Sweeping,309,1
2015-01,Sweeping,311,2
2015-01,Sweeping,312,3
2015-01,Sweeping,314,1
2015-01,Sweeping,315,1
2015-01,Sweeping,317,1
2015-01,Sweeping,318,3
2015-01,Sweeping,401,2
2015-01,Sweeping,403,2
2015-01,Sweeping,404,2
2015-01,Sweeping,405,2
2015-01,Sweeping,406,2
2015-01,Sweeping,412,1
2015-02,Basket,102,2
2015-02,Basket,103,2
2015-02,Basket,104,8
2015-02,Basket,105,1
2015-02,Basket,106,3
2015-02,Basket,107,15
2015-02,Basket,108,6
2015-02,Basket,109,1
2015-02,Basket,111,2
2015-02,Basket,112,8
2015-02,Basket,201,1
2015-02,Basket,203,1
2015-02,Basket,204,6
2015-02,Basket,206,2
2015-02,Basket,207,1
2015-02,Basket,208,2
2015-02,Basket,209,1
2015-02,Basket,210,1
2015-02,Basket,211,2
2015-02,Basket,212,1
2015-02,Basket,301,9
2015-02,Basket,302,6
2015-02,Basket,303,1
2015-02,Basket,305,2
2015-02,Basket,306,5
2015-02,Basket,307,1
2015-02,Basket,309,3
2015-02,Basket,310,3
2015-02,Basket,311,1
2015-02,Basket,312,2
2015-02,Basket,313,2
2015-02,Basket,314,1
2015-02,Basket,315,2
2015-02,Basket,316,1
2015-02,Basket,317,2
2015-02,Basket,355,1
2015-02,Basket,401,2
2015-02,Basket,402,2
2015-02,Basket,403,3
2015-02,Basket,406,2
2015-02,Basket,407,2
2015-02,Basket,408,1
2015-02,Basket,409,1
2015-02,Basket,412,3
2015-02,Basket,413,1
2015-02,Basket,501,3
2015-02,Basket,502,1
2015-02,Basket,503,3
2015-02,Collection,101,4
2015-02,Collection,102,13
2015-02,Collection,103,6
2015-02,Collection,104,16
2015-02,Collection,105,5
2015-02,Collection,106,5
2015-02,Collection,107,11
2015-02,Collection,108,9
2015-02,Collection,109,1
2015-02,Collection,110,12
2015-02,Collection,111,7
2015-02,Collection,112,5
2015-02,Collection,201,2
2015-02,Collection,202,6
2015-02,Collection,203,6
2015-02,Collection,204,3
2015-02,Collection,205,5
2015-02,Collection,206,8
2015-02,Collection,207,5
2015-02,Collection,208,8
2015-02,Collection,209,5
2015-02,Collection,210,17
2015-02,Collection,211,9
2015-02,Collection,212,17
2015-02,Collection,301,32
2015-02,Collection,302,11
2015-02,Collection,303,47
2015-02,Collection,304,6
2015-02,Collection,305,39
2015-02,Collection,306,24
2015-02,Collection,307,6
2015-02,Collection,308,19
2015-02,Collection,309,51
2015-02,Collection,310,24
2015-02,Collection,311,28
2015-02,Collection,312,25
2015-02,Collection,313,4
2015-02,Collection,314,25
2015-02,Collection,315,29
2015-02,Collection,316,3
2015-02,Collection,317,53
2015-02,Collection,318,63
2015-02,Collection,401,37
2015-02,Collection,402,7
2015-02,Collection,403,30
2015-02,Collection,404,18
2015-02,Collection,405,46
2015-02,Collection,406,16
2015-02,Collection,407,107
2015-02,Collection,408,40
2015-02,Collection,409,20
2015-02,Collection,410,28
2015-02,Collection,411,58
2015-02,Collection,412,46
2015-02,Collection,413,59
2015-02,Collection,414,5
2015-02,Collection,501,105
2015-02,Collection,502,55
2015-02,Collection,503,68
2015-03,Basket,102,9
2015-03,Basket,103,8
2015-03,Basket,104,6
2015-03,Basket,105,3
2015-03,Basket,106,6
2015-03,Basket,107,13
2015-03,Basket,108,8
2015-03,Basket,109,2
2015-03,Basket,110,3
2015-03,Basket,111,3
2015-03,Basket,112,3
2015-03,Basket,164,1
2015-03,Basket,201,3
2015-03,Basket,202,2
2015-03,Basket,204,4
2015-03,Basket,205,1
2015-03,Basket,206,5
2015-03,Basket,207,4
2015-03,Basket,208,8
2015-03,Basket,209,2
2015-03,Basket,210,1
2015-03,Basket,211,5
2015-03,Basket,212,6
2015-03,Basket,226,2
2015-03,Basket,301,7
2015-03,Basket,302,15
2015-03,Basket,303,12
2015-03,Basket,304,4
2015-03,Basket,305,2
2015-03,Basket,306,6
2015-03,Basket,307,2
2015-03,Basket,308,3
2015-03,Basket,310,2
2015-03,Basket,311,7
2015-03,Basket,312,4
2015-03,Basket,313,1
2015-03,Basket,314,2
2015-03,Basket,315,3
2015-03,Basket,316,3
2015-03,Basket,317,2
2015-03,Basket,318,1
2015-03,Basket,401,11
2015-03,Basket,402,8
2015-03,Basket,403,4
2015-03,Basket,404,5
2015-03,Basket,405,6
2015-03,Basket,406,1
2015-03,Basket,407,3
2015-03,Basket,408,2
2015-03,Basket,409,2
2015-03,Basket,410,1
2015-03,Basket,411,2
2015-03,Basket,412,8
2015-03,Basket,413,1
2015-03,Basket,414,2
2015-03,Basket,501,9
2015-03,Basket,502,5
2015-03,Basket,503,5
2015-03,Collection,101,11
2015-03,Collection,102,27
2015-03,Collection,103,12
2015-03,Collection,104,23
2015-03,Collection,105,7
2015-03,Collection,106,19
2015-03,Collection,107,20
2015-03,Collection,108,17
2015-03,Collection,109,5
2015-03,Collection,110,17
2015-03,Collection,111,8
2015-03,Collection,112,5
2015-03,Collection,201,2
2015-03,Collection,202,10
2015-03,Collection,203,14
2015-03,Collection,204,5
2015-03,Collection,205,1
2015-03,Collection,206,11
2015-03,Collection,207,12
2015-03,Collection,208,14
2015-03,Collection,209,13
2015-03,Collection,210,41
2015-03,Collection,211,21
2015-03,Collection,212,36
2015-03,Collection,301,88
2015-03,Collection,302,28
2015-03,Collection,303,79
2015-03,Collection,304,19
2015-03,Collection,305,50
2015-03,Collection,306,59
2015-03,Collection,307,17
2015-03,Collection,308,33
2015-03,Collection,309,84
2015-03,Collection,310,49
2015-03,Collection,311,63
2015-03,Collection,312,58
2015-03,Collection,313,11
2015-03,Collection,314,76
2015-03,Collection,315,45
2015-03,Collection,316,9
2015-03,Collection,317,74
2015-03,Collection,318,70
2015-03,Collection,401,69
2015-03,Collection,402,13
2015-03,Collection,403,24
2015-03,Collection,404,24
2015-03,Collection,405,53
2015-03,Collection,406,19
2015-03,Collection,407,153
2015-03,Collection,408,89
2015-03,Collection,409,31
2015-03,Collection,410,31
2015-03,Collection,411,47
2015-03,Collection,412,95
2015-03,Collection,413,100
2015-03,Collection,414,40
2015-03,Collection,501,150
2015-03,Collection,502,118
2015-03,Collection,503,83
2015-03,Collection,595,1
2015-03,Sweeping,105,3
2015-03,Sweeping,107,6
2015-03,Sweeping,108,7
2015-03,Sweeping,109,3
2015-03,Sweeping,110,3
2015-03,Sweeping,111,1
2015-03,Sweeping,112,1
2015-03,Sweeping,203,1
2015-03,Sweeping,204,2
2015-03,Sweeping,209,1
2015-03,Sweeping,210,1
2015-03,Sweeping,211,1
2015-03,Sweeping,212,2
2015-03,Sweeping,301,8
2015-03,Sweeping,302,3
2015-03,Sweeping,303,4
2015-03,Sweeping,304,6
2015-03,Sweeping,305,9
2015-03,Sweeping,306,9
2015-03,Sweeping,307,1
2015-03,Sweeping,308,4
2015-03,Sweeping,309,1
2015-03,Sweeping,310,5
2015-03,Sweeping,311,9
2015-03,Sweeping,312,14
2015-03,Sweeping,313,1
2015-03,Sweeping,314,5
2015-03,Sweeping,315,2
2015-03,Sweeping,317,4
2015-03,Sweeping,401,1
2015-03,Sweeping,402,2
2015-03,Sweeping,403,13
2015-03,Sweeping,404,2
2015-03,Sweeping,405,4
2015-03,Sweeping,406,5
2015-03,Sweeping,407,3
2015-03,Sweeping,408,2
2015-03,Sweeping,410,1
2015-03,Sweeping,412,5
2015-03,Sweeping,413,2
2015-04,Basket,102,14
2015-04,Basket,103,8
2015-04,Basket,104,10
2015-04,Basket,105,4
2015-04,Basket,106,4
2015-04,Basket,107,14
2015-04,Basket,108,6
2015-04,Basket,109,3
2015-04,Basket,110,13
2015-04,Basket,111,7
2015-04,Basket,112,16
2015-04,Basket,201,5
2015-04,Basket,202,8
2015-04,Basket,203,3
2015-04,Basket,204,4
2015-04,Basket,205,3
2015-04,Basket,206,5
2015-04,Basket,207,7
2015-04,Basket,208,3
2015-04,Basket,210,3
2015-04,Basket,211,4
2015-04,Basket,212,12
2015-04,Basket,301,12
2015-04,Basket,302,13
2015-04,Basket,303,18
2015-04,Basket,304,7
2015-04,Basket,305,5
2015-04,Basket,306,9
2015-04,Basket,307,5
2015-04,Basket,308,1
2015-04,Basket,309,4
2015-04,Basket,311,10
2015-04,Basket,312,8
2015-04,Basket,313,2
2015-04,Basket,314,4
2015-04,Basket,315,8
2015-04,Basket,316,1
2015-04,Basket,317,2
2015-04,Basket,318,4
2015-04,Basket,355,1
2015-04,Basket,401,7
2015-04,Basket,402,1
2015-04,Basket,403,4
2015-04,Basket,404,3
2015-04,Basket,405,8
2015-04,Basket,406,3
2015-04,Basket,407,4
2015-04,Basket,408,1
2015-04,Basket,409,2
2015-04,Basket,411,6
2015-04,Basket,412,2
2015-04,Basket,413,4
2015-04,Basket,414,2
2015-04,Basket,501,23
2015-04,Basket,502,12
2015-04,Basket,503,4
2015-04,Collection,101,8
2015-04,Collection,102,33
2015-04,Collection,103,16
2015-04,Collection,104,49
2015-04,Collection,105,10
2015-04,Collection,106,37
2015-04,Collection,107,23
2015-04,Collection,108,24
2015-04,Collection,109,1
2015-04,Collection,110,18
2015-04,Collection,111,6
2015-04,Collection,112,11
2015-04,Collection,201,5
2015-04,Collection,202,10
2015-04,Collection,203,13
2015-04,Collection,204,4
2015-04,Collection,205,3
2015-04,Collection,206,17
2015-04,Collection,207,9
2015-04,Collection,208,12
2015-04,Collection,209,14
2015-04,Collection,210,33
2015-04,Collection,211,15
2015-04,Collection,212,12
2015-04,Collection,226,1
2015-04,Collection,301,112
2015-04,Collection,302,16
2015-04,Collection,303,51
2015-04,Collection,304,19
2015-04,Collection,305,31
2015-04,Collection,306,49
2015-04,Collection,307,11
2015-04,Collection,308,22
2015-04,Collection,309,21
2015-04,Collection,310,13
2015-04,Collection,311,33
2015-04,Collection,312,51
2015-04,Collection,313,9
2015-04,Collection,314,38
2015-04,Collection,315,32
2015-04,Collection,316,13
2015-04,Collection,317,26
2015-04,Collection,318,66
2015-04,Collection,401,29
2015-04,Collection,402,10
2015-04,Collection,403,13
2015-04,Collection,404,21
2015-04,Collection,405,44
2015-04,Collection,406,31
2015-04,Collection,407,126
2015-04,Collection,408,83
2015-04,Collection,409,31
2015-04,Collection,410,33
2015-04,Collection,411,59
2015-04,Collection,412,72
2015-04,Collection,413,72
2015-04,Collection,414,17
2015-04,Collection,501,133
2015-04,Collection,502,97
2015-04,Collection,503,87
2015-04,Sweeping,102,1
2015-04,Sweeping,103,3
2015-04,Sweeping,106,3
2015-04,Sweeping,107,1
2015-04,Sweeping,108,1
2015-04,Sweeping,110,2
2015-04,Sweeping,111,1
2015-04,Sweeping,112,1
2015-04,Sweeping,208,1
2015-04,Sweeping,209,1
2015-04,Sweeping,210,1
2015-04,Sweeping,212,1
2015-04,Sweeping,301,7
2015-04,Sweeping,302,1
2015-04,Sweeping,303,3
2015-04,Sweeping,304,2
2015-04,Sweeping,305,3
2015-04,Sweeping,306,5
2015-04,Sweeping,307,1
2015-04,Sweeping,308,1
2015-04,Sweeping,310,4
2015-04,Sweeping,311,5
2015-04,Sweeping,312,6
2015-04,Sweeping,314,4
2015-04,Sweeping,315,3
2015-04,Sweeping,316,3
2015-04,Sweeping,317,2
2015-04,Sweeping,318,5
2015-04,Sweeping,401,6
2015-04,Sweeping,402,1
2015-04,Sweeping,403,5
2015-04,Sweeping,404,3
2015-04,Sweeping,405,3
2015-04,Sweeping,406,3
2015-04,Sweeping,407,1
2015-04,Sweeping,408,3
2015-04,Sweeping,412,3
2015-04,Sweeping,414,2
2015-04,Sweeping,501,1
2015-05,Basket,101,2
2015-05,Basket,102,19
2015-05,Basket,103,7
2015-05,Basket,104,16
2015-05,Basket,105,9
2015-05,Basket,106,16
2015-05,Basket,107,19
2015-05,Basket,108,21
2015-05,Basket,109,2
2015-05,Basket,110,15
2015-05,Basket,111,15
2015-05,Basket,112,6
2015-05,Basket,164,3
2015-05,Basket,201,10
2015-05,Basket,203,5
2015-05,Basket,204,11
2015-05,Basket,205,9
2015-05,Basket,206,4
2015-05,Basket,207,10
2015-05,Basket,208,14
2015-05,Basket,209,2
2015-05,Basket,210,1
2015-05,Basket,211,2
2015-05,Basket,212,3
2015-05,Basket,301,9
2015-05,Basket,302,17
2015-05,Basket,303,9
2015-05,Basket,304,11
2015-05,Basket,305,8
2015-05,Basket,306,7
2015-05,Basket,307,11
2015-05,Basket,308,9
2015-05,Basket,309,4
2015-05,Basket,310,6
2015-05,Basket,312,17
2015-05,Basket,313,2
2015-05,Basket,314,5
2015-05,Basket,315,10
2015-05,Basket,316,2
2015-05,Basket,317,6
2015-05,Basket,318,4
2015-05,Basket,355,1
2015-05,Basket,401,6
2015-05,Basket,402,7
2015-05,Basket,403,4
2015-05,Basket,404,10
2015-05,Basket,405,7
2015-05,Basket,406,6
2015-05,Basket,407,10
2015-05,Basket,408,7
2015-05,Basket,409,3
2015-05,Basket,410,8
2015-05,Basket,411,4
2015-05,Basket,412,6
2015-05,Basket,413,2
2015-05,Basket,414,3
2015-05,Basket,481,1
2015-05,Basket,501,22
2015-05,Basket,502,17
2015-05,Basket,503,4
2015-05,Basket,595,1
2015-05,Collection,101,11
2015-05,Collection,102,49
2015-05,Collection,103,11
2015-05,Collection,104,39
2015-05,Collection,105,9
2015-05,Collection,106,13
2015-05,Collection,107,28
2015-05,Collection,108,23
2015-05,Collection,109,6
2015-05,Collection,110,15
2015-05,Collection,111,8
2015-05,Collection,112,10
2015-05,Collection,201,4
2015-05,Collection,202,10
2015-05,Collection,203,17
2015-05,Collection,204,5
2015-05,Collection,205,2
2015-05,Collection,206,12
2015-05,Collection,207,7
2015-05,Collection,208,7
2015-05,Collection,209,7
2015-05,Collection,210,35
2015-05,Collection,211,4
2015-05,Collection,212,18
2015-05,Collection,226,1
2015-05,Collection,301,90
2015-05,Collection,302,22
2015-05,Collection,303,50
2015-05,Collection,304,9
2015-05,Collection,305,40
2015-05,Collection,306,30
2015-05,Collection,307,5
2015-05,Collection,308,15
2015-05,Collection,309,16
2015-05,Collection,310,31
2015-05,Collection,311,42
2015-05,Collection,312,43
2015-05,Collection,313,4
2015-05,Collection,314,26
2015-05,Collection,315,35
2015-05,Collection,316,10
2015-05,Collection,317,27
2015-05,Collection,318,54
2015-05,Collection,401,53
2015-05,Collection,402,8
2015-05,Collection,403,11
2015-05,Collection,404,21
2015-05,Collection,405,58
2015-05,Collection,406,31
2015-05,Collection,407,114
2015-05,Collection,408,56
2015-05,Collection,409,15
2015-05,Collection,410,33
2015-05,Collection,411,60
2015-05,Collection,412,63
2015-05,Collection,413,68
2015-05,Collection,414,22
2015-05,Collection,501,164
2015-05,Collection,502,63
2015-05,Collection,503,92
2015-05,Sweeping,101,1
2015-05,Sweeping,102,2
2015-05,Sweeping,103,1
2015-05,Sweeping,106,1
2015-05,Sweeping,107,4
2015-05,Sweeping,108,6
2015-05,Sweeping,110,4
2015-05,Sweeping,112,3
2015-05,Sweeping,201,1
2015-05,Sweeping,203,1
2015-05,Sweeping,205,1
2015-05,Sweeping,209,2
2015-05,Sweeping,210,2
2015-05,Sweeping,211,3
2015-05,Sweeping,212,1
2015-05,Sweeping,301,7
2015-05,Sweeping,302,1
2015-05,Sweeping,303,3
2015-05,Sweeping,305,8
2015-05,Sweeping,306,2
2015-05,Sweeping,308,1
2015-05,Sweeping,309,1
2015-05,Sweeping,310,3
2015-05,Sweeping,311,5
2015-05,Sweeping,312,7
2015-05,Sweeping,313,1
2015-05,Sweeping,314,5
2015-05,Sweeping,315,1
2015-05,Sweeping,316,5
2015-05,Sweeping,317,12
2015-05,Sweeping,318,6
2015-05,Sweeping,401,14
2015-05,Sweeping,402,4
2015-05,Sweeping,403,6
2015-05,Sweeping,404,1
2015-05,Sweeping,405,1
2015-05,Sweeping,406,4
2015-05,Sweeping,407,5
2015-05,Sweeping,408,2
2015-05,Sweeping,412,4
2015-05,Sweeping,414,1
2015-06,Basket,101,4
2015-06,Basket,102,7
2015-06,Basket,103,10
2015-06,Basket,104,15
2015-06,Basket,105,8
2015-06,Basket,106,3
2015-06,Basket,107,24
2015-06,Basket,108,17
2015-06,Basket,109,5
2015-06,Basket,110,13
2015-06,Basket,111,11
2015-06,Basket,112,4
2015-06,Basket,201,4
2015-06,Basket,202,1
2015-06,Basket,203,1
2015-06,Basket,204,1
2015-06,Basket,206,4
2015-06,Basket,207,9
2015-06,Basket,208,3
2015-06,Basket,209,2
2015-06,Basket,210,2
2015-06,Basket,211,2
2015-06,Basket,212,3
2015-06,Basket,301,18
2015-06,Basket,302,14
2015-06,Basket,303,10
2015-06,Basket,304,13
2015-06,Basket,305,11
2015-06,Basket,306,6
2015-06,Basket,307,6
2015-06,Basket,308,11
2015-06,Basket,309,5
2015-06,Basket,310,4
2015-06,Basket,311,1
2015-06,Basket,312,1
2015-06,Basket,313,2
2015-06,Basket,314,7
2015-06,Basket,315,11
2015-06,Basket,316,2
2015-06,Basket,317,3
2015-06,Basket,318,6
2015-06,Basket,355,2
2015-06,Basket,401,9
2015-06,Basket,402,1
2015-06,Basket,403,8
2015-06,Basket,404,5
2015-06,Basket,405,5
2015-06,Basket,406,10
2015-06,Basket,407,5
2015-06,Basket,408,8
2015-06,Basket,409,2
2015-06,Basket,410,6
2015-06,Basket,411,3
2015-06,Basket,412,10
2015-06,Basket,413,6
2015-06,Basket,414,1
2015-06,Basket,482,3
2015-06,Basket,501,31
2015-06,Basket,502,10
2015-06,Basket,503,4
2015-06,Collection,101,7
2015-06,Collection,102,36
2015-06,Collection,103,15
2015-06,Collection,104,29
2015-06,Collection,105,7
2015-06,Collection,106,17
2015-06,Collection,107,16
2015-06,Collection,108,14
2015-06,Collection,109,4
2015-06,Collection,110,17
2015-06,Collection,111,10
2015-06,Collection,112,15
2015-06,Collection,201,7
2015-06,Collection,202,2
2015-06,Collection,203,12
2015-06,Collection,204,1
2015-06,Collection,205,1
2015-06,Collection,206,12
2015-06,Collection,207,8
2015-06,Collection,208,18
2015-06,Collection,209,6
2015-06,Collection,210,32
2015-06,Collection,211,14
2015-06,Collection,212,12
2015-06,Collection,301,102
2015-06,Collection,302,33
2015-06,Collection,303,55
2015-06,Collection,304,13
2015-06,Collection,305,40
2015-06,Collection,306,40
2015-06,Collection,307,10
2015-06,Collection,308,28
2015-06,Collection,309,9
2015-06,Collection,310,43
2015-06,Collection,311,30
2015-06,Collection,312,48
2015-06,Collection,313,10
2015-06,Collection,314,22
2015-06,Collection,315,32
2015-06,Collection,316,11
2015-06,Collection,317,37
2015-06,Collection,318,69
2015-06,Collection,401,43
2015-06,Collection,402,22
2015-06,Collection,403,17
2015-06,Collection,404,27
2015-06,Collection,405,64
2015-06,Collection,406,26
2015-06,Collection,407,154
2015-06,Collection,408,69
2015-06,Collection,409,39
2015-06,Collection,410,37
2015-06,Collection,411,45
2015-06,Collection,412,89
2015-06,Collection,413,63
2015-06,Collection,414,29
2015-06,Collection,501,185
2015-06,Collection,502,73
2015-06,Collection,503,103
2015-06,Sweeping,102,1
2015-06,Sweeping,103,1
2015-06,Sweeping,104,3
2015-06,Sweeping,106,1
2015-06,Sweeping,107,2
2015-06,Sweeping,108,3
2015-06,Sweeping,109,1
2015-06,Sweeping,110,5
2015-06,Sweeping,111,1
2015-06,Sweeping,112,1
2015-06,Sweeping,209,1
2015-06,Sweeping,211,2
2015-06,Sweeping,301,5
2015-06,Sweeping,302,2
2015-06,Sweeping,303,2
2015-06,Sweeping,305,6
2015-06,Sweeping,307,1
2015-06,Sweeping,308,1
2015-06,Sweeping,309,5
2015-06,Sweeping,310,1
2015-06,Sweeping,311,5
2015-06,Sweeping,312,2
2015-06,Sweeping,313,3
2015-06,Sweeping,314,2
2015-06,Sweeping,315,1
2015-06,Sweeping,316,2
2015-06,Sweeping,317,7
2015-06,Sweeping,318,3
2015-06,Sweeping,401,5
2015-06,Sweeping,402,1
2015-06,Sweeping,403,6
2015-06,Sweeping,407,1
2015-06,Sweeping,408,1
2015-06,Sweeping,412,3
2015-07,Basket,101,6
2015-07,Basket,102,11
2015-07,Basket,103,8
2015-07,Basket,104,13
2015-07,Basket,105,5
2015-07,Basket,106,6
2015-07,Basket,107,16
2015-07,Basket,108,22
2015-07,Basket,109,1
2015-07,Basket,110,10
2015-07,Basket,111,2
2015-07,Basket,112,12
2015-07,Basket,164,2
2015-07,Basket,201,4
2015-07,Basket,202,6
2015-07,Basket,203,2
2015-07,Basket,204,6
2015-07,Basket,205,3
2015-07,Basket,206,2
2015-07,Basket,207,4
2015-07,Basket,208,4
2015-07,Basket,209,5
2015-07,Basket,210,8
2015-07,Basket,211,10
2015-07,Basket,212,10
2015-07,Basket,301,19
2015-07,Basket,302,23
2015-07,Basket,303,10
2015-07,Basket,304,8
2015-07,Basket,305,8
2015-07,Basket,306,2
2015-07,Basket,307,5
2015-07,Basket,308,11
2015-07,Basket,309,8
2015-07,Basket,310,6
2015-07,Basket,311,5
2015-07,Basket,312,7
2015-07,Basket,313,2
2015-07,Basket,314,8
2015-07,Basket,315,24
2015-07,Basket,316,6
2015-07,Basket,317,16
2015-07,Basket,318,22
2015-07,Basket,355,3
2015-07,Basket,401,7
2015-07,Basket,402,5
2015-07,Basket,403,4
2015-07,Basket,404,7
2015-07,Basket,405,7
2015-07,Basket,406,8
2015-07,Basket,407,9
2015-07,Basket,408,9
2015-07,Basket,409,6
2015-07,Basket,410,3
2015-07,Basket,411,5
2015-07,Basket,412,13
2015-07,Basket,413,11
2015-07,Basket,414,2
2015-07,Basket,501,14
2015-07,Basket,502,2
2015-07,Basket,503,4
2015-07,Collection,101,11
2015-07,Collection,102,42
2015-07,Collection,103,24
2015-07,Collection,104,37
2015-07,Collection,105,12
2015-07,Collection,106,12
2015-07,Collection,107,20
2015-07,Collection,108,20
2015-07,Collection,109,7
2015-07,Collection,110,29
2015-07,Collection,111,5
2015-07,Collection,112,15
2015-07,Collection,201,5
2015-07,Collection,202,6
2015-07,Collection,203,24
2015-07,Collection,204,4
2015-07,Collection,205,2
2015-07,Collection,206,17
2015-07,Collection,207,6
2015-07,Collection,208,16
2015-07,Collection,209,23
2015-07,Collection,210,31
2015-07,Collection,211,13
2015-07,Collection,212,13
2015-07,Collection,301,65
2015-07,Collection,302,27
2015-07,Collection,303,77
2015-07,Collection,304,14
2015-07,Collection,305,44
2015-07,Collection,306,36
2015-07,Collection,307,13
2015-07,Collection,308,25
2015-07,Collection,309,14
2015-07,Collection,310,25
2015-07,Collection,311,61
2015-07,Collection,312,39
2015-07,Collection,313,8
2015-07,Collection,314,36
2015-07,Collection,315,32
2015-07,Collection,316,12
2015-07,Collection,317,50
2015-07,Collection,318,85
2015-07,Collection,401,36
2015-07,Collection,402,11
2015-07,Collection,403,15
2015-07,Collection,404,30
2015-07,Collection,405,83
2015-07,Collection,406,27
2015-07,Collection,407,149
2015-07,Collection,408,76
2015-07,Collection,409,32
2015-07,Collection,410,55
2015-07,Collection,411,44
2015-07,Collection,412,102
2015-07,Collection,413,76
2015-07,Collection,414,33
2015-07,Collection,484,1
2015-07,Collection,501,191
2015-07,Collection,502,79
2015-07,Collection,503,96
2015-07,Sweeping,101,2
2015-07,Sweeping,103,3
2015-07,Sweeping,104,3
2015-07,Sweeping,106,2
2015-07,Sweeping,108,3
2015-07,Sweeping,110,1
2015-07,Sweeping,111,2
2015-07,Sweeping,112,2
2015-07,Sweeping,164,1
2015-07,Sweeping,201,1
2015-07,Sweeping,202,1
2015-07,Sweeping,207,1
2015-07,Sweeping,209,2
2015-07,Sweeping,211,1
2015-07,Sweeping,301,6
2015-07,Sweeping,302,1
2015-07,Sweeping,303,2
2015-07,Sweeping,304,4
2015-07,Sweeping,305,6
2015-07,Sweeping,306,2
2015-07,Sweeping,307,4
2015-07,Sweeping,308,1
2015-07,Sweeping,310,2
2015-07,Sweeping,311,3
2015-07,Sweeping,312,7
2015-07,Sweeping,313,5
2015-07,Sweeping,314,3
2015-07,Sweeping,315,1
2015-07,Sweeping,316,5
2015-07,Sweeping,317,13
2015-07,Sweeping,318,12
2015-07,Sweeping,401,2
2015-07,Sweeping,402,5
2015-07,Sweeping,403,3
2015-07,Sweeping,404,1
2015-07,Sweeping,405,2
2015-07,Sweeping,406,3
2015-07,Sweeping,407,6
2015-07,Sweeping,408,4
2015-07,Sweeping,409,2
2015-07,Sweeping,412,3
2015-07,Sweeping,414,2
2015-08,Basket,101,2
2015-08,Basket,102,17
2015-08,Basket,103,4
2015-08,Basket,104,9
2015-08,Basket,105,7
2015-08,Basket,106,7
2015-08,Basket,107,10
2015-08,Basket,108,13
2015-08,Basket,109,3
2015-08,Basket,110,9
2015-08,Basket,111,11
2015-08,Basket,112,7
2015-08,Basket,201,5
2015-08,Basket,202,2
2015-08,Basket,203,5
2015-08,Basket,204,9
2015-08,Basket,205,1
2015-08,Basket,206,1
2015-08,Basket,207,3
2015-08,Basket,208,3
2015-08,Basket,209,22
2015-08,Basket,210,9
2015-08,Basket,211,4
2015-08,Basket,212,10
2015-08,Basket,301,15
2015-08,Basket,302,23
2015-08,Basket,303,8
2015-08,Basket,304,8
2015-08,Basket,305,12
2015-08,Basket,306,8
2015-08,Basket,307,5
2015-08,Basket,308,9
2015-08,Basket,309,5
2015-08,Basket,310,2
2015-08,Basket,311,4
2015-08,Basket,312,15
2015-08,Basket,313,1
2015-08,Basket,314,13
2015-08,Basket,315,16
2015-08,Basket,316,6
2015-08,Basket,317,5
2015-08,Basket,318,5
2015-08,Basket,355,2
2015-08,Basket,401,8
2015-08,Basket,402,3
2015-08,Basket,403,6
2015-08,Basket,404,6
2015-08,Basket,405,11
2015-08,Basket,406,5
2015-08,Basket,407,13
2015-08,Basket,408,5
2015-08,Basket,409,8
2015-08,Basket,410,3
2015-08,Basket,411,6
2015-08,Basket,412,8
2015-08,Basket,413,4
2015-08,Basket,414,4
2015-08,Basket,501,15
2015-08,Basket,502,6
2015-08,Basket,503,4
2015-08,Collection,101,11
2015-08,Collection,102,38
2015-08,Collection,103,21
2015-08,Collection,104,22
2015-08,Collection,105,12
2015-08,Collection,106,24
2015-08,Collection,107,16
2015-08,Collection,108,11
2015-08,Collection,109,4
2015-08,Collection,110,23
2015-08,Collection,111,3
2015-08,Collection,112,18
2015-08,Collection,201,10
2015-08,Collection,202,6
2015-08,Collection,203,17
2015-08,Collection,204,7
2015-08,Collection,205,4
2015-08,Collection,206,12
2015-08,Collection,207,6
2015-08,Collection,208,13
2015-08,Collection,209,17
2015-08,Collection,210,39
2015-08,Collection,211,13
2015-08,Collection,212,11
2015-08,Collection,301,61
2015-08,Collection,302,25
2015-08,Collection,303,62
2015-08,Collection,304,16
2015-08,Collection,305,54
2015-08,Collection,306,25
2015-08,Collection,307,25
2015-08,Collection,308,23
2015-08,Collection,309,13
2015-08,Collection,310,33
2015-08,Collection,311,40
2015-08,Collection,312,50
2015-08,Collection,313,6
2015-08,Collection,314,40
2015-08,Collection,315,27
2015-08,Collection,316,14
2015-08,Collection,317,48
2015-08,Collection,318,70
2015-08,Collection,401,42
2015-08,Collection,402,10
2015-08,Collection,403,22
2015-08,Collection,404,27
2015-08,Collection,405,55
2015-08,Collection,406,35
2015-08,Collection,407,127
2015-08,Collection,408,66
2015-08,Collection,409,22
2015-08,Collection,410,40
2015-08,Collection,411,68
2015-08,Collection,412,69
2015-08,Collection,413,76
2015-08,Collection,414,22
2015-08,Collection,501,148
2015-08,Collection,502,72
2015-08,Collection,503,97
2015-08,Sweeping,102,1
2015-08,Sweeping,103,2
2015-08,Sweeping,104,2
2015-08,Sweeping,105,1
2015-08,Sweeping,107,1
2015-08,Sweeping,108,3
2015-08,Sweeping,109,3
2015-08,Sweeping,110,3
2015-08,Sweeping,111,4
2015-08,Sweeping,112,1
2015-08,Sweeping,202,1
2015-08,Sweeping,207,1
2015-08,Sweeping,209,7
2015-08,Sweeping,210,1
2015-08,Sweeping,211,1
2015-08,Sweeping,212,4
2015-08,Sweeping,301,5
2015-08,Sweeping,302,2
2015-08,Sweeping,303,3
2015-08,Sweeping,304,7
2015-08,Sweeping,305,5
2015-08,Sweeping,306,2
2015-08,Sweeping,307,2
2015-08,Sweeping,308,3
2015-08,Sweeping,309,2
2015-08,Sweeping,310,3
2015-08,Sweeping,311,8
2015-08,Sweeping,312,1
2015-08,Sweeping,313,1
2015-08,Sweeping,314,1
2015-08,Sweeping,315,3
2015-08,Sweeping,316,2
2015-08,Sweeping,317,8
2015-08,Sweeping,318,2
2015-08,Sweeping,401,1
2015-08,Sweeping,402,2
2015-08,Sweeping,403,1
2015-08,Sweeping,404,1
2015-08,Sweeping,405,2
2015-08,Sweeping,407,2
2015-08,Sweeping,412,1
2015-08,Sweeping,414,1
2015-09,Basket,101,4
2015-09,Basket,102,19
2015-09,Basket,103,5
2015-09,Basket,104,8
2015-09,Basket,105,3
2015-09,Basket,106,5
2015-09,Basket,107,26
2015-09,Basket,108,23
2015-09,Basket,109,1
2015-09,Basket,110,9
2015-09,Basket,111,16
2015-09,Basket,112,7
2015-09,Basket,164,3
2015-09,Basket,201,3
2015-09,Basket,203,2
2015-09,Basket,204,5
2015-09,Basket,205,1
2015-09,Basket,206,2
2015-09,Basket,207,4
2015-09,Basket,208,7
2015-09,Basket,209,13
2015-09,Basket,210,3
2015-09,Basket,211,6
2015-09,Basket,212,8
2015-09,Basket,301,24
2015-09,Basket,302,17
2015-09,Basket,303,16
2015-09,Basket,304,19
2015-09,Basket,305,20
2015-09,Basket,306,7
2015-09,Basket,307,6
2015-09,Basket,308,7
2015-09,Basket,309,8
2015-09,Basket,310,3
2015-09,Basket,311,11
2015-09,Basket,312,5
2015-09,Basket,313,1
2015-09,Basket,314,10
2015-09,Basket,315,6
2015-09,Basket,316,6
2015-09,Basket,317,8
2015-09,Basket,318,9
2015-09,Basket,355,2
2015-09,Basket,401,6
2015-09,Basket,402,2
2015-09,Basket,403,9
2015-09,Basket,404,3
2015-09,Basket,405,10
2015-09,Basket,406,8
2015-09,Basket,407,8
2015-09,Basket,408,11
2015-09,Basket,409,3
2015-09,Basket,410,10
2015-09,Basket,411,6
2015-09,Basket,412,21
2015-09,Basket,413,9
2015-09,Basket,414,5
2015-09,Basket,501,24
2015-09,Basket,502,15
2015-09,Basket,503,7
2015-09,Collection,101,9
2015-09,Collection,102,21
2015-09,Collection,103,26
2015-09,Collection,104,29
2015-09,Collection,105,16
2015-09,Collection,106,20
2015-09,Collection,107,16
2015-09,Collection,108,30
2015-09,Collection,109,4
2015-09,Collection,110,19
2015-09,Collection,111,13
2015-09,Collection,112,20
2015-09,Collection,201,2
2015-09,Collection,202,8
2015-09,Collection,203,31
2015-09,Collection,204,3
2015-09,Collection,205,4
2015-09,Collection,206,6
2015-09,Collection,207,6
2015-09,Collection,208,17
2015-09,Collection,209,15
2015-09,Collection,210,34
2015-09,Collection,211,12
2015-09,Collection,212,23
2015-09,Collection,301,88
2015-09,Collection,302,22
2015-09,Collection,303,67
2015-09,Collection,304,14
2015-09,Collection,305,33
2015-09,Collection,306,32
2015-09,Collection,307,9
2015-09,Collection,308,29
2015-09,Collection,309,20
2015-09,Collection,310,24
2015-09,Collection,311,30
2015-09,Collection,312,50
2015-09,Collection,313,3
2015-09,Collection,314,30
2015-09,Collection,315,36
2015-09,Collection,316,11
2015-09,Collection,317,31
2015-09,Collection,318,63
2015-09,Collection,401,44
2015-09,Collection,402,10
2015-09,Collection,403,18
2015-09,Collection,404,21
2015-09,Collection,405,56
2015-09,Collection,406,39
2015-09,Collection,407,136
2015-09,Collection,408,62
2015-09,Collection,409,27
2015-09,Collection,410,52
2015-09,Collection,411,46
2015-09,Collection,412,98
2015-09,Collection,413,83
2015-09,Collection,414,20
2015-09,Collection,501,136
2015-09,Collection,502,78
2015-09,Collection,503,86
2015-09,Sweeping,102,3
2015-09,Sweeping,103,1
2015-09,Sweeping,104,1
2015-09,Sweeping,107,6
2015-09,Sweeping,108,3
2015-09,Sweeping,109,1
2015-09,Sweeping,111,1
2015-09,Sweeping,206,1
2015-09,Sweeping,207,1
2015-09,Sweeping,208,3
2015-09,Sweeping,209,3
2015-09,Sweeping,210,1
2015-09,Sweeping,211,1
2015-09,Sweeping,212,1
2015-09,Sweeping,301,1
2015-09,Sweeping,302,1
2015-09,Sweeping,303,2
2015-09,Sweeping,304,5
2015-09,Sweeping,305,6
2015-09,Sweeping,306,1
2015-09,Sweeping,307,3
2015-09,Sweeping,309,4
2015-09,Sweeping,310,1
2015-09,Sweeping,311,2
2015-09,Sweeping,312,2
2015-09,Sweeping,313,1
2015-09,Sweeping,314,9
2015-09,Sweeping,315,2
2015-09,Sweeping,316,4
2015-09,Sweeping,317,7
2015-09,Sweeping,318,4
2015-09,Sweeping,401,3
2015-09,Sweeping,402,1
2015-09,Sweeping,403,2
2015-09,Sweeping,405,5
2015-09,Sweeping,407,6
2015-09,Sweeping,408,3
2015-09,Sweeping,409,1
2015-10,Basket,101,1
2015-10,Basket,102,10
2015-10,Basket,103,10
2015-10,Basket,104,8
2015-10,Basket,105,8
2015-10,Basket,106,8
2015-10,Basket,107,15
2015-10,Basket,108,18
2015-10,Basket,109,2
2015-10,Basket,110,7
2015-10,Basket,111,4
2015-10,Basket,112,13
2015-10,Basket,164,1
2015-10,Basket,201,1
2015-10,Basket,202,4
2015-10,Basket,204,1
2015-10,Basket,205,3
2015-10,Basket,206,2
2015-10,Basket,207,4
2015-10,Basket,208,4
2015-10,Basket,209,5
2015-10,Basket,210,5
2015-10,Basket,211,7
2015-10,Basket,212,5
2015-10,Basket,301,18
2015-10,Basket,302,12
2015-10,Basket,303,7
2015-10,Basket,304,4
2015-10,Basket,305,9
2015-10,Basket,306,9
2015-10,Basket,307,8
2015-10,Basket,308,11
2015-10,Basket,309,3
2015-10,Basket,311,10
2015-10,Basket,312,2
2015-10,Basket,313,3
2015-10,Basket,314,9
2015-10,Basket,315,8
2015-10,Basket,316,2
2015-10,Basket,317,3
2015-10,Basket,318,4
2015-10,Basket,355,1
2015-10,Basket,401,3
2015-10,Basket,402,5
2015-10,Basket,403,7
2015-10,Basket,404,4
2015-10,Basket,405,32
2015-10,Basket,406,12
2015-10,Basket,407,10
2015-10,Basket,408,8
2015-10,Basket,409,1
2015-10,Basket,410,4
2015-10,Basket,411,2
2015-10,Basket,412,16
2015-10,Basket,413,9
2015-10,Basket,414,2
2015-10,Basket,501,6
2015-10,Basket,502,9
2015-10,Basket,503,6
2015-10,Collection,101,15
2015-10,Collection,102,52
2015-10,Collection,103,37
2015-10,Collection,104,35
2015-10,Collection,105,10
2015-10,Collection,106,35
2015-10,Collection,107,16
2015-10,Collection,108,26
2015-10,Collection,109,4
2015-10,Collection,110,27
2015-10,Collection,111,17
2015-10,Collection,112,19
2015-10,Collection,201,4
2015-10,Collection,202,3
2015-10,Collection,203,17
2015-10,Collection,204,5
2015-10,Collection,205,3
2015-10,Collection,206,16
2015-10,Collection,207,2
2015-10,Collection,208,13
2015-10,Collection,209,13
2015-10,Collection,210,39
2015-10,Collection,211,9
2015-10,Collection,212,31
2015-10,Collection,301,78
2015-10,Collection,302,35
2015-10,Collection,303,55
2015-10,Collection,304,7
2015-10,Collection,305,34
2015-10,Collection,306,160
2015-10,Collection,307,21
2015-10,Collection,308,23
2015-10,Collection,309,19
2015-10,Collection,310,24
2015-10,Collection,311,48
2015-10,Collection,312,44
2015-10,Collection,313,7
2015-10,Collection,314,42
2015-10,Collection,315,33
2015-10,Collection,316,3
2015-10,Collection,317,30
2015-10,Collection,318,64
2015-10,Collection,401,48
2015-10,Collection,402,10
2015-10,Collection,403,12
2015-10,Collection,404,20
2015-10,Collection,405,65
2015-10,Collection,406,31
2015-10,Collection,407,123
2015-10,Collection,408,53
2015-10,Collection,409,33
2015-10,Collection,410,75
2015-10,Collection,411,75
2015-10,Collection,412,79
2015-10,Collection,413,68
2015-10,Collection,414,16
2015-10,Collection,501,141
2015-10,Collection,502,76
2015-10,Collection,503,126
2015-10,Sweeping,104,8
2015-10,Sweeping,107,5
2015-10,Sweeping,108,4
2015-10,Sweeping,110,2
2015-10,Sweeping,112,1
2015-10,Sweeping,201,2
2015-10,Sweeping,203,1
2015-10,Sweeping,204,1
2015-10,Sweeping,206,1
2015-10,Sweeping,207,1
2015-10,Sweeping,209,4
2015-10,Sweeping,210,1
2015-10,Sweeping,211,1
2015-10,Sweeping,212,1
2015-10,Sweeping,301,2
2015-10,Sweeping,302,5
2015-10,Sweeping,303,8
2015-10,Sweeping,304,8
2015-10,Sweeping,305,11
2015-10,Sweeping,306,6
2015-10,Sweeping,307,9
2015-10,Sweeping,308,3
2015-10,Sweeping,309,3
2015-10,Sweeping,310,8
2015-10,Sweeping,311,8
2015-10,Sweeping,312,11
2015-10,Sweeping,313,2
2015-10,Sweeping,314,6
2015-10,Sweeping,315,5
2015-10,Sweeping,316,6
2015-10,Sweeping,317,11
2015-10,Sweeping,318,14
2015-10,Sweeping,401,8
2015-10,Sweeping,402,5
2015-10,Sweeping,403,5
2015-10,Sweeping,404,6
2015-10,Sweeping,405,15
2015-10,Sweeping,407,13
2015-10,Sweeping,408,1
2015-10,Sweeping,409,1
2015-11,Basket,101,2
2015-11,Basket,102,5
2015-11,Basket,103,8
2015-11,Basket,104,5
2015-11,Basket,105,6
2015-11,Basket,106,8
2015-11,Basket,107,7
2015-11,Basket,108,23
2015-11,Basket,109,2
2015-11,Basket,110,1
2015-11,Basket,111,5
2015-11,Basket,112,12
2015-11,Basket,164,1
2015-11,Basket,202,1
2015-11,Basket,206,2
2015-11,Basket,207,1
2015-11,Basket,208,2
2015-11,Basket,209,1
2015-11,Basket,210,4
2015-11,Basket,212,8
2015-11,Basket,227,1
2015-11,Basket,301,16
2015-11,Basket,302,8
2015-11,Basket,303,9
2015-11,Basket,304,8
2015-11,Basket,305,5
2015-11,Basket,306,7
2015-11,Basket,307,1
2015-11,Basket,308,7
2015-11,Basket,309,4
2015-11,Basket,310,1
2015-11,Basket,311,11
2015-11,Basket,312,7
2015-11,Basket,313,4
2015-11,Basket,314,6
2015-11,Basket,315,3
2015-11,Basket,316,2
2015-11,Basket,317,4
2015-11,Basket,318,5
2015-11,Basket,401,11
2015-11,Basket,402,5
2015-11,Basket,403,1
2015-11,Basket,404,1
2015-11,Basket,405,22
2015-11,Basket,406,4
2015-11,Basket,407,5
2015-11,Basket,410,3
2015-11,Basket,411,4
2015-11,Basket,412,4
2015-11,Basket,413,7
2015-11,Basket,482,1
2015-11,Basket,501,10
2015-11,Basket,502,3
2015-11,Collection,101,6
2015-11,Collection,102,50
2015-11,Collection,103,27
2015-11,Collection,104,41
2015-11,Collection,105,15
2015-11,Collection,106,20
2015-11,Collection,107,38
2015-11,Collection,108,26
2015-11,Collection,109,9
2015-11,Collection,110,30
2015-11,Collection,111,21
2015-11,Collection,112,12
2015-11,Collection,201,5
2015-11,Collection,202,9
2015-11,Collection,203,16
2015-11,Collection,204,12
2015-11,Collection,205,1
2015-11,Collection,206,9
2015-11,Collection,207,13
2015-11,Collection,208,22
2015-11,Collection,209,12
2015-11,Collection,210,37
2015-11,Collection,211,12
2015-11,Collection,212,35
2015-11,Collection,301,94
2015-11,Collection,302,36
2015-11,Collection,303,73
2015-11,Collection,304,16
2015-11,Collection,305,30
2015-11,Collection,306,237
2015-11,Collection,307,7
2015-11,Collection,308,20
2015-11,Collection,309,11
2015-11,Collection,310,46
2015-11,Collection,311,44
2015-11,Collection,312,44
2015-11,Collection,313,5
2015-11,Collection,314,49
2015-11,Collection,315,40
2015-11,Collection,316,5
2015-11,Collection,317,36
2015-11,Collection,318,60
2015-11,Collection,401,40
2015-11,Collection,402,20
2015-11,Collection,403,11
2015-11,Collection,404,26
2015-11,Collection,405,92
2015-11,Collection,406,47
2015-11,Collection,407,166
2015-11,Collection,408,68
2015-11,Collection,409,39
2015-11,Collection,410,124
2015-11,Collection,411,55
2015-11,Collection,412,104
2015-11,Collection,413,52
2015-11,Collection,414,22
2015-11,Collection,501,212
2015-11,Collection,502,93
2015-11,Collection,503,369
2015-11,Sweeping,101,1
2015-11,Sweeping,102,1
2015-11,Sweeping,103,2
2015-11,Sweeping,104,5
2015-11,Sweeping,107,12
2015-11,Sweeping,108,2
2015-11,Sweeping,110,3
2015-11,Sweeping,112,2
2015-11,Sweeping,164,1
2015-11,Sweeping,202,1
2015-11,Sweeping,203,4
2015-11,Sweeping,205,3
2015-11,Sweeping,207,1
2015-11,Sweeping,208,3
2015-11,Sweeping,209,6
2015-11,Sweeping,210,4
2015-11,Sweeping,211,2
2015-11,Sweeping,212,1
2015-11,Sweeping,301,3
2015-11,Sweeping,302,7
2015-11,Sweeping,303,12
2015-11,Sweeping,304,2
2015-11,Sweeping,305,15
2015-11,Sweeping,306,14
2015-11,Sweeping,307,11
2015-11,Sweeping,308,9
2015-11,Sweeping,309,7
2015-11,Sweeping,310,17
2015-11,Sweeping,311,29
2015-11,Sweeping,312,26
2015-11,Sweeping,313,3
2015-11,Sweeping,314,27
2015-11,Sweeping,315,17
2015-11,Sweeping,316,2
2015-11,Sweeping,317,25
2015-11,Sweeping,318,25
2015-11,Sweeping,401,13
2015-11,Sweeping,402,6
2015-11,Sweeping,403,25
2015-11,Sweeping,404,7
2015-11,Sweeping,405,6
2015-11,Sweeping,406,13
2015-11,Sweeping,407,8
2015-11,Sweeping,408,5
2015-11,Sweeping,409,4
2015-11,Sweeping,412,3
2015-11,Sweeping,414,5
2015-12,Basket,101,5
2015-12,Basket,102,7
2015-12,Basket,103,8
2015-12,Basket,104,5
2015-12,Basket,105,6
2015-12,Basket,106,5
2015-12,Basket,107,11
2015-12,Basket,108,12
2015-12,Basket,110,5
2015-12,Basket,111,3
2015-12,Basket,112,23
2015-12,Basket,201,1
2015-12,Basket,202,2
2015-12,Basket,203,2
2015-12,Basket,204,7
2015-12,Basket,205,2
2015-12,Basket,206,5
2015-12,Basket,208,2
2015-12,Basket,209,2
2015-12,Basket,210,3
2015-12,Basket,211,3
2015-12,Basket,212,4
2015-12,Basket,226,1
2015-12,Basket,301,8
2015-12,Basket,302,9
2015-12,Basket,303,4
2015-12,Basket,304,6
2015-12,Basket,305,2
2015-12,Basket,306,4
2015-12,Basket,307,4
2015-12,Basket,308,3
2015-12,Basket,310,2
2015-12,Basket,311,9
2015-12,Basket,312,5
2015-12,Basket,313,4
2015-12,Basket,314,8
2015-12,Basket,315,6
2015-12,Basket,316,2
2015-12,Basket,317,2
2015-12,Basket,318,4
2015-12,Basket,401,11
2015-12,Basket,402,5
2015-12,Basket,403,2
2015-12,Basket,404,1
2015-12,Basket,405,5
2015-12,Basket,406,2
2015-12,Basket,408,2
2015-12,Basket,409,1
2015-12,Basket,410,2
2015-12,Basket,411,3
2015-12,Basket,412,5
2015-12,Basket,413,1
2015-12,Basket,501,20
2015-12,Basket,502,13
2015-12,Basket,503,9
2015-12,Collection,101,3
2015-12,Collection,102,39
2015-12,Collection,103,23
2015-12,Collection,104,40
2015-12,Collection,105,21
2015-12,Collection,106,17
2015-12,Collection,107,24
2015-12,Collection,108,28
2015-12,Collection,109,1
2015-12,Collection,110,30
2015-12,Collection,111,13
2015-12,Collection,112,12
2015-12,Collection,201,6
2015-12,Collection,202,6
2015-12,Collection,203,19
2015-12,Collection,204,6
2015-12,Collection,205,4
2015-12,Collection,206,9
2015-12,Collection,207,10
2015-12,Collection,208,21
2015-12,Collection,209,15
2015-12,Collection,210,29
2015-12,Collection,211,13
2015-12,Collection,212,41
2015-12,Collection,301,106
2015-12,Collection,302,23
2015-12,Collection,303,56
2015-12,Collection,304,29
2015-12,Collection,305,48
2015-12,Collection,306,256
2015-12,Collection,307,11
2015-12,Collection,308,23
2015-12,Collection,309,12
2015-12,Collection,310,26
2015-12,Collection,311,45
2015-12,Collection,312,49
2015-12,Collection,313,8
2015-12,Collection,314,59
2015-12,Collection,315,32
2015-12,Collection,316,5
2015-12,Collection,317,47
2015-12,Collection,318,58
2015-12,Collection,401,47
2015-12,Collection,402,15
2015-12,Collection,403,34
2015-12,Collection,404,39
2015-12,Collection,405,84
2015-12,Collection,406,38
2015-12,Collection,407,144
2015-12,Collection,408,121
2015-12,Collection,409,36
2015-12,Collection,410,137
2015-12,Collection,411,69
2015-12,Collection,412,106
2015-12,Collection,413,96
2015-12,Collection,414,38
2015-12,Collection,501,205
2015-12,Collection,502,92
2015-12,Collection,503,149
2015-12,Sweeping,102,6
2015-12,Sweeping,104,2
2015-12,Sweeping,107,7
2015-12,Sweeping,108,3
2015-12,Sweeping,109,1
2015-12,Sweeping,110,8
2015-12,Sweeping,111,1
2015-12,Sweeping,164,2
2015-12,Sweeping,202,1
2015-12,Sweeping,204,1
2015-12,Sweeping,207,2
2015-12,Sweeping,208,3
2015-12,Sweeping,211,2
2015-12,Sweeping,301,4
2015-12,Sweeping,302,1
2015-12,Sweeping,303,2
2015-12,Sweeping,304,2
2015-12,Sweeping,305,6
2015-12,Sweeping,306,16
2015-12,Sweeping,307,2
2015-12,Sweeping,308,1
2015-12,Sweeping,309,4
2015-12,Sweeping,310,5
2015-12,Sweeping,311,5
2015-12,Sweeping,312,9
2015-12,Sweeping,313,1
2015-12,Sweeping,314,6
2015-12,Sweeping,315,1
2015-12,Sweeping,316,3
2015-12,Sweeping,317,3
2015-12,Sweeping,318,4
2015-12,Sweeping,401,7
2015-12,Sweeping,402,5
2015-12,Sweeping,403,3
2015-12,Sweeping,404,2
2015-12,Sweeping,405,2
2015-12,Sweeping,406,2
2015-12,Sweeping,407,5
2015-12,Sweeping,408,5
2015-12,Sweeping,409,2
2015-12,Sweeping,412,2
2015-12,Sweeping,413,1
2016-01,Basket,102,6
2016-01,Basket,103,9
2016-01,Basket,104,4
2016-01,Basket,105,4
2016-01,Basket,107,3
2016-01,Basket,108,4
2016-01,Basket,109,5
2016-01,Basket,110,3
2016-01,Basket,112,8
2016-01,Basket,164,1
2016-01,Basket,201,1
2016-01,Basket,203,2
2016-01,Basket,204,2
2016-01,Basket,205,2
2016-01,Basket,206,1
2016-01,Basket,207,1
2016-01,Basket,208,1
2016-01,Basket,209,5
2016-01,Basket,210,2
2016-01,Basket,211,3
2016-01,Basket,212,5
2016-01,Basket,301,9
2016-01,Basket,302,2
2016-01,Basket,303,7
2016-01,Basket,305,1
2016-01,Basket,306,6
2016-01,Basket,307,8
2016-01,Basket,308,2
2016-01,Basket,309,2
2016-01,Basket,311,3
2016-01,Basket,312,3
2016-01,Basket,314,11
2016-01,Basket,315,3
2016-01,Basket,316,1
2016-01,Basket,317,1
2016-01,Basket,318,2
2016-01,Basket,401,8
2016-01,Basket,402,4
2016-01,Basket,405,6
2016-01,Basket,406,7
2016-01,Basket,407,1
2016-01,Basket,409,1
2016-01,Basket,410,1
2016-01,Basket,411,1
2016-01,Basket,412,3
2016-01,Basket,413,2
2016-01,Basket,501,6
2016-01,Basket,502,6
2016-01,Basket,503,6
2016-01,Collection,101,6
2016-01,Collection,102,39
2016-01,Collection,103,13
2016-01,Collection,104,20
2016-01,Collection,105,15
2016-01,Collection,106,9
2016-01,Collection,107,20
2016-01,Collection,108,21
2016-01,Collection,109,7
2016-01,Collection,110,18
2016-01,Collection,111,5
2016-01,Collection,112,10
2016-01,Collection,201,5
2016-01,Collection,202,7
2016-01,Collection,203,19
2016-01,Collection,204,4
2016-01,Collection,205,3
2016-01,Collection,206,11
2016-01,Collection,207,12
2016-01,Collection,208,20
2016-01,Collection,209,18
2016-01,Collection,210,25
2016-01,Collection,211,31
2016-01,Collection,212,28
2016-01,Collection,226,1
2016-01,Collection,301,62
2016-01,Collection,302,24
2016-01,Collection,303,29
2016-01,Collection,304,19
2016-01,Collection,305,33
2016-01,Collection,306,191
2016-01,Collection,307,15
2016-01,Collection,308,23
2016-01,Collection,309,17
2016-01,Collection,310,54
2016-01,Collection,311,31
2016-01,Collection,312,44
2016-01,Collection,313,5
2016-01,Collection,314,28
2016-01,Collection,315,24
2016-01,Collection,316,9
2016-01,Collection,317,41
2016-01,Collection,318,49
2016-01,Collection,401,56
2016-01,Collection,402,13
2016-01,Collection,403,16
2016-01,Collection,404,18
2016-01,Collection,405,58
2016-01,Collection,406,34
2016-01,Collection,407,132
2016-01,Collection,408,68
2016-01,Collection,409,28
2016-01,Collection,410,92
2016-01,Collection,411,73
2016-01,Collection,412,72
2016-01,Collection,413,57
2016-01,Collection,414,23
2016-01,Collection,501,123
2016-01,Collection,502,81
2016-01,Collection,503,107
2016-01,Sweeping,102,1
2016-01,Sweeping,104,2
2016-01,Sweeping,107,3
2016-01,Sweeping,108,2
2016-01,Sweeping,111,1
2016-01,Sweeping,203,2
2016-01,Sweeping,204,1
2016-01,Sweeping,207,2
2016-01,Sweeping,209,1
2016-01,Sweeping,211,2
2016-01,Sweeping,212,4
2016-01,Sweeping,301,1
2016-01,Sweeping,303,2
2016-01,Sweeping,305,2
2016-01,Sweeping,306,2
2016-01,Sweeping,309,3
2016-01,Sweeping,311,1
2016-01,Sweeping,312,1
2016-01,Sweeping,314,4
2016-01,Sweeping,318,3
2016-01,Sweeping,401,3
2016-01,Sweeping,403,1
2016-01,Sweeping,405,2
2016-01,Sweeping,406,1
2016-01,Sweeping,407,2
2016-01,Sweeping,409,1
2016-01,Sweeping,412,2
2016-02,Basket,101,2
2016-02,Basket,102,7
2016-02,Basket,103,6
2016-02,Basket,104,5
2016-02,Basket,105,5
2016-02,Basket,106,5
2016-02,Basket,107,6
2016-02,Basket,108,8
2016-02,Basket,109,4
2016-02,Basket,110,3
2016-02,Basket,111,2
2016-02,Basket,112,13
2016-02,Basket,201,1
2016-02,Basket,202,1
2016-02,Basket,204,3
2016-02,Basket,205,2
2016-02,Basket,206,4
2016-02,Basket,209,2
2016-02,Basket,211,1
2016-02,Basket,212,2
2016-02,Basket,301,6
2016-02,Basket,302,4
2016-02,Basket,303,5
2016-02,Basket,304,4
2016-02,Basket,305,3
2016-02,Basket,306,3
2016-02,Basket,307,5
2016-02,Basket,308,1
2016-02,Basket,309,6
2016-02,Basket,311,6
2016-02,Basket,312,4
2016-02,Basket,314,5
2016-02,Basket,315,3
2016-02,Basket,316,1
2016-02,Basket,317,1
2016-02,Basket,318,4
2016-02,Basket,401,3
2016-02,Basket,402,1
2016-02,Basket,403,3
2016-02,Basket,404,1
2016-02,Basket,405,19
2016-02,Basket,406,2
2016-02,Basket,407,3
2016-02,Basket,408,3
2016-02,Basket,409,2
2016-02,Basket,410,2
2016-02,Basket,411,3
2016-02,Basket,412,4
2016-02,Basket,413,1
2016-02,Basket,414,1
2016-02,Basket,501,10
2016-02,Basket,502,4
2016-02,Basket,503,3
2016-02,Collection,101,7
2016-02,Collection,102,16
2016-02,Collection,103,14
2016-02,Collection,104,18
2016-02,Collection,105,9
2016-02,Collection,106,10
2016-02,Collection,107,11
2016-02,Collection,108,9
2016-02,Collection,109,1
2016-02,Collection,110,13
2016-02,Collection,111,6
2016-02,Collection,112,5
2016-02,Collection,201,2
2016-02,Collection,202,5
2016-02,Collection,203,6
2016-02,Collection,204,2
2016-02,Collection,205,4
2016-02,Collection,206,9
2016-02,Collection,207,7
2016-02,Collection,208,4
2016-02,Collection,209,24
2016-02,Collection,210,30
2016-02,Collection,211,3
2016-02,Collection,212,26
2016-02,Collection,301,64
2016-02,Collection,302,9
2016-02,Collection,303,35
2016-02,Collection,304,5
2016-02,Collection,305,23
2016-02,Collection,306,68
2016-02,Collection,307,9
2016-02,Collection,308,7
2016-02,Collection,309,6
2016-02,Collection,310,20
2016-02,Collection,311,31
2016-02,Collection,312,28
2016-02,Collection,313,2
2016-02,Collection,314,20
2016-02,Collection,315,16
2016-02,Collection,316,2
2016-02,Collection,317,19
2016-02,Collection,318,30
2016-02,Collection,401,37
2016-02,Collection,402,13
2016-02,Collection,403,26
2016-02,Collection,404,9
2016-02,Collection,405,40
2016-02,Collection,406,33
2016-02,Collection,407,107
2016-02,Collection,408,52
2016-02,Collection,409,17
2016-02,Collection,410,127
2016-02,Collection,411,28
2016-02,Collection,412,63
2016-02,Collection,413,40
2016-02,Collection,414,38
2016-02,Collection,501,107
2016-02,Collection,502,67
2016-02,Collection,503,57
2016-02,Sweeping,101,2
2016-02,Sweeping,104,2
2016-02,Sweeping,107,2
2016-02,Sweeping,108,2
2016-02,Sweeping,110,3
2016-02,Sweeping,204,1
2016-02,Sweeping,212,1
2016-02,Sweeping,301,1
2016-02,Sweeping,305,2
2016-02,Sweeping,306,1
2016-02,Sweeping,311,2
2016-02,Sweeping,312,1
2016-02,Sweeping,313,1
2016-02,Sweeping,314,2
2016-02,Sweeping,316,1
2016-02,Sweeping,317,1
2016-02,Sweeping,318,8
2016-02,Sweeping,401,2
2016-02,Sweeping,402,1
2016-02,Sweeping,403,4
2016-02,Sweeping,405,1
2016-02,Sweeping,406,2
2016-02,Sweeping,410,1
2016-02,Sweeping,412,1
2016-02,Sweeping,414,1
2016-02,Sweeping,502,1
2016-03,Basket,101,2
2016-03,Basket,102,7
2016-03,Basket,103,10
2016-03,Basket,104,7
2016-03,Basket,105,4
2016-03,Basket,106,3
2016-03,Basket,107,6
2016-03,Basket,108,4
2016-03,Basket,109,3
2016-03,Basket,110,7
2016-03,Basket,111,11
2016-03,Basket,112,38
2016-03,Basket,164,1
2016-03,Basket,201,5
2016-03,Basket,202,2
2016-03,Basket,203,4
2016-03,Basket,204,1
2016-03,Basket,205,1
2016-03,Basket,206,6
2016-03,Basket,207,3
2016-03,Basket,208,3
2016-03,Basket,209,1
2016-03,Basket,210,4
2016-03,Basket,211,2
2016-03,Basket,212,6
2016-03,Basket,301,14
2016-03,Basket,302,9
2016-03,Basket,303,6
2016-03,Basket,304,3
2016-03,Basket,305,6
2016-03,Basket,306,5
2016-03,Basket,307,4
2016-03,Basket,308,8
2016-03,Basket,309,2
2016-03,Basket,310,3
2016-03,Basket,311,8
2016-03,Basket,312,7
2016-03,Basket,313,1
2016-03,Basket,314,8
2016-03,Basket,315,8
2016-03,Basket,316,4
2016-03,Basket,317,3
2016-03,Basket,318,6
2016-03,Basket,401,12
2016-03,Basket,402,3
2016-03,Basket,403,2
2016-03,Basket,404,4
2016-03,Basket,405,4
2016-03,Basket,406,2
2016-03,Basket,407,5
2016-03,Basket,408,2
2016-03,Basket,409,2
2016-03,Basket,410,1
2016-03,Basket,412,10
2016-03,Basket,413,9
2016-03,Basket,414,1
2016-03,Basket,501,8
2016-03,Basket,502,7
2016-03,Basket,503,5
2016-03,Basket,595,1
2016-03,Collection,101,7
2016-03,Collection,102,26
2016-03,Collection,103,22
2016-03,Collection,104,36
2016-03,Collection,105,16
2016-03,Collection,106,15
2016-03,Collection,107,10
2016-03,Collection,108,19
2016-03,Collection,109,2
2016-03,Collection,110,16
2016-03,Collection,111,18
2016-03,Collection,112,10
2016-03,Collection,201,6
2016-03,Collection,202,7
2016-03,Collection,203,23
2016-03,Collection,204,9
2016-03,Collection,205,5
2016-03,Collection,206,12
2016-03,Collection,207,9
2016-03,Collection,208,8
2016-03,Collection,209,13
2016-03,Collection,210,19
2016-03,Collection,211,15
2016-03,Collection,212,22
2016-03,Collection,301,80
2016-03,Collection,302,28
2016-03,Collection,303,66
2016-03,Collection,304,18
2016-03,Collection,305,53
2016-03,Collection,306,124
2016-03,Collection,307,12
2016-03,Collection,308,17
2016-03,Collection,309,11
2016-03,Collection,310,30
2016-03,Collection,311,38
2016-03,Collection,312,72
2016-03,Collection,313,3
2016-03,Collection,314,40
2016-03,Collection,315,31
2016-03,Collection,316,12
2016-03,Collection,317,33
2016-03,Collection,318,56
2016-03,Collection,401,49
2016-03,Collection,402,11
2016-03,Collection,403,14
2016-03,Collection,404,20
2016-03,Collection,405,67
2016-03,Collection,406,33
2016-03,Collection,407,126
2016-03,Collection,408,109
2016-03,Collection,409,27
2016-03,Collection,410,249
2016-03,Collection,411,61
2016-03,Collection,412,98
2016-03,Collection,413,76
2016-03,Collection,414,47
2016-03,Collection,501,198
2016-03,Collection,502,132
2016-03,Collection,503,122
2016-03,Sweeping,103,1
2016-03,Sweeping,107,3
2016-03,Sweeping,108,2
2016-03,Sweeping,109,1
2016-03,Sweeping,112,1
2016-03,Sweeping,202,1
2016-03,Sweeping,203,2
2016-03,Sweeping,209,2
2016-03,Sweeping,212,2
2016-03,Sweeping,304,2
2016-03,Sweeping,306,3
2016-03,Sweeping,307,2
2016-03,Sweeping,308,1
2016-03,Sweeping,311,5
2016-03,Sweeping,312,4
2016-03,Sweeping,313,1
2016-03,Sweeping,314,4
2016-03,Sweeping,315,1
2016-03,Sweeping,316,1
2016-03,Sweeping,317,1
2016-03,Sweeping,318,6
2016-03,Sweeping,401,1
2016-03,Sweeping,402,2
2016-03,Sweeping,404,2
2016-03,Sweeping,406,1
2016-03,Sweeping,408,1
2016-03,Sweeping,412,2
2016-03,Sweeping,501,1
2016-04,Basket,101,2
2016-04,Basket,102,5
2016-04,Basket,103,2
2016-04,Basket,104,9
2016-04,Basket,105,9
2016-04,Basket,106,3
2016-04,Basket,107,7
2016-04,Basket,108,3
2016-04,Basket,110,3
2016-04,Basket,111,6
2016-04,Basket,112,22
2016-04,Basket,201,2
2016-04,Basket,202,1
2016-04,Basket,203,2
2016-04,Basket,204,7
2016-04,Basket,205,2
2016-04,Basket,206,2
2016-04,Basket,207,1
2016-04,Basket,208,7
2016-04,Basket,209,3
2016-04,Basket,210,1
2016-04,Basket,211,3
2016-04,Basket,212,3
2016-04,Basket,227,1
2016-04,Basket,301,7
2016-04,Basket,302,5
2016-04,Basket,303,9
2016-04,Basket,304,7
2016-04,Basket,305,5
2016-04,Basket,306,14
2016-04,Basket,307,1
2016-04,Basket,308,8
2016-04,Basket,309,1
2016-04,Basket,311,13
2016-04,Basket,312,9
2016-04,Basket,313,1
2016-04,Basket,314,8
2016-04,Basket,315,14
2016-04,Basket,316,1
2016-04,Basket,317,1
2016-04,Basket,318,3
2016-04,Basket,401,8
2016-04,Basket,402,2
2016-04,Basket,403,3
2016-04,Basket,404,1
2016-04,Basket,405,1
2016-04,Basket,406,5
2016-04,Basket,407,2
2016-04,Basket,408,1
2016-04,Basket,409,1
2016-04,Basket,410,3
2016-04,Basket,411,3
2016-04,Basket,412,5
2016-04,Basket,413,4
2016-04,Basket,414,2
2016-04,Basket,501,8
2016-04,Basket,502,11
2016-04,Basket,503,7
2016-04,Collection,101,6
2016-04,Collection,102,39
2016-04,Collection,103,17
2016-04,Collection,104,44
2016-04,Collection,105,13
2016-04,Collection,106,14
2016-04,Collection,107,13
2016-04,Collection,108,21
2016-04,Collection,109,1
2016-04,Collection,110,20
2016-04,Collection,111,8
2016-04,Collection,112,10
2016-04,Collection,201,4
2016-04,Collection,202,9
2016-04,Collection,203,24
2016-04,Collection,204,11
2016-04,Collection,205,5
2016-04,Collection,206,13
2016-04,Collection,207,6
2016-04,Collection,208,14
2016-04,Collection,209,14
2016-04,Collection,210,21
2016-04,Collection,211,10
2016-04,Collection,212,23
2016-04,Collection,301,133
2016-04,Collection,302,19
2016-04,Collection,303,50
2016-04,Collection,304,27
2016-04,Collection,305,38
2016-04,Collection,306,136
2016-04,Collection,307,14
2016-04,Collection,308,22
2016-04,Collection,309,15
2016-04,Collection,310,30
2016-04,Collection,311,37
2016-04,Collection,312,98
2016-04,Collection,313,6
2016-04,Collection,314,33
2016-04,Collection,315,32
2016-04,Collection,316,8
2016-04,Collection,317,30
2016-04,Collection,318,54
2016-04,Collection,401,52
2016-04,Collection,402,9
2016-04,Collection,403,13
2016-04,Collection,404,25
2016-04,Collection,405,35
2016-04,Collection,406,20
2016-04,Collection,407,114
2016-04,Collection,408,69
2016-04,Collection,409,30
2016-04,Collection,410,280
2016-04,Collection,411,50
2016-04,Collection,412,83
2016-04,Collection,413,62
2016-04,Collection,414,11
2016-04,Collection,501,180
2016-04,Collection,502,131
2016-04,Collection,503,123
2016-04,Sweeping,103,4
2016-04,Sweeping,104,1
2016-04,Sweeping,107,2
2016-04,Sweeping,108,3
2016-04,Sweeping,110,7
2016-04,Sweeping,112,1
2016-04,Sweeping,206,1
2016-04,Sweeping,209,2
2016-04,Sweeping,212,1
2016-04,Sweeping,305,1
2016-04,Sweeping,306,2
2016-04,Sweeping,307,1
2016-04,Sweeping,311,2
2016-04,Sweeping,312,5
2016-04,Sweeping,315,2
2016-04,Sweeping,317,2
2016-04,Sweeping,318,3
2016-04,Sweeping,401,1
2016-04,Sweeping,402,1
2016-04,Sweeping,403,3
2016-04,Sweeping,404,2
2016-04,Sweeping,406,1
2016-04,Sweeping,407,1
2016-04,Sweeping,412,2
2016-04,Sweeping,414,1
2016-05,Basket,101,2
2016-05,Basket,102,11
2016-05,Basket,103,1
2016-05,Basket,104,16
2016-05,Basket,105,5
2016-05,Basket,106,4
2016-05,Basket,107,6
2016-05,Basket,108,8
2016-05,Basket,109,4
2016-05,Basket,110,10
2016-05,Basket,111,6
2016-05,Basket,112,26
2016-05,Basket,201,9
2016-05,Basket,202,2
2016-05,Basket,203,5
2016-05,Basket,204,11
2016-05,Basket,205,5
2016-05,Basket,206,4
2016-05,Basket,207,3
2016-05,Basket,208,6
2016-05,Basket,209,4
2016-05,Basket,210,4
2016-05,Basket,211,11
2016-05,Basket,212,13
2016-05,Basket,301,17
2016-05,Basket,302,9
2016-05,Basket,303,14
2016-05,Basket,304,9
2016-05,Basket,305,2
2016-05,Basket,306,6
2016-05,Basket,307,1
2016-05,Basket,308,1
2016-05,Basket,309,1
2016-05,Basket,310,5
2016-05,Basket,311,14
2016-05,Basket,312,21
2016-05,Basket,314,9
2016-05,Basket,315,10
2016-05,Basket,316,5
2016-05,Basket,317,2
2016-05,Basket,318,9
2016-05,Basket,355,1
2016-05,Basket,401,10
2016-05,Basket,402,7
2016-05,Basket,403,2
2016-05,Basket,404,5
2016-05,Basket,405,7
2016-05,Basket,406,8
2016-05,Basket,407,3
2016-05,Basket,408,3
2016-05,Basket,409,2
2016-05,Basket,410,3
2016-05,Basket,411,1
2016-05,Basket,412,9
2016-05,Basket,413,9
2016-05,Basket,414,3
2016-05,Basket,501,13
2016-05,Basket,502,4
2016-05,Basket,503,7
2016-05,Basket,595,2
2016-05,Collection,101,8
2016-05,Collection,102,44
2016-05,Collection,103,14
2016-05,Collection,104,45
2016-05,Collection,105,8
2016-05,Collection,106,13
2016-05,Collection,107,17
2016-05,Collection,108,13
2016-05,Collection,109,4
2016-05,Collection,110,22
2016-05,Collection,111,6
2016-05,Collection,112,4
2016-05,Collection,201,4
2016-05,Collection,202,3
2016-05,Collection,203,13
2016-05,Collection,204,4
2016-05,Collection,206,12
2016-05,Collection,207,3
2016-05,Collection,208,10
2016-05,Collection,209,11
2016-05,Collection,210,36
2016-05,Collection,211,8
2016-05,Collection,212,22
2016-05,Collection,301,99
2016-05,Collection,302,24
2016-05,Collection,303,75
2016-05,Collection,304,16
2016-05,Collection,305,23
2016-05,Collection,306,162
2016-05,Collection,307,14
2016-05,Collection,308,17
2016-05,Collection,309,16
2016-05,Collection,310,30
2016-05,Collection,311,37
2016-05,Collection,312,91
2016-05,Collection,313,14
2016-05,Collection,314,29
2016-05,Collection,315,33
2016-05,Collection,316,8
2016-05,Collection,317,34
2016-05,Collection,318,60
2016-05,Collection,355,1
2016-05,Collection,401,54
2016-05,Collection,402,13
2016-05,Collection,403,20
2016-05,Collection,404,20
2016-05,Collection,405,51
2016-05,Collection,406,30
2016-05,Collection,407,123
2016-05,Collection,408,67
2016-05,Collection,409,32
2016-05,Collection,410,275
2016-05,Collection,411,59
2016-05,Collection,412,70
2016-05,Collection,413,87
2016-05,Collection,414,23
2016-05,Collection,501,159
2016-05,Collection,502,86
2016-05,Collection,503,91
2016-05,Sweeping,103,2
2016-05,Sweeping,104,1
2016-05,Sweeping,107,3
2016-05,Sweeping,108,1
2016-05,Sweeping,110,3
2016-05,Sweeping,111,2
2016-05,Sweeping,112,2
2016-05,Sweeping,203,5
2016-05,Sweeping,207,2
2016-05,Sweeping,209,1
2016-05,Sweeping,210,4
2016-05,Sweeping,301,1
2016-05,Sweeping,302,1
2016-05,Sweeping,303,3
2016-05,Sweeping,305,1
2016-05,Sweeping,306,2
2016-05,Sweeping,307,2
2016-05,Sweeping,310,1
2016-05,Sweeping,311,2
2016-05,Sweeping,312,2
2016-05,Sweeping,314,4
2016-05,Sweeping,315,2
2016-05,Sweeping,317,1
2016-05,Sweeping,318,7
2016-05,Sweeping,402,3
2016-05,Sweeping,404,1
2016-05,Sweeping,405,1
2016-05,Sweeping,406,2
2016-05,Sweeping,407,7
2016-05,Sweeping,410,1
2016-05,Sweeping,412,1
2016-05,Sweeping,413,1
2016-05,Sweeping,414,1
2016-05,Sweeping,502,1
2016-06,Basket,101,1
2016-06,Basket,102,14
2016-06,Basket,103,6
2016-06,Basket,104,10
2016-06,Basket,105,6
2016-06,Basket,106,10
2016-06,Basket,107,27
2016-06,Basket,108,5
2016-06,Basket,109,3
2016-06,Basket,110,13
2016-06,Basket,111,6
2016-06,Basket,112,13
2016-06,Basket,164,3
2016-06,Basket,201,1
2016-06,Basket,202,2
2016-06,Basket,203,2
2016-06,Basket,204,6
2016-06,Basket,205,5
2016-06,Basket,206,9
2016-06,Basket,207,5
2016-06,Basket,208,6
2016-06,Basket,209,6
2016-06,Basket,210,2
2016-06,Basket,211,9
2016-06,Basket,212,6
2016-06,Basket,301,7
2016-06,Basket,302,9
2016-06,Basket,303,15
2016-06,Basket,304,5
2016-06,Basket,305,5
2016-06,Basket,306,4
2016-06,Basket,307,3
2016-06,Basket,308,8
2016-06,Basket,309,2
2016-06,Basket,310,2
2016-06,Basket,311,13
2016-06,Basket,312,59
2016-06,Basket,313,6
2016-06,Basket,314,7
2016-06,Basket,315,9
2016-06,Basket,316,3
2016-06,Basket,317,1
2016-06,Basket,318,8
2016-06,Basket,401,16
2016-06,Basket,402,11
2016-06,Basket,403,6
2016-06,Basket,404,1
2016-06,Basket,405,16
2016-06,Basket,406,4
2016-06,Basket,407,9
2016-06,Basket,408,8
2016-06,Basket,410,2
2016-06,Basket,411,4
2016-06,Basket,412,15
2016-06,Basket,413,6
2016-06,Basket,414,4
2016-06,Basket,482,1
2016-06,Basket,501,16
2016-06,Basket,502,6
2016-06,Basket,503,17
2016-06,Basket,595,1
2016-06,Collection,101,14
2016-06,Collection,102,34
2016-06,Collection,103,29
2016-06,Collection,104,58
2016-06,Collection,105,6
2016-06,Collection,106,12
2016-06,Collection,107,21
2016-06,Collection,108,27
2016-06,Collection,110,30
2016-06,Collection,111,11
2016-06,Collection,112,35
2016-06,Collection,201,4
2016-06,Collection,202,1
2016-06,Collection,203,41
2016-06,Collection,204,7
2016-06,Collection,205,4
2016-06,Collection,206,14
2016-06,Collection,207,4
2016-06,Collection,208,15
2016-06,Collection,209,14
2016-06,Collection,210,34
2016-06,Collection,211,15
2016-06,Collection,212,15
2016-06,Collection,301,123
2016-06,Collection,302,43
2016-06,Collection,303,79
2016-06,Collection,304,14
2016-06,Collection,305,56
2016-06,Collection,306,223
2016-06,Collection,307,13
2016-06,Collection,308,18
2016-06,Collection,309,12
2016-06,Collection,310,35
2016-06,Collection,311,63
2016-06,Collection,312,104
2016-06,Collection,313,9
2016-06,Collection,314,44
2016-06,Collection,315,49
2016-06,Collection,316,10
2016-06,Collection,317,36
2016-06,Collection,318,62
2016-06,Collection,401,67
2016-06,Collection,402,20
2016-06,Collection,403,14
2016-06,Collection,404,19
2016-06,Collection,405,61
2016-06,Collection,406,34
2016-06,Collection,407,136
2016-06,Collection,408,74
2016-06,Collection,409,50
2016-06,Collection,410,290
2016-06,Collection,411,57
2016-06,Collection,412,108
2016-06,Collection,413,71
2016-06,Collection,414,9
2016-06,Collection,501,214
2016-06,Collection,502,131
2016-06,Collection,503,124
2016-06,Sweeping,102,1
2016-06,Sweeping,103,2
2016-06,Sweeping,107,2
2016-06,Sweeping,108,4
2016-06,Sweeping,109,2
2016-06,Sweeping,110,2
2016-06,Sweeping,201,3
2016-06,Sweeping,202,1
2016-06,Sweeping,203,1
2016-06,Sweeping,206,1
2016-06,Sweeping,207,1
2016-06,Sweeping,209,3
2016-06,Sweeping,211,1
2016-06,Sweeping,302,1
2016-06,Sweeping,304,2
2016-06,Sweeping,305,3
2016-06,Sweeping,306,4
2016-06,Sweeping,307,1
2016-06,Sweeping,310,2
2016-06,Sweeping,311,4
2016-06,Sweeping,312,5
2016-06,Sweeping,314,3
2016-06,Sweeping,315,3
2016-06,Sweeping,317,2
2016-06,Sweeping,318,5
2016-06,Sweeping,401,2
2016-06,Sweeping,402,3
2016-06,Sweeping,403,1
2016-06,Sweeping,404,1
2016-06,Sweeping,406,2
2016-06,Sweeping,407,1
2016-06,Sweeping,408,2
2016-06,Sweeping,409,1
2016-06,Sweeping,414,1
2016-07,Basket,101,1
2016-07,Basket,102,17
2016-07,Basket,103,13
2016-07,Basket,104,7
2016-07,Basket,105,11
2016-07,Basket,106,6
2016-07,Basket,107,16
2016-07,Basket,108,5
2016-07,Basket,109,5
2016-07,Basket,110,11
2016-07,Basket,111,15
2016-07,Basket,112,12
2016-07,Basket,201,2
2016-07,Basket,202,1
2016-07,Basket,203,1
2016-07,Basket,204,3
2016-07,Basket,205,2
2016-07,Basket,206,2
2016-07,Basket,207,9
2016-07,Basket,208,5
2016-07,Basket,209,3
2016-07,Basket,210,5
2016-07,Basket,211,4
2016-07,Basket,212,2
2016-07,Basket,226,1
2016-07,Basket,301,15
2016-07,Basket,302,11
2016-07,Basket,303,15
2016-07,Basket,304,4
2016-07,Basket,305,10
2016-07,Basket,306,6
2016-07,Basket,307,8
2016-07,Basket,308,10
2016-07,Basket,309,2
2016-07,Basket,310,11
2016-07,Basket,311,7
2016-07,Basket,312,16
2016-07,Basket,313,3
2016-07,Basket,314,3
2016-07,Basket,315,10
2016-07,Basket,316,2
2016-07,Basket,317,1
2016-07,Basket,318,4
2016-07,Basket,401,9
2016-07,Basket,402,13
2016-07,Basket,403,10
2016-07,Basket,404,1
2016-07,Basket,405,9
2016-07,Basket,406,5
2016-07,Basket,407,8
2016-07,Basket,408,7
2016-07,Basket,409,6
2016-07,Basket,410,8
2016-07,Basket,411,3
2016-07,Basket,412,9
2016-07,Basket,413,7
2016-07,Basket,414,2
2016-07,Basket,501,15
2016-07,Basket,502,5
2016-07,Basket,503,10
2016-07,Collection,101,7
2016-07,Collection,102,36
2016-07,Collection,103,20
2016-07,Collection,104,51
2016-07,Collection,105,9
2016-07,Collection,106,18
2016-07,Collection,107,13
2016-07,Collection,108,25
2016-07,Collection,109,4
2016-07,Collection,110,31
2016-07,Collection,111,8
2016-07,Collection,112,21
2016-07,Collection,201,3
2016-07,Collection,202,4
2016-07,Collection,203,24
2016-07,Collection,204,6
2016-07,Collection,205,6
2016-07,Collection,206,16
2016-07,Collection,207,3
2016-07,Collection,208,16
2016-07,Collection,209,19
2016-07,Collection,210,48
2016-07,Collection,211,9
2016-07,Collection,212,20
2016-07,Collection,301,120
2016-07,Collection,302,37
2016-07,Collection,303,78
2016-07,Collection,304,14
2016-07,Collection,305,42
2016-07,Collection,306,236
2016-07,Collection,307,13
2016-07,Collection,308,28
2016-07,Collection,309,18
2016-07,Collection,310,44
2016-07,Collection,311,44
2016-07,Collection,312,87
2016-07,Collection,313,6
2016-07,Collection,314,36
2016-07,Collection,315,30
2016-07,Collection,316,14
2016-07,Collection,317,37
2016-07,Collection,318,39
2016-07,Collection,355,3
2016-07,Collection,401,60
2016-07,Collection,402,18
2016-07,Collection,403,35
2016-07,Collection,404,39
2016-07,Collection,405,67
2016-07,Collection,406,27
2016-07,Collection,407,115
2016-07,Collection,408,77
2016-07,Collection,409,55
2016-07,Collection,410,333
2016-07,Collection,411,59
2016-07,Collection,412,120
2016-07,Collection,413,107
2016-07,Collection,414,33
2016-07,Collection,501,244
2016-07,Collection,502,133
2016-07,Collection,503,167
2016-07,Sweeping,102,1
2016-07,Sweeping,104,2
2016-07,Sweeping,106,1
2016-07,Sweeping,107,1
2016-07,Sweeping,108,4
2016-07,Sweeping,109,2
2016-07,Sweeping,110,3
2016-07,Sweeping,201,2
2016-07,Sweeping,203,2
2016-07,Sweeping,206,1
2016-07,Sweeping,207,1
2016-07,Sweeping,209,1
2016-07,Sweeping,211,1
2016-07,Sweeping,212,2
2016-07,Sweeping,301,2
2016-07,Sweeping,307,1
2016-07,Sweeping,311,7
2016-07,Sweeping,312,7
2016-07,Sweeping,313,2
2016-07,Sweeping,314,3
2016-07,Sweeping,315,3
2016-07,Sweeping,318,8
2016-07,Sweeping,401,4
2016-07,Sweeping,402,2
2016-07,Sweeping,403,7
2016-07,Sweeping,404,2
2016-07,Sweeping,405,3
2016-07,Sweeping,406,3
2016-07,Sweeping,407,4
2016-07,Sweeping,408,4
2016-07,Sweeping,409,1
2016-07,Sweeping,413,2
2016-07,Sweeping,502,1
2016-08,Basket,101,2
2016-08,Basket,102,15
2016-08,Basket,103,12
2016-08,Basket,104,11
2016-08,Basket,105,6
2016-08,Basket,106,6
2016-08,Basket,107,15
2016-08,Basket,108,5
2016-08,Basket,109,2
2016-08,Basket,110,13
2016-08,Basket,111,7
2016-08,Basket,112,9
2016-08,Basket,201,5
2016-08,Basket,202,2
2016-08,Basket,203,2
2016-08,Basket,204,5
2016-08,Basket,205,1
2016-08,Basket,206,3
2016-08,Basket,208,1
2016-08,Basket,209,9
2016-08,Basket,210,4
2016-08,Basket,211,6
2016-08,Basket,212,7
2016-08,Basket,301,10
2016-08,Basket,302,19
2016-08,Basket,303,7
2016-08,Basket,304,4
2016-08,Basket,305,12
2016-08,Basket,306,12
2016-08,Basket,307,7
2016-08,Basket,308,16
2016-08,Basket,309,7
2016-08,Basket,310,2
2016-08,Basket,311,30
2016-08,Basket,312,17
2016-08,Basket,313,2
2016-08,Basket,314,8
2016-08,Basket,315,12
2016-08,Basket,316,4
2016-08,Basket,317,2
2016-08,Basket,318,9
2016-08,Basket,401,9
2016-08,Basket,402,4
2016-08,Basket,403,9
2016-08,Basket,404,2
2016-08,Basket,405,13
2016-08,Basket,406,6
2016-08,Basket,407,9
2016-08,Basket,408,2
2016-08,Basket,409,12
2016-08,Basket,410,5
2016-08,Basket,411,3
2016-08,Basket,412,9
2016-08,Basket,413,5
2016-08,Basket,501,23
2016-08,Basket,502,9
2016-08,Basket,503,7
2016-08,Collection,101,8
2016-08,Collection,102,33
2016-08,Collection,103,18
2016-08,Collection,104,25
2016-08,Collection,105,14
2016-08,Collection,106,5
2016-08,Collection,107,21
2016-08,Collection,108,20
2016-08,Collection,109,5
2016-08,Collection,110,33
2016-08,Collection,111,8
2016-08,Collection,112,11
2016-08,Collection,201,6
2016-08,Collection,202,2
2016-08,Collection,203,25
2016-08,Collection,204,7
2016-08,Collection,205,5
2016-08,Collection,206,14
2016-08,Collection,207,6
2016-08,Collection,208,13
2016-08,Collection,209,11
2016-08,Collection,210,44
2016-08,Collection,211,13
2016-08,Collection,212,24
2016-08,Collection,301,124
2016-08,Collection,302,25
2016-08,Collection,303,59
2016-08,Collection,304,22
2016-08,Collection,305,48
2016-08,Collection,306,168
2016-08,Collection,307,12
2016-08,Collection,308,24
2016-08,Collection,309,20
2016-08,Collection,310,35
2016-08,Collection,311,29
2016-08,Collection,312,101
2016-08,Collection,313,15
2016-08,Collection,314,29
2016-08,Collection,315,21
2016-08,Collection,316,18
2016-08,Collection,317,42
2016-08,Collection,318,45
2016-08,Collection,401,27
2016-08,Collection,402,14
2016-08,Collection,403,22
2016-08,Collection,404,17
2016-08,Collection,405,50
2016-08,Collection,406,15
2016-08,Collection,407,113
2016-08,Collection,408,46
2016-08,Collection,409,32
2016-08,Collection,410,234
2016-08,Collection,411,63
2016-08,Collection,412,110
2016-08,Collection,413,79
2016-08,Collection,414,23
2016-08,Collection,501,166
2016-08,Collection,502,117
2016-08,Collection,503,112
2016-08,Sweeping,102,1
2016-08,Sweeping,103,1
2016-08,Sweeping,104,1
2016-08,Sweeping,107,3
2016-08,Sweeping,108,7
2016-08,Sweeping,110,4
2016-08,Sweeping,111,1
2016-08,Sweeping,112,1
2016-08,Sweeping,201,4
2016-08,Sweeping,204,1
2016-08,Sweeping,206,1
2016-08,Sweeping,207,2
2016-08,Sweeping,208,1
2016-08,Sweeping,209,4
2016-08,Sweeping,212,2
2016-08,Sweeping,304,1
2016-08,Sweeping,306,2
2016-08,Sweeping,307,2
2016-08,Sweeping,311,7
2016-08,Sweeping,312,5
2016-08,Sweeping,313,1
2016-08,Sweeping,314,6
2016-08,Sweeping,315,4
2016-08,Sweeping,318,9
2016-08,Sweeping,401,4
2016-08,Sweeping,402,1
2016-08,Sweeping,403,7
2016-08,Sweeping,404,2
2016-08,Sweeping,405,3
2016-08,Sweeping,406,2
2016-08,Sweeping,407,1
2016-08,Sweeping,408,2
2016-08,Sweeping,501,1
2016-09,Basket,101,2
2016-09,Basket,102,10
2016-09,Basket,103,15
2016-09,Basket,104,11
2016-09,Basket,105,6
2016-09,Basket,106,7
2016-09,Basket,107,18
2016-09,Basket,108,14
2016-09,Basket,109,4
2016-09,Basket,110,18
2016-09,Basket,111,7
2016-09,Basket,112,9
2016-09,Basket,164,1
2016-09,Basket,201,1
2016-09,Basket,202,1
2016-09,Basket,203,1
2016-09,Basket,204,3
2016-09,Basket,205,1
2016-09,Basket,206,2
2016-09,Basket,207,4
2016-09,Basket,208,3
2016-09,Basket,209,6
2016-09,Basket,210,3
2016-09,Basket,211,6
2016-09,Basket,212,8
2016-09,Basket,301,10
2016-09,Basket,302,15
2016-09,Basket,303,5
2016-09,Basket,304,1
2016-09,Basket,305,5
2016-09,Basket,306,12
2016-09,Basket,307,12
2016-09,Basket,308,12
2016-09,Basket,309,8
2016-09,Basket,310,5
2016-09,Basket,311,19
2016-09,Basket,312,7
2016-09,Basket,313,2
2016-09,Basket,314,8
2016-09,Basket,315,14
2016-09,Basket,316,2
2016-09,Basket,317,3
2016-09,Basket,318,11
2016-09,Basket,401,16
2016-09,Basket,402,9
2016-09,Basket,403,6
2016-09,Basket,404,4
2016-09,Basket,405,19
2016-09,Basket,406,1
2016-09,Basket,407,4
2016-09,Basket,408,9
2016-09,Basket,409,4
2016-09,Basket,410,9
2016-09,Basket,411,2
2016-09,Basket,412,13
2016-09,Basket,413,8
2016-09,Basket,414,2
2016-09,Basket,501,26
2016-09,Basket,502,11
2016-09,Basket,503,6
2016-09,Collection,101,6
2016-09,Collection,102,34
2016-09,Collection,103,29
2016-09,Collection,104,34
2016-09,Collection,105,11
2016-09,Collection,106,19
2016-09,Collection,107,21
2016-09,Collection,108,26
2016-09,Collection,109,13
2016-09,Collection,110,29
2016-09,Collection,111,6
2016-09,Collection,112,15
2016-09,Collection,201,3
2016-09,Collection,202,1
2016-09,Collection,203,23
2016-09,Collection,204,5
2016-09,Collection,205,3
2016-09,Collection,206,7
2016-09,Collection,207,7
2016-09,Collection,208,6
2016-09,Collection,209,10
2016-09,Collection,210,27
2016-09,Collection,211,13
2016-09,Collection,212,19
2016-09,Collection,301,114
2016-09,Collection,302,37
2016-09,Collection,303,68
2016-09,Collection,304,22
2016-09,Collection,305,44
2016-09,Collection,306,102
2016-09,Collection,307,15
2016-09,Collection,308,21
2016-09,Collection,309,24
2016-09,Collection,310,43
2016-09,Collection,311,39
2016-09,Collection,312,133
2016-09,Collection,313,8
2016-09,Collection,314,21
2016-09,Collection,315,36
2016-09,Collection,316,9
2016-09,Collection,317,39
2016-09,Collection,318,50
2016-09,Collection,355,1
2016-09,Collection,401,27
2016-09,Collection,402,15
2016-09,Collection,403,19
2016-09,Collection,404,23
2016-09,Collection,405,58
2016-09,Collection,406,24
2016-09,Collection,407,101
2016-09,Collection,408,62
2016-09,Collection,409,31
2016-09,Collection,410,196
2016-09,Collection,411,34
2016-09,Collection,412,61
2016-09,Collection,413,44
2016-09,Collection,414,17
2016-09,Collection,501,139
2016-09,Collection,502,124
2016-09,Collection,503,82
2016-09,Sweeping,102,1
2016-09,Sweeping,103,2
2016-09,Sweeping,105,1
2016-09,Sweeping,106,1
2016-09,Sweeping,107,2
2016-09,Sweeping,108,4
2016-09,Sweeping,109,2
2016-09,Sweeping,110,7
2016-09,Sweeping,111,2
2016-09,Sweeping,112,2
2016-09,Sweeping,201,3
2016-09,Sweeping,203,2
2016-09,Sweeping,204,2
2016-09,Sweeping,205,1
2016-09,Sweeping,209,4
2016-09,Sweeping,210,1
2016-09,Sweeping,211,1
2016-09,Sweeping,305,1
2016-09,Sweeping,306,8
2016-09,Sweeping,310,1
2016-09,Sweeping,311,6
2016-09,Sweeping,312,5
2016-09,Sweeping,313,1
2016-09,Sweeping,314,3
2016-09,Sweeping,315,1
2016-09,Sweeping,318,5
2016-09,Sweeping,401,2
2016-09,Sweeping,402,3
2016-09,Sweeping,403,2
2016-09,Sweeping,405,5
2016-09,Sweeping,406,4
2016-09,Sweeping,407,4
2016-09,Sweeping,408,2
2016-10,Basket,101,1
2016-10,Basket,102,10
2016-10,Basket,103,7
2016-10,Basket,104,6
2016-10,Basket,105,8
2016-10,Basket,106,7
2016-10,Basket,107,13
2016-10,Basket,108,6
2016-10,Basket,109,5
2016-10,Basket,110,8
2016-10,Basket,111,5
2016-10,Basket,112,7
2016-10,Basket,201,3
2016-10,Basket,202,2
2016-10,Basket,203,2
2016-10,Basket,204,5
2016-10,Basket,205,1
2016-10,Basket,206,3
2016-10,Basket,207,3
2016-10,Basket,208,5
2016-10,Basket,209,1
2016-10,Basket,210,4
2016-10,Basket,211,1
2016-10,Basket,212,4
2016-10,Basket,226,1
2016-10,Basket,301,6
2016-10,Basket,302,9
2016-10,Basket,303,8
2016-10,Basket,304,4
2016-10,Basket,305,3
2016-10,Basket,306,8
2016-10,Basket,307,4
2016-10,Basket,308,8
2016-10,Basket,309,2
2016-10,Basket,310,2
2016-10,Basket,311,11
2016-10,Basket,312,6
2016-10,Basket,314,7
2016-10,Basket,315,9
2016-10,Basket,317,2
2016-10,Basket,318,3
2016-10,Basket,401,4
2016-10,Basket,402,5
2016-10,Basket,403,3
2016-10,Basket,404,3
2016-10,Basket,405,2
2016-10,Basket,406,2
2016-10,Basket,407,3
2016-10,Basket,408,4
2016-10,Basket,409,3
2016-10,Basket,410,4
2016-10,Basket,411,1
2016-10,Basket,412,8
2016-10,Basket,413,4
2016-10,Basket,414,1
2016-10,Basket,501,17
2016-10,Basket,502,11
2016-10,Basket,503,6
2016-10,Collection,101,13
2016-10,Collection,102,21
2016-10,Collection,103,18
2016-10,Collection,104,43
2016-10,Collection,105,13
2016-10,Collection,106,10
2016-10,Collection,107,9
2016-10,Collection,108,20
2016-10,Collection,109,1
2016-10,Collection,110,20
2016-10,Collection,111,6
2016-10,Collection,112,8
2016-10,Collection,201,6
2016-10,Collection,202,8
2016-10,Collection,203,14
2016-10,Collection,204,3
2016-10,Collection,205,2
2016-10,Collection,206,10
2016-10,Collection,207,3
2016-10,Collection,208,5
2016-10,Collection,209,20
2016-10,Collection,210,28
2016-10,Collection,211,10
2016-10,Collection,212,14
2016-10,Collection,301,89
2016-10,Collection,302,20
2016-10,Collection,303,39
2016-10,Collection,304,13
2016-10,Collection,305,20
2016-10,Collection,306,140
2016-10,Collection,307,15
2016-10,Collection,308,29
2016-10,Collection,309,12
2016-10,Collection,310,123
2016-10,Collection,311,30
2016-10,Collection,312,94
2016-10,Collection,313,12
2016-10,Collection,314,34
2016-10,Collection,315,40
2016-10,Collection,316,25
2016-10,Collection,317,27
2016-10,Collection,318,52
2016-10,Collection,401,37
2016-10,Collection,402,11
2016-10,Collection,403,15
2016-10,Collection,404,18
2016-10,Collection,405,60
2016-10,Collection,406,26
2016-10,Collection,407,158
2016-10,Collection,408,45
2016-10,Collection,409,23
2016-10,Collection,410,215
2016-10,Collection,411,40
2016-10,Collection,412,87
2016-10,Collection,413,52
2016-10,Collection,414,18
2016-10,Collection,501,129
2016-10,Collection,502,80
2016-10,Collection,503,81
2016-10,Sweeping,102,1
2016-10,Sweeping,103,1
2016-10,Sweeping,106,2
2016-10,Sweeping,107,6
2016-10,Sweeping,109,1
2016-10,Sweeping,110,6
2016-10,Sweeping,112,3
2016-10,Sweeping,202,1
2016-10,Sweeping,203,1
2016-10,Sweeping,204,1
2016-10,Sweeping,209,1
2016-10,Sweeping,210,2
2016-10,Sweeping,211,3
2016-10,Sweeping,212,1
2016-10,Sweeping,301,1
2016-10,Sweeping,302,1
2016-10,Sweeping,304,2
2016-10,Sweeping,305,2
2016-10,Sweeping,306,3
2016-10,Sweeping,308,1
2016-10,Sweeping,309,1
2016-10,Sweeping,310,1
2016-10,Sweeping,311,4
2016-10,Sweeping,312,5
2016-10,Sweeping,314,3
2016-10,Sweeping,315,2
2016-10,Sweeping,317,1
2016-10,Sweeping,318,3
2016-10,Sweeping,401,1
2016-10,Sweeping,403,5
2016-10,Sweeping,405,4
2016-10,Sweeping,407,3
2016-10,Sweeping,408,5
2016-10,Sweeping,409,1
2016-10,Sweeping,412,2
2016-10,Sweeping,502,1
2016-11,Basket,101,2
2016-11,Basket,102,18
2016-11,Basket,103,4
2016-11,Basket,104,14
2016-11,Basket,105,6
2016-11,Basket,106,4
2016-11,Basket,107,7
2016-11,Basket,108,4
2016-11,Basket,110,3
2016-11,Basket,111,1
2016-11,Basket,112,6
2016-11,Basket,164,1
2016-11,Basket,201,2
2016-11,Basket,203,2
2016-11,Basket,206,3
2016-11,Basket,207,1
2016-11,Basket,209,2
2016-11,Basket,210,1
2016-11,Basket,212,3
2016-11,Basket,301,6
2016-11,Basket,302,7
2016-11,Basket,303,12
2016-11,Basket,304,7
2016-11,Basket,305,9
2016-11,Basket,306,6
2016-11,Basket,307,1
2016-11,Basket,308,9
2016-11,Basket,309,11
2016-11,Basket,310,2
2016-11,Basket,311,13
2016-11,Basket,312,5
2016-11,Basket,313,1
2016-11,Basket,314,3
2016-11,Basket,315,7
2016-11,Basket,316,3
2016-11,Basket,317,2
2016-11,Basket,318,3
2016-11,Basket,401,4
2016-11,Basket,402,4
2016-11,Basket,403,3
2016-11,Basket,404,3
2016-11,Basket,405,6
2016-11,Basket,406,2
2016-11,Basket,407,3
2016-11,Basket,408,1
2016-11,Basket,409,1
2016-11,Basket,411,1
2016-11,Basket,412,3
2016-11,Basket,413,7
2016-11,Basket,414,2
2016-11,Basket,501,20
2016-11,Basket,502,6
2016-11,Basket,503,1
2016-11,Collection,101,13
2016-11,Collection,102,23
2016-11,Collection,103,21
2016-11,Collection,104,28
2016-11,Collection,105,18
2016-11,Collection,106,13
2016-11,Collection,107,13
2016-11,Collection,108,19
2016-11,Collection,109,5
2016-11,Collection,110,30
2016-11,Collection,111,5
2016-11,Collection,112,14
2016-11,Collection,201,10
2016-11,Collection,202,6
2016-11,Collection,203,17
2016-11,Collection,204,5
2016-11,Collection,205,4
2016-11,Collection,206,14
2016-11,Collection,207,7
2016-11,Collection,208,17
2016-11,Collection,209,18
2016-11,Collection,210,30
2016-11,Collection,211,28
2016-11,Collection,212,35
2016-11,Collection,301,79
2016-11,Collection,302,26
2016-11,Collection,303,63
2016-11,Collection,304,17
2016-11,Collection,305,26
2016-11,Collection,306,167
2016-11,Collection,307,16
2016-11,Collection,308,19
2016-11,Collection,309,21
2016-11,Collection,310,69
2016-11,Collection,311,40
2016-11,Collection,312,90
2016-11,Collection,313,11
2016-11,Collection,314,40
2016-11,Collection,315,46
2016-11,Collection,316,26
2016-11,Collection,317,71
2016-11,Collection,318,62
2016-11,Collection,401,65
2016-11,Collection,402,13
2016-11,Collection,403,19
2016-11,Collection,404,25
2016-11,Collection,405,133
2016-11,Collection,406,33
2016-11,Collection,407,192
2016-11,Collection,408,70
2016-11,Collection,409,36
2016-11,Collection,410,194
2016-11,Collection,411,98
2016-11,Collection,412,139
2016-11,Collection,413,55
2016-11,Collection,414,17
2016-11,Collection,501,186
2016-11,Collection,502,189
2016-11,Collection,503,131
2016-11,Sweeping,102,2
2016-11,Sweeping,103,2
2016-11,Sweeping,104,1
2016-11,Sweeping,107,3
2016-11,Sweeping,108,1
2016-11,Sweeping,109,2
2016-11,Sweeping,110,2
2016-11,Sweeping,202,2
2016-11,Sweeping,203,3
2016-11,Sweeping,204,1
2016-11,Sweeping,205,1
2016-11,Sweeping,206,1
2016-11,Sweeping,207,2
2016-11,Sweeping,208,3
2016-11,Sweeping,211,2
2016-11,Sweeping,212,2
2016-11,Sweeping,302,1
2016-11,Sweeping,304,1
2016-11,Sweeping,305,1
2016-11,Sweeping,306,4
2016-11,Sweeping,307,3
2016-11,Sweeping,308,1
2016-11,Sweeping,309,3
2016-11,Sweeping,310,4
2016-11,Sweeping,311,7
2016-11,Sweeping,312,8
2016-11,Sweeping,314,11
2016-11,Sweeping,315,2
2016-11,Sweeping,316,2
2016-11,Sweeping,317,1
2016-11,Sweeping,318,4
2016-11,Sweeping,401,4
2016-11,Sweeping,402,4
2016-11,Sweeping,403,8
2016-11,Sweeping,405,5
2016-11,Sweeping,406,2
2016-11,Sweeping,407,3
2016-11,Sweeping,408,3
2016-11,Sweeping,412,1
2016-11,Sweeping,414,1
2016-12,Basket,101,1
2016-12,Basket,102,9
2016-12,Basket,103,1
2016-12,Basket,104,8
2016-12,Basket,105,4
2016-12,Basket,106,6
2016-12,Basket,107,8
2016-12,Basket,108,1
2016-12,Basket,109,1
2016-12,Basket,110,2
2016-12,Basket,111,4
2016-12,Basket,112,5
2016-12,Basket,201,10
2016-12,Basket,203,1
2016-12,Basket,205,2
2016-12,Basket,206,1
2016-12,Basket,207,2
2016-12,Basket,208,1
2016-12,Basket,209,2
2016-12,Basket,211,5
2016-12,Basket,212,4
2016-12,Basket,226,1
2016-12,Basket,301,6
2016-12,Basket,302,6
2016-12,Basket,303,4
2016-12,Basket,304,1
2016-12,Basket,305,5
2016-12,Basket,306,1
2016-12,Basket,307,2
2016-12,Basket,308,4
2016-12,Basket,309,5
2016-12,Basket,310,1
2016-12,Basket,311,17
2016-12,Basket,312,6
2016-12,Basket,314,3
2016-12,Basket,315,4
2016-12,Basket,316,4
2016-12,Basket,317,1
2016-12,Basket,318,3
2016-12,Basket,401,5
2016-12,Basket,402,2
2016-12,Basket,403,1
2016-12,Basket,404,4
2016-12,Basket,405,2
2016-12,Basket,406,3
2016-12,Basket,407,1
2016-12,Basket,408,1
2016-12,Basket,409,2
2016-12,Basket,410,4
2016-12,Basket,411,5
2016-12,Basket,412,3
2016-12,Basket,413,5
2016-12,Basket,414,1
2016-12,Basket,501,4
2016-12,Basket,502,7
2016-12,Basket,503,2
2016-12,Collection,101,6
2016-12,Collection,102,27
2016-12,Collection,103,42
2016-12,Collection,104,35
2016-12,Collection,105,20
2016-12,Collection,106,19
2016-12,Collection,107,22
2016-12,Collection,108,35
2016-12,Collection,109,9
2016-12,Collection,110,31
2016-12,Collection,111,17
2016-12,Collection,112,19
2016-12,Collection,201,5
2016-12,Collection,202,10
2016-12,Collection,203,24
2016-12,Collection,204,10
2016-12,Collection,205,7
2016-12,Collection,206,11
2016-12,Collection,207,10
2016-12,Collection,208,20
2016-12,Collection,209,30
2016-12,Collection,210,57
2016-12,Collection,211,28
2016-12,Collection,212,59
2016-12,Collection,301,82
2016-12,Collection,302,25
2016-12,Collection,303,66
2016-12,Collection,304,23
2016-12,Collection,305,60
2016-12,Collection,306,147
2016-12,Collection,307,26
2016-12,Collection,308,26
2016-12,Collection,309,18
2016-12,Collection,310,90
2016-12,Collection,311,59
2016-12,Collection,312,112
2016-12,Collection,313,10
2016-12,Collection,314,47
2016-12,Collection,315,55
2016-12,Collection,316,25
2016-12,Collection,317,69
2016-12,Collection,318,88
2016-12,Collection,355,1
2016-12,Collection,401,65
2016-12,Collection,402,23
2016-12,Collection,403,30
2016-12,Collection,404,39
2016-12,Collection,405,151
2016-12,Collection,406,46
2016-12,Collection,407,150
2016-12,Collection,408,104
2016-12,Collection,409,34
2016-12,Collection,410,175
2016-12,Collection,411,114
2016-12,Collection,412,164
2016-12,Collection,413,106
2016-12,Collection,414,40
2016-12,Collection,501,333
2016-12,Collection,502,206
2016-12,Collection,503,193
2016-12,Collection,595,1
2016-12,Sweeping,104,4
2016-12,Sweeping,106,1
2016-12,Sweeping,107,4
2016-12,Sweeping,108,4
2016-12,Sweeping,109,1
2016-12,Sweeping,110,6
2016-12,Sweeping,202,1
2016-12,Sweeping,203,1
2016-12,Sweeping,204,1
2016-12,Sweeping,209,1
2016-12,Sweeping,212,1
2016-12,Sweeping,301,1
2016-12,Sweeping,302,1
2016-12,Sweeping,303,1
2016-12,Sweeping,304,1
2016-12,Sweeping,306,3
2016-12,Sweeping,307,1
2016-12,Sweeping,310,1
2016-12,Sweeping,311,1
2016-12,Sweeping,312,6
2016-12,Sweeping,313,1
2016-12,Sweeping,314,3
2016-12,Sweeping,315,2
2016-12,Sweeping,317,1
2016-12,Sweeping,318,3
2016-12,Sweeping,401,1
2016-12,Sweeping,402,2
2016-12,Sweeping,403,3
2016-12,Sweeping,405,2
2016-12,Sweeping,406,3
2016-12,Sweeping,407,5
2016-12,Sweeping,408,4
2016-12,Sweeping,412,1
2016-12,Sweeping,501,1
2017-01,Basket,101,1
2017-01,Basket,102,6
2017-01,Basket,103,8
2017-01,Basket,104,2
2017-01,Basket,105,3
2017-01,Basket,106,2
2017-01,Basket,107,4
2017-01,Basket,108,4
2017-01,Basket,109,3
2017-01,Basket,110,2
2017-01,Basket,111,3
2017-01,Basket,112,6
2017-01,Basket,164,1
2017-01,Basket,201,4
2017-01,Basket,203,3
2017-01,Basket,204,1
2017-01,Basket,206,3
2017-01,Basket,207,3
2017-01,Basket,208,3
2017-01,Basket,210,1
2017-01,Basket,211,4
2017-01,Basket,212,2
2017-01,Basket,301,5
2017-01,Basket,302,3
2017-01,Basket,303,6
2017-01,Basket,304,3
2017-01,Basket,305,3
2017-01,Basket,306,7
2017-01,Basket,307,2
2017-01,Basket,308,9
2017-01,Basket,309,3
2017-01,Basket,311,16
2017-01,Basket,312,6
2017-01,Basket,313,2
2017-01,Basket,314,5
2017-01,Basket,315,7
2017-01,Basket,316,2
2017-01,Basket,317,4
2017-01,Basket,318,3
2017-01,Basket,401,3
2017-01,Basket,402,3
2017-01,Basket,403,2
2017-01,Basket,404,6
2017-01,Basket,405,51
2017-01,Basket,408,3
2017-01,Basket,409,3
2017-01,Basket,410,2
2017-01,Basket,411,5
2017-01,Basket,412,1
2017-01,Basket,413,3
2017-01,Basket,414,4
2017-01,Basket,501,1
2017-01,Basket,502,8
2017-01,Basket,503,3
2017-01,Collection,101,13
2017-01,Collection,102,36
2017-01,Collection,103,29
2017-01,Collection,104,35
2017-01,Collection,105,14
2017-01,Collection,106,14
2017-01,Collection,107,55
2017-01,Collection,108,29
2017-01,Collection,109,6
2017-01,Collection,110,36
2017-01,Collection,111,7
2017-01,Collection,112,14
2017-01,Collection,201,14
2017-01,Collection,202,8
2017-01,Collection,203,36
2017-01,Collection,204,5
2017-01,Collection,205,3
2017-01,Collection,206,21
2017-01,Collection,207,13
2017-01,Collection,208,21
2017-01,Collection,209,29
2017-01,Collection,210,58
2017-01,Collection,211,30
2017-01,Collection,212,68
2017-01,Collection,226,2
2017-01,Collection,301,87
2017-01,Collection,302,50
2017-01,Collection,303,58
2017-01,Collection,304,19
2017-01,Collection,305,65
2017-01,Collection,306,151
2017-01,Collection,307,26
2017-01,Collection,308,49
2017-01,Collection,309,16
2017-01,Collection,310,130
2017-01,Collection,311,93
2017-01,Collection,312,71
2017-01,Collection,313,20
2017-01,Collection,314,59
2017-01,Collection,315,78
2017-01,Collection,316,8
2017-01,Collection,317,50
2017-01,Collection,318,144
2017-01,Collection,401,98
2017-01,Collection,402,33
2017-01,Collection,403,28
2017-01,Collection,404,38
2017-01,Collection,405,202
2017-01,Collection,406,38
2017-01,Collection,407,199
2017-01,Collection,408,97
2017-01,Collection,409,51
2017-01,Collection,410,170
2017-01,Collection,411,119
2017-01,Collection,412,167
2017-01,Collection,413,151
2017-01,Collection,414,36
2017-01,Collection,482,1
2017-01,Collection,501,298
2017-01,Collection,502,216
2017-01,Collection,503,332
2017-01,Sweeping,103,2
2017-01,Sweeping,108,3
2017-01,Sweeping,110,1
2017-01,Sweeping,203,1
2017-01,Sweeping,209,2
2017-01,Sweeping,211,1
2017-01,Sweeping,212,1
2017-01,Sweeping,306,1
2017-01,Sweeping,307,1
2017-01,Sweeping,310,1
2017-01,Sweeping,312,3
2017-01,Sweeping,313,1
2017-01,Sweeping,314,3
2017-01,Sweeping,317,1
2017-01,Sweeping,318,2
2017-01,Sweeping,355,1
2017-01,Sweeping,402,1
2017-01,Sweeping,403,1
2017-01,Sweeping,404,3
2017-01,Sweeping,405,1
2017-01,Sweeping,406,4
2017-01,Sweeping,407,1
2017-01,Sweeping,409,1
2017-02,Basket,101,2
2017-02,Basket,102,5
2017-02,Basket,103,4
2017-02,Basket,104,6
2017-02,Basket,105,5
2017-02,Basket,106,2
2017-02,Basket,107,5
2017-02,Basket,108,16
2017-02,Basket,110,5
2017-02,Basket,111,2
2017-02,Basket,112,7
2017-02,Basket,201,3
2017-02,Basket,202,1
2017-02,Basket,203,1
2017-02,Basket,204,1
2017-02,Basket,206,1
2017-02,Basket,207,2
2017-02,Basket,208,2
2017-02,Basket,209,2
2017-02,Basket,212,4
2017-02,Basket,228,1
2017-02,Basket,301,4
2017-02,Basket,302,5
2017-02,Basket,303,6
2017-02,Basket,304,2
2017-02,Basket,305,6
2017-02,Basket,306,5
2017-02,Basket,308,9
2017-02,Basket,310,1
2017-02,Basket,311,20
2017-02,Basket,312,3
2017-02,Basket,313,2
2017-02,Basket,314,2
2017-02,Basket,315,5
2017-02,Basket,316,3
2017-02,Basket,317,1
2017-02,Basket,318,3
2017-02,Basket,401,10
2017-02,Basket,402,2
2017-02,Basket,403,1
2017-02,Basket,404,2
2017-02,Basket,405,4
2017-02,Basket,406,3
2017-02,Basket,407,5
2017-02,Basket,408,6
2017-02,Basket,409,1
2017-02,Basket,410,2
2017-02,Basket,411,3
2017-02,Basket,412,5
2017-02,Basket,413,6
2017-02,Basket,414,1
2017-02,Basket,501,2
2017-02,Basket,502,11
2017-02,Basket,503,1
2017-02,Basket,595,1
2017-02,Collection,101,7
2017-02,Collection,102,30
2017-02,Collection,103,24
2017-02,Collection,104,36
2017-02,Collection,105,15
2017-02,Collection,106,12
2017-02,Collection,107,13
2017-02,Collection,108,25
2017-02,Collection,109,1
2017-02,Collection,110,24
2017-02,Collection,111,5
2017-02,Collection,112,19
2017-02,Collection,201,4
2017-02,Collection,202,4
2017-02,Collection,203,25
2017-02,Collection,204,6
2017-02,Collection,205,4
2017-02,Collection,206,11
2017-02,Collection,207,7
2017-02,Collection,208,17
2017-02,Collection,209,13
2017-02,Collection,210,25
2017-02,Collection,211,22
2017-02,Collection,212,28
2017-02,Collection,301,87
2017-02,Collection,302,25
2017-02,Collection,303,51
2017-02,Collection,304,16
2017-02,Collection,305,49
2017-02,Collection,306,93
2017-02,Collection,307,13
2017-02,Collection,308,24
2017-02,Collection,309,11
2017-02,Collection,310,86
2017-02,Collection,311,47
2017-02,Collection,312,70
2017-02,Collection,313,9
2017-02,Collection,314,21
2017-02,Collection,315,29
2017-02,Collection,316,10
2017-02,Collection,317,29
2017-02,Collection,318,35
2017-02,Collection,401,48
2017-02,Collection,402,22
2017-02,Collection,403,21
2017-02,Collection,404,27
2017-02,Collection,405,140
2017-02,Collection,406,15
2017-02,Collection,407,101
2017-02,Collection,408,53
2017-02,Collection,409,22
2017-02,Collection,410,121
2017-02,Collection,411,106
2017-02,Collection,412,71
2017-02,Collection,413,64
2017-02,Collection,414,25
2017-02,Collection,481,1
2017-02,Collection,501,138
2017-02,Collection,502,77
2017-02,Collection,503,107
2017-02,Sweeping,102,2
2017-02,Sweeping,103,3
2017-02,Sweeping,107,2
2017-02,Sweeping,108,1
2017-02,Sweeping,110,1
2017-02,Sweeping,201,2
2017-02,Sweeping,206,2
2017-02,Sweeping,208,1
2017-02,Sweeping,209,1
2017-02,Sweeping,210,1
2017-02,Sweeping,301,1
2017-02,Sweeping,302,2
2017-02,Sweeping,304,1
2017-02,Sweeping,305,1
2017-02,Sweeping,306,1
2017-02,Sweeping,309,1
2017-02,Sweeping,311,3
2017-02,Sweeping,312,2
2017-02,Sweeping,313,1
2017-02,Sweeping,314,4
2017-02,Sweeping,316,3
2017-02,Sweeping,318,2
2017-02,Sweeping,401,4
2017-02,Sweeping,402,1
2017-02,Sweeping,403,4
2017-02,Sweeping,404,2
2017-02,Sweeping,405,1
2017-02,Sweeping,407,1
2017-02,Sweeping,408,1
2017-02,Sweeping,409,2
2017-02,Sweeping,414,2
2017-03,Basket,101,2
2017-03,Basket,102,6
2017-03,Basket,103,8
2017-03,Basket,104,2
2017-03,Basket,105,5
2017-03,Basket,106,3
2017-03,Basket,107,8
2017-03,Basket,108,9
2017-03,Basket,109,1
2017-03,Basket,110,3
2017-03,Basket,111,6
2017-03,Basket,112,7
2017-03,Basket,164,2
2017-03,Basket,201,4
2017-03,Basket,203,2
2017-03,Basket,205,2
2017-03,Basket,206,1
2017-03,Basket,207,1
2017-03,Basket,208,4
2017-03,Basket,209,2
2017-03,Basket,210,1
2017-03,Basket,211,4
2017-03,Basket,212,5
2017-03,Basket,301,8
2017-03,Basket,302,4
2017-03,Basket,303,4
2017-03,Basket,304,4
2017-03,Basket,305,4
2017-03,Basket,306,3
2017-03,Basket,307,3
2017-03,Basket,308,7
2017-03,Basket,309,1
2017-03,Basket,311,13
2017-03,Basket,312,4
2017-03,Basket,314,2
2017-03,Basket,315,3
2017-03,Basket,316,1
2017-03,Basket,317,7
2017-03,Basket,318,3
2017-03,Basket,401,10
2017-03,Basket,402,1
2017-03,Basket,403,2
2017-03,Basket,405,10
2017-03,Basket,406,2
2017-03,Basket,407,5
2017-03,Basket,408,2
2017-03,Basket,409,4
2017-03,Basket,410,2
2017-03,Basket,411,2
2017-03,Basket,412,4
2017-03,Basket,413,4
2017-03,Basket,414,1
2017-03,Basket,501,10
2017-03,Basket,502,5
2017-03,Basket,503,1
2017-03,Basket,595,3
2017-03,Collection,101,7
2017-03,Collection,102,19
2017-03,Collection,103,14
2017-03,Collection,104,21
2017-03,Collection,105,4
2017-03,Collection,106,5
2017-03,Collection,107,12
2017-03,Collection,108,15
2017-03,Collection,109,3
2017-03,Collection,110,15
2017-03,Collection,111,5
2017-03,Collection,112,5
2017-03,Collection,201,4
2017-03,Collection,202,1
2017-03,Collection,203,14
2017-03,Collection,204,1
2017-03,Collection,205,1
2017-03,Collection,206,11
2017-03,Collection,207,5
2017-03,Collection,208,9
2017-03,Collection,209,9
2017-03,Collection,210,18
2017-03,Collection,211,6
2017-03,Collection,212,7
2017-03,Collection,301,32
2017-03,Collection,302,19
2017-03,Collection,303,25
2017-03,Collection,304,7
2017-03,Collection,305,38
2017-03,Collection,306,73
2017-03,Collection,307,11
2017-03,Collection,308,16
2017-03,Collection,309,9
2017-03,Collection,310,62
2017-03,Collection,311,16
2017-03,Collection,312,78
2017-03,Collection,313,2
2017-03,Collection,314,31
2017-03,Collection,315,25
2017-03,Collection,316,3
2017-03,Collection,317,22
2017-03,Collection,318,25
2017-03,Collection,401,36
2017-03,Collection,402,20
2017-03,Collection,403,14
2017-03,Collection,404,13
2017-03,Collection,405,88
2017-03,Collection,406,6
2017-03,Collection,407,71
2017-03,Collection,408,32
2017-03,Collection,409,21
2017-03,Collection,410,54
2017-03,Collection,411,98
2017-03,Collection,412,60
2017-03,Collection,413,35
2017-03,Collection,414,20
2017-03,Collection,501,95
2017-03,Collection,502,91
2017-03,Collection,503,114
2017-03,Sweeping,102,1
2017-03,Sweeping,105,1
2017-03,Sweeping,107,5
2017-03,Sweeping,108,1
2017-03,Sweeping,109,1
2017-03,Sweeping,110,6
2017-03,Sweeping,111,4
2017-03,Sweeping,112,6
2017-03,Sweeping,201,1
2017-03,Sweeping,203,1
2017-03,Sweeping,206,1
2017-03,Sweeping,207,1
2017-03,Sweeping,209,2
2017-03,Sweeping,211,1
2017-03,Sweeping,212,1
2017-03,Sweeping,302,3
2017-03,Sweeping,303,3
2017-03,Sweeping,304,1
2017-03,Sweeping,305,3
2017-03,Sweeping,306,1
2017-03,Sweeping,310,4
2017-03,Sweeping,311,3
2017-03,Sweeping,312,5
2017-03,Sweeping,313,1
2017-03,Sweeping,315,3
2017-03,Sweeping,316,1
2017-03,Sweeping,317,1
2017-03,Sweeping,318,1
2017-03,Sweeping,401,2
2017-03,Sweeping,402,2
2017-03,Sweeping,403,6
2017-03,Sweeping,405,1
2017-03,Sweeping,406,1
2017-03,Sweeping,409,1
2017-03,Sweeping,412,2
2017-03,Sweeping,414,1
2017-03,Sweeping,501,1
2017-04,Basket,101,4
2017-04,Basket,102,7
2017-04,Basket,103,7
2017-04,Basket,104,1
2017-04,Basket,105,3
2017-04,Basket,106,5
2017-04,Basket,107,15
2017-04,Basket,108,4
2017-04,Basket,109,4
2017-04,Basket,110,7
2017-04,Basket,111,5
2017-04,Basket,112,5
2017-04,Basket,201,4
2017-04,Basket,203,2
2017-04,Basket,204,1
2017-04,Basket,206,1
2017-04,Basket,207,1
2017-04,Basket,208,5
2017-04,Basket,209,7
2017-04,Basket,210,4
2017-04,Basket,211,4
2017-04,Basket,212,3
2017-04,Basket,301,13
2017-04,Basket,302,6
2017-04,Basket,303,9
2017-04,Basket,304,4
2017-04,Basket,305,3
2017-04,Basket,306,2
2017-04,Basket,307,3
2017-04,Basket,308,11
2017-04,Basket,309,3
2017-04,Basket,310,1
2017-04,Basket,311,14
2017-04,Basket,312,2
2017-04,Basket,313,1
2017-04,Basket,314,11
2017-04,Basket,315,10
2017-04,Basket,316,2
2017-04,Basket,317,5
2017-04,Basket,318,8
2017-04,Basket,401,16
2017-04,Basket,402,3
2017-04,Basket,403,9
2017-04,Basket,404,3
2017-04,Basket,405,4
2017-04,Basket,406,1
2017-04,Basket,407,3
2017-04,Basket,408,4
2017-04,Basket,409,3
2017-04,Basket,410,3
2017-04,Basket,411,2
2017-04,Basket,412,9
2017-04,Basket,413,5
2017-04,Basket,414,2
2017-04,Basket,501,9
2017-04,Basket,502,5
2017-04,Basket,503,4
2017-04,Collection,101,18
2017-04,Collection,102,28
2017-04,Collection,103,19
2017-04,Collection,104,39
2017-04,Collection,105,12
2017-04,Collection,106,16
2017-04,Collection,107,25
2017-04,Collection,108,36
2017-04,Collection,109,5
2017-04,Collection,110,22
2017-04,Collection,111,6
2017-04,Collection,112,6
2017-04,Collection,201,4
2017-04,Collection,202,18
2017-04,Collection,203,16
2017-04,Collection,204,8
2017-04,Collection,205,8
2017-04,Collection,206,11
2017-04,Collection,207,2
2017-04,Collection,208,17
2017-04,Collection,209,23
2017-04,Collection,210,34
2017-04,Collection,211,17
2017-04,Collection,212,12
2017-04,Collection,301,87
2017-04,Collection,302,25
2017-04,Collection,303,54
2017-04,Collection,304,11
2017-04,Collection,305,55
2017-04,Collection,306,197
2017-04,Collection,307,22
2017-04,Collection,308,27
2017-04,Collection,309,23
2017-04,Collection,310,140
2017-04,Collection,311,50
2017-04,Collection,312,141
2017-04,Collection,313,11
2017-04,Collection,314,37
2017-04,Collection,315,31
2017-04,Collection,316,24
2017-04,Collection,317,33
2017-04,Collection,318,69
2017-04,Collection,401,43
2017-04,Collection,402,13
2017-04,Collection,403,24
2017-04,Collection,404,19
2017-04,Collection,405,255
2017-04,Collection,406,24
2017-04,Collection,407,103
2017-04,Collection,408,62
2017-04,Collection,409,21
2017-04,Collection,410,215
2017-04,Collection,411,144
2017-04,Collection,412,80
2017-04,Collection,413,71
2017-04,Collection,414,41
2017-04,Collection,501,177
2017-04,Collection,502,143
2017-04,Collection,503,142
2017-04,Sweeping,103,2
2017-04,Sweeping,104,2
2017-04,Sweeping,107,2
2017-04,Sweeping,108,2
2017-04,Sweeping,110,1
2017-04,Sweeping,112,1
2017-04,Sweeping,202,1
2017-04,Sweeping,203,1
2017-04,Sweeping,204,2
2017-04,Sweeping,205,1
2017-04,Sweeping,208,1
2017-04,Sweeping,209,2
2017-04,Sweeping,210,1
2017-04,Sweeping,211,2
2017-04,Sweeping,212,1
2017-04,Sweeping,301,2
2017-04,Sweeping,303,2
2017-04,Sweeping,305,2
2017-04,Sweeping,310,1
2017-04,Sweeping,311,6
2017-04,Sweeping,312,9
2017-04,Sweeping,313,1
2017-04,Sweeping,314,2
2017-04,Sweeping,315,1
2017-04,Sweeping,316,2
2017-04,Sweeping,317,1
2017-04,Sweeping,318,3
2017-04,Sweeping,401,1
2017-04,Sweeping,402,1
2017-04,Sweeping,403,5
2017-04,Sweeping,405,1
2017-04,Sweeping,407,3
2017-04,Sweeping,408,2
2017-04,Sweeping,413,1
2017-05,Basket,101,3
2017-05,Basket,102,6
2017-05,Basket,103,5
2017-05,Basket,104,15
2017-05,Basket,105,1
2017-05,Basket,106,13
2017-05,Basket,107,16
2017-05,Basket,108,4
2017-05,Basket,109,2
2017-05,Basket,110,12
2017-05,Basket,111,8
2017-05,Basket,112,13
2017-05,Basket,164,3
2017-05,Basket,201,5
2017-05,Basket,202,4
2017-05,Basket,203,4
2017-05,Basket,204,11
2017-05,Basket,205,8
2017-05,Basket,206,1
2017-05,Basket,207,5
2017-05,Basket,208,9
2017-05,Basket,209,3
2017-05,Basket,210,5
2017-05,Basket,211,5
2017-05,Basket,212,4
2017-05,Basket,301,13
2017-05,Basket,302,5
2017-05,Basket,303,15
2017-05,Basket,304,2
2017-05,Basket,305,6
2017-05,Basket,306,11
2017-05,Basket,307,2
2017-05,Basket,308,5
2017-05,Basket,309,6
2017-05,Basket,310,5
2017-05,Basket,311,15
2017-05,Basket,312,12
2017-05,Basket,313,3
2017-05,Basket,314,4
2017-05,Basket,315,14
2017-05,Basket,316,2
2017-05,Basket,317,2
2017-05,Basket,318,6
2017-05,Basket,355,1
2017-05,Basket,401,14
2017-05,Basket,402,3
2017-05,Basket,403,1
2017-05,Basket,404,4
2017-05,Basket,405,14
2017-05,Basket,406,2
2017-05,Basket,407,5
2017-05,Basket,408,1
2017-05,Basket,409,7
2017-05,Basket,410,7
2017-05,Basket,411,2
2017-05,Basket,412,11
2017-05,Basket,413,8
2017-05,Basket,414,3
2017-05,Basket,501,27
2017-05,Basket,502,10
2017-05,Basket,503,12
2017-05,Collection,101,7
2017-05,Collection,102,27
2017-05,Collection,103,22
2017-05,Collection,104,40
2017-05,Collection,105,13
2017-05,Collection,106,14
2017-05,Collection,107,22
2017-05,Collection,108,24
2017-05,Collection,109,4
2017-05,Collection,110,25
2017-05,Collection,111,7
2017-05,Collection,112,4
2017-05,Collection,201,6
2017-05,Collection,202,3
2017-05,Collection,203,15
2017-05,Collection,204,4
2017-05,Collection,205,4
2017-05,Collection,206,9
2017-05,Collection,207,6
2017-05,Collection,208,17
2017-05,Collection,209,12
2017-05,Collection,210,29
2017-05,Collection,211,6
2017-05,Collection,212,20
2017-05,Collection,301,96
2017-05,Collection,302,19
2017-05,Collection,303,69
2017-05,Collection,304,13
2017-05,Collection,305,57
2017-05,Collection,306,183
2017-05,Collection,307,14
2017-05,Collection,308,29
2017-05,Collection,309,19
2017-05,Collection,310,177
2017-05,Collection,311,35
2017-05,Collection,312,108
2017-05,Collection,313,16
2017-05,Collection,314,41
2017-05,Collection,315,31
2017-05,Collection,316,24
2017-05,Collection,317,40
2017-05,Collection,318,66
2017-05,Collection,401,44
2017-05,Collection,402,4
2017-05,Collection,403,19
2017-05,Collection,404,24
2017-05,Collection,405,290
2017-05,Collection,406,28
2017-05,Collection,407,120
2017-05,Collection,408,56
2017-05,Collection,409,26
2017-05,Collection,410,164
2017-05,Collection,411,173
2017-05,Collection,412,75
2017-05,Collection,413,59
2017-05,Collection,414,32
2017-05,Collection,501,133
2017-05,Collection,502,107
2017-05,Collection,503,120
2017-05,Sweeping,103,2
2017-05,Sweeping,108,2
2017-05,Sweeping,110,3
2017-05,Sweeping,111,1
2017-05,Sweeping,112,1
2017-05,Sweeping,201,1
2017-05,Sweeping,203,1
2017-05,Sweeping,205,1
2017-05,Sweeping,206,1
2017-05,Sweeping,209,4
2017-05,Sweeping,210,1
2017-05,Sweeping,211,1
2017-05,Sweeping,212,1
2017-05,Sweeping,301,1
2017-05,Sweeping,306,1
2017-05,Sweeping,309,2
2017-05,Sweeping,310,2
2017-05,Sweeping,311,4
2017-05,Sweeping,312,6
2017-05,Sweeping,314,4
2017-05,Sweeping,315,2
2017-05,Sweeping,316,1
2017-05,Sweeping,318,11
2017-05,Sweeping,401,2
2017-05,Sweeping,403,6
2017-05,Sweeping,404,1
2017-05,Sweeping,405,2
2017-05,Sweeping,406,1
2017-06,Basket,101,2
2017-06,Basket,102,20
2017-06,Basket,103,8
2017-06,Basket,104,8
2017-06,Basket,105,2
2017-06,Basket,106,12
2017-06,Basket,107,9
2017-06,Basket,108,3
2017-06,Basket,109,3
2017-06,Basket,110,8
2017-06,Basket,111,10
2017-06,Basket,112,5
2017-06,Basket,164,2
2017-06,Basket,201,2
2017-06,Basket,203,5
2017-06,Basket,204,10
2017-06,Basket,205,2
2017-06,Basket,206,1
2017-06,Basket,207,3
2017-06,Basket,208,7
2017-06,Basket,209,4
2017-06,Basket,210,5
2017-06,Basket,211,2
2017-06,Basket,212,8
2017-06,Basket,301,10
2017-06,Basket,302,9
2017-06,Basket,303,14
2017-06,Basket,304,3
2017-06,Basket,305,5
2017-06,Basket,306,7
2017-06,Basket,307,6
2017-06,Basket,308,11
2017-06,Basket,309,4
2017-06,Basket,310,4
2017-06,Basket,311,17
2017-06,Basket,312,16
2017-06,Basket,314,8
2017-06,Basket,315,5
2017-06,Basket,316,2
2017-06,Basket,317,3
2017-06,Basket,318,7
2017-06,Basket,401,12
2017-06,Basket,402,5
2017-06,Basket,403,5
2017-06,Basket,404,5
2017-06,Basket,405,5
2017-06,Basket,406,10
2017-06,Basket,407,5
2017-06,Basket,408,4
2017-06,Basket,409,5
2017-06,Basket,410,3
2017-06,Basket,411,7
2017-06,Basket,412,15
2017-06,Basket,413,5
2017-06,Basket,414,2
2017-06,Basket,501,23
2017-06,Basket,502,4
2017-06,Basket,503,8
2017-06,Collection,101,6
2017-06,Collection,102,29
2017-06,Collection,103,25
2017-06,Collection,104,49
2017-06,Collection,105,10
2017-06,Collection,106,17
2017-06,Collection,107,15
2017-06,Collection,108,15
2017-06,Collection,109,6
2017-06,Collection,110,54
2017-06,Collection,111,7
2017-06,Collection,112,7
2017-06,Collection,201,8
2017-06,Collection,202,4
2017-06,Collection,203,16
2017-06,Collection,204,6
2017-06,Collection,205,6
2017-06,Collection,206,21
2017-06,Collection,207,2
2017-06,Collection,208,6
2017-06,Collection,209,19
2017-06,Collection,210,35
2017-06,Collection,211,14
2017-06,Collection,212,29
2017-06,Collection,301,132
2017-06,Collection,302,56
2017-06,Collection,303,71
2017-06,Collection,304,27
2017-06,Collection,305,78
2017-06,Collection,306,208
2017-06,Collection,307,18
2017-06,Collection,308,33
2017-06,Collection,309,9
2017-06,Collection,310,182
2017-06,Collection,311,65
2017-06,Collection,312,118
2017-06,Collection,313,19
2017-06,Collection,314,40
2017-06,Collection,315,124
2017-06,Collection,316,38
2017-06,Collection,317,40
2017-06,Collection,318,81
2017-06,Collection,401,33
2017-06,Collection,402,13
2017-06,Collection,403,25
2017-06,Collection,404,29
2017-06,Collection,405,366
2017-06,Collection,406,24
2017-06,Collection,407,111
2017-06,Collection,408,69
2017-06,Collection,409,37
2017-06,Collection,410,182
2017-06,Collection,411,188
2017-06,Collection,412,82
2017-06,Collection,413,55
2017-06,Collection,414,34
2017-06,Collection,501,178
2017-06,Collection,502,109
2017-06,Collection,503,189
2017-06,Sweeping,101,1
2017-06,Sweeping,102,1
2017-06,Sweeping,103,5
2017-06,Sweeping,105,1
2017-06,Sweeping,107,1
2017-06,Sweeping,111,2
2017-06,Sweeping,112,1
2017-06,Sweeping,164,2
2017-06,Sweeping,202,1
2017-06,Sweeping,205,2
2017-06,Sweeping,207,1
2017-06,Sweeping,209,3
2017-06,Sweeping,210,1
2017-06,Sweeping,301,2
2017-06,Sweeping,302,1
2017-06,Sweeping,303,1
2017-06,Sweeping,304,1
2017-06,Sweeping,305,4
2017-06,Sweeping,306,2
2017-06,Sweeping,310,1
2017-06,Sweeping,311,6
2017-06,Sweeping,312,6
2017-06,Sweeping,314,1
2017-06,Sweeping,316,1
2017-06,Sweeping,318,12
2017-06,Sweeping,401,1
2017-06,Sweeping,402,1
2017-06,Sweeping,403,2
2017-06,Sweeping,406,2
2017-06,Sweeping,408,3
2017-06,Sweeping,411,1
2017-06,Sweeping,412,1
2017-06,Sweeping,414,1
2017-06,Sweeping,501,1
2017-07,Basket,102,11
2017-07,Basket,103,5
2017-07,Basket,104,6
2017-07,Basket,105,11
2017-07,Basket,106,4
2017-07,Basket,107,7
2017-07,Basket,108,1
2017-07,Basket,109,14
2017-07,Basket,110,70
2017-07,Basket,111,38
2017-07,Basket,112,19
2017-07,Basket,164,1
2017-07,Basket,201,6
2017-07,Basket,202,1
2017-07,Basket,203,3
2017-07,Basket,204,5
2017-07,Basket,205,1
2017-07,Basket,206,2
2017-07,Basket,207,4
2017-07,Basket,208,7
2017-07,Basket,209,7
2017-07,Basket,210,9
2017-07,Basket,211,2
2017-07,Basket,212,5
2017-07,Basket,301,14
2017-07,Basket,302,4
2017-07,Basket,303,6
2017-07,Basket,304,3
2017-07,Basket,305,8
2017-07,Basket,306,22
2017-07,Basket,307,4
2017-07,Basket,308,9
2017-07,Basket,309,4
2017-07,Basket,310,8
2017-07,Basket,311,17
2017-07,Basket,312,8
2017-07,Basket,313,3
2017-07,Basket,314,10
2017-07,Basket,315,8
2017-07,Basket,316,1
2017-07,Basket,317,3
2017-07,Basket,318,10
2017-07,Basket,401,12
2017-07,Basket,402,8
2017-07,Basket,403,10
2017-07,Basket,404,2
2017-07,Basket,405,7
2017-07,Basket,406,5
2017-07,Basket,407,8
2017-07,Basket,408,13
2017-07,Basket,409,2
2017-07,Basket,410,3
2017-07,Basket,411,4
2017-07,Basket,412,7
2017-07,Basket,413,7
2017-07,Basket,414,3
2017-07,Basket,501,10
2017-07,Basket,502,2
2017-07,Basket,503,8
2017-07,Collection,101,1
2017-07,Collection,102,24
2017-07,Collection,103,14
2017-07,Collection,104,33
2017-07,Collection,105,20
2017-07,Collection,106,11
2017-07,Collection,107,20
2017-07,Collection,108,15
2017-07,Collection,109,6
2017-07,Collection,110,53
2017-07,Collection,111,11
2017-07,Collection,112,13
2017-07,Collection,201,16
2017-07,Collection,202,6
2017-07,Collection,203,21
2017-07,Collection,204,9
2017-07,Collection,205,3
2017-07,Collection,206,13
2017-07,Collection,207,8
2017-07,Collection,208,15
2017-07,Collection,209,8
2017-07,Collection,210,28
2017-07,Collection,211,16
2017-07,Collection,212,23
2017-07,Collection,301,104
2017-07,Collection,302,37
2017-07,Collection,303,71
2017-07,Collection,304,33
2017-07,Collection,305,84
2017-07,Collection,306,195
2017-07,Collection,307,44
2017-07,Collection,308,34
2017-07,Collection,309,19
2017-07,Collection,310,188
2017-07,Collection,311,120
2017-07,Collection,312,153
2017-07,Collection,313,11
2017-07,Collection,314,40
2017-07,Collection,315,247
2017-07,Collection,316,44
2017-07,Collection,317,67
2017-07,Collection,318,72
2017-07,Collection,401,51
2017-07,Collection,402,9
2017-07,Collection,403,24
2017-07,Collection,404,21
2017-07,Collection,405,292
2017-07,Collection,406,32
2017-07,Collection,407,119
2017-07,Collection,408,244
2017-07,Collection,409,31
2017-07,Collection,410,239
2017-07,Collection,411,253
2017-07,Collection,412,99
2017-07,Collection,413,71
2017-07,Collection,414,23
2017-07,Collection,501,178
2017-07,Collection,502,145
2017-07,Collection,503,174
2017-07,Sweeping,102,1
2017-07,Sweeping,103,1
2017-07,Sweeping,104,2
2017-07,Sweeping,107,4
2017-07,Sweeping,108,3
2017-07,Sweeping,110,4
2017-07,Sweeping,111,2
2017-07,Sweeping,202,1
2017-07,Sweeping,208,1
2017-07,Sweeping,209,2
2017-07,Sweeping,211,2
2017-07,Sweeping,212,3
2017-07,Sweeping,301,2
2017-07,Sweeping,302,1
2017-07,Sweeping,305,3
2017-07,Sweeping,306,4
2017-07,Sweeping,309,1
2017-07,Sweeping,310,3
2017-07,Sweeping,311,8
2017-07,Sweeping,312,6
2017-07,Sweeping,314,2
2017-07,Sweeping,315,4
2017-07,Sweeping,317,2
2017-07,Sweeping,318,31
2017-07,Sweeping,401,4
2017-07,Sweeping,402,6
2017-07,Sweeping,403,6
2017-07,Sweeping,405,3
2017-07,Sweeping,406,3
2017-07,Sweeping,407,3
2017-07,Sweeping,408,7
2017-07,Sweeping,409,2
2017-07,Sweeping,410,1
2017-07,Sweeping,412,1
2017-07,Sweeping,501,1
2017-07,Sweeping,503,1
2017-08,Basket,101,7
2017-08,Basket,102,14
2017-08,Basket,103,11
2017-08,Basket,104,3
2017-08,Basket,105,5
2017-08,Basket,106,4
2017-08,Basket,107,15
2017-08,Basket,108,5
2017-08,Basket,109,7
2017-08,Basket,110,32
2017-08,Basket,111,10
2017-08,Basket,112,10
2017-08,Basket,201,4
2017-08,Basket,202,2
2017-08,Basket,203,3
2017-08,Basket,204,3
2017-08,Basket,206,1
2017-08,Basket,207,2
2017-08,Basket,208,9
2017-08,Basket,209,1
2017-08,Basket,210,9
2017-08,Basket,211,8
2017-08,Basket,212,12
2017-08,Basket,301,7
2017-08,Basket,302,22
2017-08,Basket,304,3
2017-08,Basket,305,5
2017-08,Basket,306,3
2017-08,Basket,307,8
2017-08,Basket,308,13
2017-08,Basket,309,5
2017-08,Basket,310,4
2017-08,Basket,311,14
2017-08,Basket,312,15
2017-08,Basket,314,8
2017-08,Basket,315,9
2017-08,Basket,316,1
2017-08,Basket,317,4
2017-08,Basket,318,13
2017-08,Basket,401,7
2017-08,Basket,402,4
2017-08,Basket,403,6
2017-08,Basket,404,2
2017-08,Basket,405,8
2017-08,Basket,406,6
2017-08,Basket,407,12
2017-08,Basket,408,5
2017-08,Basket,409,6
2017-08,Basket,410,2
2017-08,Basket,411,1
2017-08,Basket,412,15
2017-08,Basket,413,5
2017-08,Basket,501,13
2017-08,Basket,502,8
2017-08,Basket,503,1
2017-08,Basket,595,1
2017-08,Collection,101,8
2017-08,Collection,102,23
2017-08,Collection,103,13
2017-08,Collection,104,34
2017-08,Collection,105,21
2017-08,Collection,106,21
2017-08,Collection,107,20
2017-08,Collection,108,20
2017-08,Collection,109,9
2017-08,Collection,110,30
2017-08,Collection,111,9
2017-08,Collection,112,5
2017-08,Collection,201,15
2017-08,Collection,202,3
2017-08,Collection,203,27
2017-08,Collection,204,5
2017-08,Collection,205,14
2017-08,Collection,206,21
2017-08,Collection,207,1
2017-08,Collection,208,14
2017-08,Collection,209,8
2017-08,Collection,210,78
2017-08,Collection,211,40
2017-08,Collection,212,25
2017-08,Collection,301,84
2017-08,Collection,302,54
2017-08,Collection,303,73
2017-08,Collection,304,25
2017-08,Collection,305,48
2017-08,Collection,306,202
2017-08,Collection,307,38
2017-08,Collection,308,37
2017-08,Collection,309,11
2017-08,Collection,310,161
2017-08,Collection,311,101
2017-08,Collection,312,150
2017-08,Collection,313,11
2017-08,Collection,314,45
2017-08,Collection,315,119
2017-08,Collection,316,54
2017-08,Collection,317,56
2017-08,Collection,318,74
2017-08,Collection,401,40
2017-08,Collection,402,16
2017-08,Collection,403,19
2017-08,Collection,404,21
2017-08,Collection,405,283
2017-08,Collection,406,23
2017-08,Collection,407,125
2017-08,Collection,408,59
2017-08,Collection,409,28
2017-08,Collection,410,240
2017-08,Collection,411,232
2017-08,Collection,412,81
2017-08,Collection,413,57
2017-08,Collection,414,29
2017-08,Collection,501,173
2017-08,Collection,502,123
2017-08,Collection,503,125
2017-08,Sweeping,104,1
2017-08,Sweeping,106,1
2017-08,Sweeping,107,4
2017-08,Sweeping,108,3
2017-08,Sweeping,109,1
2017-08,Sweeping,110,4
2017-08,Sweeping,111,4
2017-08,Sweeping,112,2
2017-08,Sweeping,201,2
2017-08,Sweeping,204,2
2017-08,Sweeping,205,2
2017-08,Sweeping,209,1
2017-08,Sweeping,212,2
2017-08,Sweeping,302,1
2017-08,Sweeping,305,1
2017-08,Sweeping,306,2
2017-08,Sweeping,307,1
2017-08,Sweeping,310,2
2017-08,Sweeping,311,2
2017-08,Sweeping,312,3
2017-08,Sweeping,313,1
2017-08,Sweeping,314,2
2017-08,Sweeping,315,3
2017-08,Sweeping,318,13
2017-08,Sweeping,401,4
2017-08,Sweeping,402,2
2017-08,Sweeping,403,7
2017-08,Sweeping,404,3
2017-08,Sweeping,405,6
2017-08,Sweeping,406,1
2017-08,Sweeping,407,4
2017-08,Sweeping,408,2
2017-09,Basket,101,4
2017-09,Basket,102,15
2017-09,Basket,103,4
2017-09,Basket,104,4
2017-09,Basket,105,3
2017-09,Basket,106,9
2017-09,Basket,107,15
2017-09,Basket,108,7
2017-09,Basket,109,7
2017-09,Basket,110,46
2017-09,Basket,111,14
2017-09,Basket,112,3
2017-09,Basket,201,10
2017-09,Basket,202,1
2017-09,Basket,203,2
2017-09,Basket,204,5
2017-09,Basket,205,2
2017-09,Basket,206,1
2017-09,Basket,207,7
2017-09,Basket,208,5
2017-09,Basket,209,4
2017-09,Basket,210,5
2017-09,Basket,211,13
2017-09,Basket,212,10
2017-09,Basket,226,1
2017-09,Basket,301,7
2017-09,Basket,302,11
2017-09,Basket,303,13
2017-09,Basket,304,4
2017-09,Basket,305,4
2017-09,Basket,306,8
2017-09,Basket,307,4
2017-09,Basket,308,7
2017-09,Basket,309,5
2017-09,Basket,311,18
2017-09,Basket,312,4
2017-09,Basket,313,8
2017-09,Basket,314,10
2017-09,Basket,315,14
2017-09,Basket,316,4
2017-09,Basket,317,4
2017-09,Basket,318,12
2017-09,Basket,401,7
2017-09,Basket,402,3
2017-09,Basket,403,6
2017-09,Basket,404,1
2017-09,Basket,405,16
2017-09,Basket,406,8
2017-09,Basket,407,18
2017-09,Basket,408,6
2017-09,Basket,409,8
2017-09,Basket,410,4
2017-09,Basket,411,3
2017-09,Basket,412,7
2017-09,Basket,413,9
2017-09,Basket,414,1
2017-09,Basket,501,16
2017-09,Basket,502,8
2017-09,Basket,503,8
2017-09,Collection,101,36
2017-09,Collection,102,137
2017-09,Collection,103,117
2017-09,Collection,104,132
2017-09,Collection,105,62
2017-09,Collection,106,83
2017-09,Collection,107,150
2017-09,Collection,108,145
2017-09,Collection,109,26
2017-09,Collection,110,86
2017-09,Collection,111,34
2017-09,Collection,112,80
2017-09,Collection,201,45
2017-09,Collection,202,15
2017-09,Collection,203,52
2017-09,Collection,204,21
2017-09,Collection,205,13
2017-09,Collection,206,31
2017-09,Collection,207,21
2017-09,Collection,208,32
2017-09,Collection,209,62
2017-09,Collection,210,194
2017-09,Collection,211,91
2017-09,Collection,212,174
2017-09,Collection,301,371
2017-09,Collection,302,233
2017-09,Collection,303,267
2017-09,Collection,304,144
2017-09,Collection,305,161
2017-09,Collection,306,885
2017-09,Collection,307,140
2017-09,Collection,308,156
2017-09,Collection,309,91
2017-09,Collection,310,1354
2017-09,Collection,311,293
2017-09,Collection,312,389
2017-09,Collection,313,50
2017-09,Collection,314,163
2017-09,Collection,315,243
2017-09,Collection,316,59
2017-09,Collection,317,145
2017-09,Collection,318,276
2017-09,Collection,401,306
2017-09,Collection,402,71
2017-09,Collection,403,90
2017-09,Collection,404,61
2017-09,Collection,405,1495
2017-09,Collection,406,95
2017-09,Collection,407,340
2017-09,Collection,408,178
2017-09,Collection,409,154
2017-09,Collection,410,1417
2017-09,Collection,411,1090
2017-09,Collection,412,297
2017-09,Collection,413,267
2017-09,Collection,414,118
2017-09,Collection,501,373
2017-09,Collection,502,282
2017-09,Collection,503,364
2017-09,Sweeping,103,2
2017-09,Sweeping,107,1
2017-09,Sweeping,108,3
2017-09,Sweeping,109,1
2017-09,Sweeping,110,4
2017-09,Sweeping,111,3
2017-09,Sweeping,112,1
2017-09,Sweeping,205,1
2017-09,Sweeping,206,4
2017-09,Sweeping,207,1
2017-09,Sweeping,209,1
2017-09,Sweeping,210,1
2017-09,Sweeping,212,2
2017-09,Sweeping,301,1
2017-09,Sweeping,302,3
2017-09,Sweeping,303,1
2017-09,Sweeping,305,1
2017-09,Sweeping,306,4
2017-09,Sweeping,307,1
2017-09,Sweeping,308,1
2017-09,Sweeping,309,2
2017-09,Sweeping,310,2
2017-09,Sweeping,311,6
2017-09,Sweeping,312,13
2017-09,Sweeping,314,3
2017-09,Sweeping,315,2
2017-09,Sweeping,316,1
2017-09,Sweeping,317,4
2017-09,Sweeping,318,20
2017-09,Sweeping,401,7
2017-09,Sweeping,402,1
2017-09,Sweeping,403,2
2017-09,Sweeping,405,1
2017-09,Sweeping,406,1
2017-09,Sweeping,407,1
2017-09,Sweeping,408,5
2017-09,Sweeping,409,1
2017-09,Sweeping,412,4
2017-10,Basket,102,6
2017-10,Basket,103,3
2017-10,Basket,104,5
2017-10,Basket,105,5
2017-10,Basket,106,8
2017-10,Basket,107,13
2017-10,Basket,108,4
2017-10,Basket,109,3
2017-10,Basket,110,35
2017-10,Basket,111,8
2017-10,Basket,112,8
2017-10,Basket,201,4
2017-10,Basket,203,6
2017-10,Basket,204,4
2017-10,Basket,205,2
2017-10,Basket,207,3
2017-10,Basket,208,6
2017-10,Basket,209,4
2017-10,Basket,210,3
2017-10,Basket,211,1
2017-10,Basket,212,12
2017-10,Basket,301,15
2017-10,Basket,302,19
2017-10,Basket,303,11
2017-10,Basket,304,1
2017-10,Basket,305,10
2017-10,Basket,306,14
2017-10,Basket,307,4
2017-10,Basket,308,6
2017-10,Basket,309,9
2017-10,Basket,310,4
2017-10,Basket,311,13
2017-10,Basket,312,7
2017-10,Basket,313,5
2017-10,Basket,314,5
2017-10,Basket,315,9
2017-10,Basket,317,10
2017-10,Basket,318,9
2017-10,Basket,401,12
2017-10,Basket,403,4
2017-10,Basket,404,1
2017-10,Basket,405,11
2017-10,Basket,406,7
2017-10,Basket,407,17
2017-10,Basket,408,3
2017-10,Basket,409,2
2017-10,Basket,410,1
2017-10,Basket,411,3
2017-10,Basket,412,9
2017-10,Basket,413,8
2017-10,Basket,414,5
2017-10,Basket,501,16
2017-10,Basket,502,3
2017-10,Basket,503,2
2017-10,Basket,595,1
2017-10,Collection,101,46
2017-10,Collection,102,135
2017-10,Collection,103,99
2017-10,Collection,104,154
2017-10,Collection,105,69
2017-10,Collection,106,68
2017-10,Collection,107,158
2017-10,Collection,108,182
2017-10,Collection,109,32
2017-10,Collection,110,92
2017-10,Collection,111,46
2017-10,Collection,112,58
2017-10,Collection,201,68
2017-10,Collection,202,21
2017-10,Collection,203,54
2017-10,Collection,204,15
2017-10,Collection,205,19
2017-10,Collection,206,33
2017-10,Collection,207,23
2017-10,Collection,208,37
2017-10,Collection,209,71
2017-10,Collection,210,275
2017-10,Collection,211,95
2017-10,Collection,212,172
2017-10,Collection,301,382
2017-10,Collection,302,222
2017-10,Collection,303,317
2017-10,Collection,304,162
2017-10,Collection,305,174
2017-10,Collection,306,861
2017-10,Collection,307,162
2017-10,Collection,308,174
2017-10,Collection,309,84
2017-10,Collection,310,1436
2017-10,Collection,311,267
2017-10,Collection,312,415
2017-10,Collection,313,37
2017-10,Collection,314,150
2017-10,Collection,315,202
2017-10,Collection,316,75
2017-10,Collection,317,174
2017-10,Collection,318,311
2017-10,Collection,401,285
2017-10,Collection,402,110
2017-10,Collection,403,60
2017-10,Collection,404,93
2017-10,Collection,405,1541
2017-10,Collection,406,124
2017-10,Collection,407,568
2017-10,Collection,408,282
2017-10,Collection,409,153
2017-10,Collection,410,1260
2017-10,Collection,411,975
2017-10,Collection,412,353
2017-10,Collection,413,312
2017-10,Collection,414,121
2017-10,Collection,501,400
2017-10,Collection,502,310
2017-10,Collection,503,386
2017-10,Sweeping,102,1
2017-10,Sweeping,103,1
2017-10,Sweeping,104,3
2017-10,Sweeping,106,1
2017-10,Sweeping,107,11
2017-10,Sweeping,108,6
2017-10,Sweeping,109,1
2017-10,Sweeping,110,1
2017-10,Sweeping,111,2
2017-10,Sweeping,202,1
2017-10,Sweeping,203,1
2017-10,Sweeping,205,1
2017-10,Sweeping,207,4
2017-10,Sweeping,209,2
2017-10,Sweeping,210,1
2017-10,Sweeping,211,2
2017-10,Sweeping,212,3
2017-10,Sweeping,301,2
2017-10,Sweeping,302,1
2017-10,Sweeping,304,1
2017-10,Sweeping,305,1
2017-10,Sweeping,306,11
2017-10,Sweeping,307,4
2017-10,Sweeping,308,1
2017-10,Sweeping,309,2
2017-10,Sweeping,310,4
2017-10,Sweeping,311,9
2017-10,Sweeping,312,8
2017-10,Sweeping,313,1
2017-10,Sweeping,314,11
2017-10,Sweeping,315,4
2017-10,Sweeping,316,1
2017-10,Sweeping,317,2
2017-10,Sweeping,318,16
2017-10,Sweeping,401,5
2017-10,Sweeping,402,1
2017-10,Sweeping,403,7
2017-10,Sweeping,404,1
2017-10,Sweeping,405,7
2017-10,Sweeping,406,4
2017-10,Sweeping,407,2
2017-10,Sweeping,408,7
2017-10,Sweeping,409,1
2017-10,Sweeping,412,5
2017-10,Sweeping,413,1
2017-10,Sweeping,501,1
2017-11,Basket,102,5
2017-11,Basket,103,5
2017-11,Basket,104,5
2017-11,Basket,105,1
2017-11,Basket,106,2
2017-11,Basket,107,10
2017-11,Basket,108,1
2017-11,Basket,109,2
2017-11,Basket,110,23
2017-11,Basket,111,4
2017-11,Basket,112,1
2017-11,Basket,201,4
2017-11,Basket,203,2
2017-11,Basket,204,4
2017-11,Basket,206,1
2017-11,Basket,208,31
2017-11,Basket,209,4
2017-11,Basket,210,2
2017-11,Basket,211,3
2017-11,Basket,212,6
2017-11,Basket,301,8
2017-11,Basket,302,29
2017-11,Basket,303,4
2017-11,Basket,304,1
2017-11,Basket,305,4
2017-11,Basket,306,9
2017-11,Basket,307,1
2017-11,Basket,308,6
2017-11,Basket,309,4
2017-11,Basket,310,10
2017-11,Basket,311,16
2017-11,Basket,312,6
2017-11,Basket,313,1
2017-11,Basket,314,1
2017-11,Basket,315,3
2017-11,Basket,316,1
2017-11,Basket,317,9
2017-11,Basket,318,6
2017-11,Basket,355,3
2017-11,Basket,401,3
2017-11,Basket,402,1
2017-11,Basket,403,2
2017-11,Basket,404,3
2017-11,Basket,405,14
2017-11,Basket,406,4
2017-11,Basket,407,7
2017-11,Basket,408,3
2017-11,Basket,409,1
2017-11,Basket,410,2
2017-11,Basket,411,8
2017-11,Basket,412,3
2017-11,Basket,413,3
2017-11,Basket,414,8
2017-11,Basket,482,1
2017-11,Basket,501,8
2017-11,Basket,502,4
2017-11,Basket,503,4
2017-11,Collection,101,35
2017-11,Collection,102,129
2017-11,Collection,103,106
2017-11,Collection,104,137
2017-11,Collection,105,48
2017-11,Collection,106,91
2017-11,Collection,107,157
2017-11,Collection,108,165
2017-11,Collection,109,36
2017-11,Collection,110,83
2017-11,Collection,111,36
2017-11,Collection,112,33
2017-11,Collection,201,38
2017-11,Collection,202,13
2017-11,Collection,203,72
2017-11,Collection,204,19
2017-11,Collection,205,21
2017-11,Collection,206,26
2017-11,Collection,207,21
2017-11,Collection,208,36
2017-11,Collection,209,80
2017-11,Collection,210,216
2017-11,Collection,211,96
2017-11,Collection,212,207
2017-11,Collection,301,345
2017-11,Collection,302,210
2017-11,Collection,303,273
2017-11,Collection,304,131
2017-11,Collection,305,194
2017-11,Collection,306,693
2017-11,Collection,307,151
2017-11,Collection,308,176
2017-11,Collection,309,75
2017-11,Collection,310,1347
2017-11,Collection,311,259
2017-11,Collection,312,370
2017-11,Collection,313,40
2017-11,Collection,314,167
2017-11,Collection,315,182
2017-11,Collection,316,67
2017-11,Collection,317,232
2017-11,Collection,318,389
2017-11,Collection,401,300
2017-11,Collection,402,108
2017-11,Collection,403,83
2017-11,Collection,404,92
2017-11,Collection,405,1649
2017-11,Collection,406,127
2017-11,Collection,407,539
2017-11,Collection,408,330
2017-11,Collection,409,385
2017-11,Collection,410,1325
2017-11,Collection,411,1024
2017-11,Collection,412,479
2017-11,Collection,413,340
2017-11,Collection,414,229
2017-11,Collection,501,589
2017-11,Collection,502,501
2017-11,Collection,503,570
2017-11,Sweeping,103,1
2017-11,Sweeping,104,2
2017-11,Sweeping,107,5
2017-11,Sweeping,108,8
2017-11,Sweeping,109,4
2017-11,Sweeping,110,4
2017-11,Sweeping,111,2
2017-11,Sweeping,112,4
2017-11,Sweeping,203,2
2017-11,Sweeping,204,1
2017-11,Sweeping,206,1
2017-11,Sweeping,208,2
2017-11,Sweeping,209,5
2017-11,Sweeping,211,2
2017-11,Sweeping,212,3
2017-11,Sweeping,302,1
2017-11,Sweeping,303,1
2017-11,Sweeping,305,3
2017-11,Sweeping,306,7
2017-11,Sweeping,307,3
2017-11,Sweeping,308,1
2017-11,Sweeping,310,5
2017-11,Sweeping,311,1
2017-11,Sweeping,312,12
2017-11,Sweeping,313,2
2017-11,Sweeping,314,10
2017-11,Sweeping,315,1
2017-11,Sweeping,318,12
2017-11,Sweeping,401,9
2017-11,Sweeping,402,5
2017-11,Sweeping,403,2
2017-11,Sweeping,404,4
2017-11,Sweeping,405,3
2017-11,Sweeping,406,2
2017-11,Sweeping,407,7
2017-11,Sweeping,408,3
2017-11,Sweeping,409,1
2017-11,Sweeping,412,4
2017-11,Sweeping,414,1
2017-12,Basket,101,2
2017-12,Basket,102,5
2017-12,Basket,103,3
2017-12,Basket,104,3
2017-12,Basket,105,3
2017-12,Basket,106,3
2017-12,Basket,107,1
2017-12,Basket,109,3
2017-12,Basket,110,6
2017-12,Basket,111,4
2017-12,Basket,112,4
2017-12,Basket,164,1
2017-12,Basket,201,3
2017-12,Basket,203,2
2017-12,Basket,204,3
2017-12,Basket,205,2
2017-12,Basket,207,3
2017-12,Basket,208,24
2017-12,Basket,209,2
2017-12,Basket,211,1
2017-12,Basket,212,5
2017-12,Basket,301,3
2017-12,Basket,302,7
2017-12,Basket,303,4
2017-12,Basket,304,3
2017-12,Basket,305,8
2017-12,Basket,306,6
2017-12,Basket,307,2
2017-12,Basket,308,1
2017-12,Basket,309,2
2017-12,Basket,310,13
2017-12,Basket,311,10
2017-12,Basket,312,6
2017-12,Basket,313,1
2017-12,Basket,314,4
2017-12,Basket,315,5
2017-12,Basket,316,3
2017-12,Basket,317,4
2017-12,Basket,318,4
2017-12,Basket,401,3
2017-12,Basket,402,2
2017-12,Basket,404,1
2017-12,Basket,405,6
2017-12,Basket,406,4
2017-12,Basket,407,1
2017-12,Basket,408,4
2017-12,Basket,409,1
2017-12,Basket,411,2
2017-12,Basket,412,6
2017-12,Basket,413,1
2017-12,Basket,414,3
2017-12,Basket,501,12
2017-12,Basket,502,1
2017-12,Basket,503,1
2017-12,Collection,101,40
2017-12,Collection,102,120
2017-12,Collection,103,112
2017-12,Collection,104,131
2017-12,Collection,105,45
2017-12,Collection,106,71
2017-12,Collection,107,117
2017-12,Collection,108,129
2017-12,Collection,109,37
2017-12,Collection,110,83
2017-12,Collection,111,29
2017-12,Collection,112,40
2017-12,Collection,201,53
2017-12,Collection,202,12
2017-12,Collection,203,44
2017-12,Collection,204,19
2017-12,Collection,205,19
2017-12,Collection,206,46
2017-12,Collection,207,27
2017-12,Collection,208,43
2017-12,Collection,209,80
2017-12,Collection,210,187
2017-12,Collection,211,119
2017-12,Collection,212,179
2017-12,Collection,301,333
2017-12,Collection,302,213
2017-12,Collection,303,249
2017-12,Collection,304,150
2017-12,Collection,305,162
2017-12,Collection,306,695
2017-12,Collection,307,176
2017-12,Collection,308,174
2017-12,Collection,309,112
2017-12,Collection,310,1179
2017-12,Collection,311,227
2017-12,Collection,312,306
2017-12,Collection,313,61
2017-12,Collection,314,133
2017-12,Collection,315,257
2017-12,Collection,316,79
2017-12,Collection,317,178
2017-12,Collection,318,327
2017-12,Collection,401,328
2017-12,Collection,402,99
2017-12,Collection,403,97
2017-12,Collection,404,79
2017-12,Collection,405,1694
2017-12,Collection,406,98
2017-12,Collection,407,509
2017-12,Collection,408,271
2017-12,Collection,409,369
2017-12,Collection,410,1070
2017-12,Collection,411,793
2017-12,Collection,412,452
2017-12,Collection,413,321
2017-12,Collection,414,183
2017-12,Collection,501,480
2017-12,Collection,502,330
2017-12,Collection,503,426
2017-12,Sweeping,102,1
2017-12,Sweeping,103,2
2017-12,Sweeping,104,2
2017-12,Sweeping,107,4
2017-12,Sweeping,108,6
2017-12,Sweeping,109,4
2017-12,Sweeping,110,2
2017-12,Sweeping,111,1
2017-12,Sweeping,112,1
2017-12,Sweeping,201,1
2017-12,Sweeping,203,2
2017-12,Sweeping,207,2
2017-12,Sweeping,208,1
2017-12,Sweeping,209,4
2017-12,Sweeping,210,7
2017-12,Sweeping,211,3
2017-12,Sweeping,212,2
2017-12,Sweeping,301,4
2017-12,Sweeping,302,7
2017-12,Sweeping,303,2
2017-12,Sweeping,305,6
2017-12,Sweeping,306,12
2017-12,Sweeping,307,2
2017-12,Sweeping,309,1
2017-12,Sweeping,310,1
2017-12,Sweeping,311,2
2017-12,Sweeping,312,7
2017-12,Sweeping,313,1
2017-12,Sweeping,314,12
2017-12,Sweeping,318,10
2017-12,Sweeping,401,2
2017-12,Sweeping,402,1
2017-12,Sweeping,403,4
2017-12,Sweeping,404,1
2017-12,Sweeping,405,2
2017-12,Sweeping,406,3
2017-12,Sweeping,407,2
2017-12,Sweeping,408,5
2017-12,Sweeping,409,1
2017-12,Sweeping,412,2
2017-12,Sweeping,413,1
2017-12,Sweeping,414,1
2018-01,Basket,102,5
2018-01,Basket,103,1
2018-01,Basket,104,1
2018-01,Basket,106,4
2018-01,Basket,107,10
2018-01,Basket,109,3
2018-01,Basket,110,8
2018-01,Basket,111,2
2018-01,Basket,112,1
2018-01,Basket,201,2
2018-01,Basket,203,3
2018-01,Basket,204,2
2018-01,Basket,205,1
2018-01,Basket,207,7
2018-01,Basket,208,3
2018-01,Basket,209,1
2018-01,Basket,210,1
2018-01,Basket,211,5
2018-01,Basket,212,3
2018-01,Basket,301,6
2018-01,Basket,302,12
2018-01,Basket,303,4
2018-01,Basket,304,1
2018-01,Basket,305,2
2018-01,Basket,306,9
2018-01,Basket,308,2
2018-01,Basket,309,1
2018-01,Basket,310,10
2018-01,Basket,311,12
2018-01,Basket,312,3
2018-01,Basket,313,1
2018-01,Basket,314,2
2018-01,Basket,315,3
2018-01,Basket,316,1
2018-01,Basket,317,6
2018-01,Basket,318,2
2018-01,Basket,401,5
2018-01,Basket,402,5
2018-01,Basket,403,2
2018-01,Basket,404,1
2018-01,Basket,407,1
2018-01,Basket,408,2
2018-01,Basket,410,2
2018-01,Basket,411,3
2018-01,Basket,412,5
2018-01,Basket,413,7
2018-01,Basket,414,2
2018-01,Basket,501,6
2018-01,Basket,502,1
2018-01,Basket,503,1
2018-01,Collection,101,37
2018-01,Collection,102,139
2018-01,Collection,103,124
2018-01,Collection,104,119
2018-01,Collection,105,48
2018-01,Collection,106,95
2018-01,Collection,107,136
2018-01,Collection,108,132
2018-01,Collection,109,45
2018-01,Collection,110,95
2018-01,Collection,111,30
2018-01,Collection,112,44
2018-01,Collection,201,27
2018-01,Collection,202,6
2018-01,Collection,203,28
2018-01,Collection,204,15
2018-01,Collection,205,21
2018-01,Collection,206,33
2018-01,Collection,207,24
2018-01,Collection,208,49
2018-01,Collection,209,51
2018-01,Collection,210,198
2018-01,Collection,211,84
2018-01,Collection,212,145
2018-01,Collection,226,1
2018-01,Collection,301,381
2018-01,Collection,302,200
2018-01,Collection,303,319
2018-01,Collection,304,170
2018-01,Collection,305,115
2018-01,Collection,306,567
2018-01,Collection,307,161
2018-01,Collection,308,173
2018-01,Collection,309,106
2018-01,Collection,310,940
2018-01,Collection,311,248
2018-01,Collection,312,295
2018-01,Collection,313,47
2018-01,Collection,314,131
2018-01,Collection,315,234
2018-01,Collection,316,73
2018-01,Collection,317,155
2018-01,Collection,318,254
2018-01,Collection,401,347
2018-01,Collection,402,76
2018-01,Collection,403,91
2018-01,Collection,404,79
2018-01,Collection,405,1161
2018-01,Collection,406,92
2018-01,Collection,407,527
2018-01,Collection,408,279
2018-01,Collection,409,310
2018-01,Collection,410,903
2018-01,Collection,411,652
2018-01,Collection,412,335
2018-01,Collection,413,271
2018-01,Collection,414,187
2018-01,Collection,501,375
2018-01,Collection,502,310
2018-01,Collection,503,430
2018-01,Sweeping,102,1
2018-01,Sweeping,103,2
2018-01,Sweeping,104,1
2018-01,Sweeping,107,2
2018-01,Sweeping,108,1
2018-01,Sweeping,109,3
2018-01,Sweeping,110,1
2018-01,Sweeping,111,1
2018-01,Sweeping,164,1
2018-01,Sweeping,206,1
2018-01,Sweeping,209,1
2018-01,Sweeping,211,1
2018-01,Sweeping,212,7
2018-01,Sweeping,301,2
2018-01,Sweeping,302,1
2018-01,Sweeping,305,3
2018-01,Sweeping,306,4
2018-01,Sweeping,311,3
2018-01,Sweeping,312,2
2018-01,Sweeping,313,2
2018-01,Sweeping,314,2
2018-01,Sweeping,315,1
2018-01,Sweeping,318,4
2018-01,Sweeping,401,2
2018-01,Sweeping,402,2
2018-01,Sweeping,403,1
2018-01,Sweeping,405,1
2018-01,Sweeping,406,1
2018-01,Sweeping,407,1
2018-01,Sweeping,501,2
2018-01,Sweeping,503,1
2018-02,Basket,102,5
2018-02,Basket,104,1
2018-02,Basket,105,7
2018-02,Basket,106,2
2018-02,Basket,107,5
2018-02,Basket,108,2
2018-02,Basket,109,4
2018-02,Basket,110,8
2018-02,Basket,111,6
2018-02,Basket,201,9
2018-02,Basket,204,4
2018-02,Basket,205,2
2018-02,Basket,206,1
2018-02,Basket,207,1
2018-02,Basket,208,4
2018-02,Basket,209,2
2018-02,Basket,210,1
2018-02,Basket,211,1
2018-02,Basket,212,6
2018-02,Basket,301,11
2018-02,Basket,302,15
2018-02,Basket,303,1
2018-02,Basket,304,2
2018-02,Basket,305,12
2018-02,Basket,306,9
2018-02,Basket,307,3
2018-02,Basket,308,10
2018-02,Basket,309,2
2018-02,Basket,310,9
2018-02,Basket,311,8
2018-02,Basket,312,8
2018-02,Basket,313,1
2018-02,Basket,314,4
2018-02,Basket,315,8
2018-02,Basket,316,1
2018-02,Basket,317,9
2018-02,Basket,318,9
2018-02,Basket,401,5
2018-02,Basket,402,6
2018-02,Basket,403,1
2018-02,Basket,405,7
2018-02,Basket,406,2
2018-02,Basket,407,2
2018-02,Basket,408,3
2018-02,Basket,409,5
2018-02,Basket,410,5
2018-02,Basket,411,9
2018-02,Basket,412,3
2018-02,Basket,413,2
2018-02,Basket,414,4
2018-02,Basket,501,6
2018-02,Basket,502,4
2018-02,Basket,503,3
2018-02,Collection,101,47
2018-02,Collection,102,166
2018-02,Collection,103,137
2018-02,Collection,104,144
2018-02,Collection,105,43
2018-02,Collection,106,79
2018-02,Collection,107,161
2018-02,Collection,108,155
2018-02,Collection,109,34
2018-02,Collection,110,109
2018-02,Collection,111,48
2018-02,Collection,112,51
2018-02,Collection,201,41
2018-02,Collection,202,18
2018-02,Collection,203,47
2018-02,Collection,204,15
2018-02,Collection,205,27
2018-02,Collection,206,45
2018-02,Collection,207,21
2018-02,Collection,208,45
2018-02,Collection,209,79
2018-02,Collection,210,217
2018-02,Collection,211,121
2018-02,Collection,212,158
2018-02,Collection,301,404
2018-02,Collection,302,207
2018-02,Collection,303,316
2018-02,Collection,304,131
2018-02,Collection,305,186
2018-02,Collection,306,646
2018-02,Collection,307,154
2018-02,Collection,308,171
2018-02,Collection,309,106
2018-02,Collection,310,1135
2018-02,Collection,311,253
2018-02,Collection,312,423
2018-02,Collection,313,43
2018-02,Collection,314,140
2018-02,Collection,315,312
2018-02,Collection,316,78
2018-02,Collection,317,156
2018-02,Collection,318,248
2018-02,Collection,401,342
2018-02,Collection,402,101
2018-02,Collection,403,122
2018-02,Collection,404,98
2018-02,Collection,405,979
2018-02,Collection,406,138
2018-02,Collection,407,488
2018-02,Collection,408,308
2018-02,Collection,409,309
2018-02,Collection,410,1097
2018-02,Collection,411,762
2018-02,Collection,412,316
2018-02,Collection,413,346
2018-02,Collection,414,189
2018-02,Collection,501,490
2018-02,Collection,502,357
2018-02,Collection,503,493
2018-02,Sweeping,102,2
2018-02,Sweeping,106,1
2018-02,Sweeping,109,2
2018-02,Sweeping,110,1
2018-02,Sweeping,111,1
2018-02,Sweeping,112,2
2018-02,Sweeping,202,1
2018-02,Sweeping,209,1
2018-02,Sweeping,210,2
2018-02,Sweeping,211,1
2018-02,Sweeping,302,1
2018-02,Sweeping,303,1
2018-02,Sweeping,305,4
2018-02,Sweeping,306,2
2018-02,Sweeping,307,1
2018-02,Sweeping,311,3
2018-02,Sweeping,312,8
2018-02,Sweeping,313,2
2018-02,Sweeping,314,2
2018-02,Sweeping,315,4
2018-02,Sweeping,318,8
2018-02,Sweeping,401,2
2018-02,Sweeping,402,1
2018-02,Sweeping,403,2
2018-02,Sweeping,406,2
2018-02,Sweeping,408,1
2018-02,Sweeping,412,2
2018-02,Sweeping,414,1
2018-03,Basket,101,1
2018-03,Basket,102,3
2018-03,Basket,103,1
2018-03,Basket,104,2
2018-03,Basket,105,3
2018-03,Basket,106,2
2018-03,Basket,107,3
2018-03,Basket,108,3
2018-03,Basket,109,2
2018-03,Basket,110,3
2018-03,Basket,111,8
2018-03,Basket,112,2
2018-03,Basket,164,1
2018-03,Basket,201,4
2018-03,Basket,203,1
2018-03,Basket,204,3
2018-03,Basket,205,1
2018-03,Basket,206,1
2018-03,Basket,207,6
2018-03,Basket,208,2
2018-03,Basket,209,2
2018-03,Basket,210,1
2018-03,Basket,211,1
2018-03,Basket,212,6
2018-03,Basket,301,10
2018-03,Basket,302,11
2018-03,Basket,303,9
2018-03,Basket,304,3
2018-03,Basket,305,7
2018-03,Basket,306,8
2018-03,Basket,307,3
2018-03,Basket,308,16
2018-03,Basket,309,4
2018-03,Basket,310,13
2018-03,Basket,311,15
2018-03,Basket,312,2
2018-03,Basket,314,2
2018-03,Basket,315,5
2018-03,Basket,316,3
2018-03,Basket,317,11
2018-03,Basket,318,7
2018-03,Basket,355,2
2018-03,Basket,401,6
2018-03,Basket,402,3
2018-03,Basket,403,5
2018-03,Basket,404,2
2018-03,Basket,405,7
2018-03,Basket,406,13
2018-03,Basket,407,2
2018-03,Basket,408,5
2018-03,Basket,409,3
2018-03,Basket,410,3
2018-03,Basket,411,4
2018-03,Basket,412,5
2018-03,Basket,413,6
2018-03,Basket,414,1
2018-03,Basket,501,15
2018-03,Basket,502,3
2018-03,Basket,503,4
2018-03,Collection,101,59
2018-03,Collection,102,154
2018-03,Collection,103,157
2018-03,Collection,104,129
2018-03,Collection,105,69
2018-03,Collection,106,86
2018-03,Collection,107,135
2018-03,Collection,108,160
2018-03,Collection,109,60
2018-03,Collection,110,121
2018-03,Collection,111,59
2018-03,Collection,112,57
2018-03,Collection,201,53
2018-03,Collection,202,24
2018-03,Collection,203,42
2018-03,Collection,204,32
2018-03,Collection,205,18
2018-03,Collection,206,41
2018-03,Collection,207,28
2018-03,Collection,208,50
2018-03,Collection,209,84
2018-03,Collection,210,236
2018-03,Collection,211,112
2018-03,Collection,212,202
2018-03,Collection,301,431
2018-03,Collection,302,272
2018-03,Collection,303,371
2018-03,Collection,304,148
2018-03,Collection,305,162
2018-03,Collection,306,690
2018-03,Collection,307,161
2018-03,Collection,308,178
2018-03,Collection,309,91
2018-03,Collection,310,1189
2018-03,Collection,311,266
2018-03,Collection,312,459
2018-03,Collection,313,35
2018-03,Collection,314,205
2018-03,Collection,315,309
2018-03,Collection,316,103
2018-03,Collection,317,167
2018-03,Collection,318,300
2018-03,Collection,401,376
2018-03,Collection,402,105
2018-03,Collection,403,96
2018-03,Collection,404,129
2018-03,Collection,405,832
2018-03,Collection,406,135
2018-03,Collection,407,630
2018-03,Collection,408,278
2018-03,Collection,409,365
2018-03,Collection,410,1091
2018-03,Collection,411,808
2018-03,Collection,412,392
2018-03,Collection,413,375
2018-03,Collection,414,235
2018-03,Collection,501,490
2018-03,Collection,502,377
2018-03,Collection,503,529
2018-03,Sweeping,106,1
2018-03,Sweeping,108,1
2018-03,Sweeping,111,1
2018-03,Sweeping,112,1
2018-03,Sweeping,204,1
2018-03,Sweeping,206,1
2018-03,Sweeping,207,4
2018-03,Sweeping,209,1
2018-03,Sweeping,305,1
2018-03,Sweeping,306,2
2018-03,Sweeping,307,2
2018-03,Sweeping,309,1
2018-03,Sweeping,310,1
2018-03,Sweeping,311,5
2018-03,Sweeping,312,4
2018-03,Sweeping,314,4
2018-03,Sweeping,317,1
2018-03,Sweeping,318,3
2018-03,Sweeping,401,1
2018-03,Sweeping,403,2
2018-03,Sweeping,404,1
2018-03,Sweeping,405,1
2018-03,Sweeping,408,7
2018-03,Sweeping,409,2
2018-03,Sweeping,412,1
2018-03,Sweeping,503,3
2018-04,Basket,101,5
2018-04,Basket,102,7
2018-04,Basket,103,2
2018-04,Basket,104,4
2018-04,Basket,105,3
2018-04,Basket,106,2
2018-04,Basket,107,11
2018-04,Basket,108,3
2018-04,Basket,109,5
2018-04,Basket,110,14
2018-04,Basket,111,5
2018-04,Basket,112,2
2018-04,Basket,201,6
2018-04,Basket,202,3
2018-04,Basket,203,2
2018-04,Basket,204,2
2018-04,Basket,205,2
2018-04,Basket,206,5
2018-04,Basket,207,5
2018-04,Basket,208,8
2018-04,Basket,209,7
2018-04,Basket,210,4
2018-04,Basket,211,4
2018-04,Basket,212,19
2018-04,Basket,301,13
2018-04,Basket,302,6
2018-04,Basket,303,14
2018-04,Basket,304,4
2018-04,Basket,305,14
2018-04,Basket,306,6
2018-04,Basket,307,3
2018-04,Basket,308,14
2018-04,Basket,309,7
2018-04,Basket,310,7
2018-04,Basket,311,20
2018-04,Basket,312,4
2018-04,Basket,314,5
2018-04,Basket,315,3
2018-04,Basket,316,3
2018-04,Basket,317,7
2018-04,Basket,318,9
2018-04,Basket,355,1
2018-04,Basket,401,9
2018-04,Basket,402,9
2018-04,Basket,403,2
2018-04,Basket,404,3
2018-04,Basket,405,5
2018-04,Basket,406,1
2018-04,Basket,407,3
2018-04,Basket,408,4
2018-04,Basket,409,6
2018-04,Basket,410,3
2018-04,Basket,411,8
2018-04,Basket,412,6
2018-04,Basket,413,5
2018-04,Basket,414,10
2018-04,Basket,501,17
2018-04,Basket,502,4
2018-04,Basket,503,3
2018-04,Collection,101,44
2018-04,Collection,102,192
2018-04,Collection,103,181
2018-04,Collection,104,208
2018-04,Collection,105,68
2018-04,Collection,106,127
2018-04,Collection,107,177
2018-04,Collection,108,222
2018-04,Collection,109,57
2018-04,Collection,110,99
2018-04,Collection,111,64
2018-04,Collection,112,44
2018-04,Collection,201,40
2018-04,Collection,202,17
2018-04,Collection,203,73
2018-04,Collection,204,27
2018-04,Collection,205,12
2018-04,Collection,206,56
2018-04,Collection,207,23
2018-04,Collection,208,48
2018-04,Collection,209,87
2018-04,Collection,210,301
2018-04,Collection,211,123
2018-04,Collection,212,214
2018-04,Collection,226,1
2018-04,Collection,301,446
2018-04,Collection,302,297
2018-04,Collection,303,370
2018-04,Collection,304,201
2018-04,Collection,305,262
2018-04,Collection,306,938
2018-04,Collection,307,206
2018-04,Collection,308,235
2018-04,Collection,309,117
2018-04,Collection,310,1411
2018-04,Collection,311,344
2018-04,Collection,312,406
2018-04,Collection,313,65
2018-04,Collection,314,154
2018-04,Collection,315,308
2018-04,Collection,316,116
2018-04,Collection,317,238
2018-04,Collection,318,381
2018-04,Collection,401,442
2018-04,Collection,402,117
2018-04,Collection,403,143
2018-04,Collection,404,118
2018-04,Collection,405,875
2018-04,Collection,406,154
2018-04,Collection,407,808
2018-04,Collection,408,371
2018-04,Collection,409,397
2018-04,Collection,410,1380
2018-04,Collection,411,1024
2018-04,Collection,412,511
2018-04,Collection,413,453
2018-04,Collection,414,210
2018-04,Collection,501,560
2018-04,Collection,502,447
2018-04,Collection,503,597
2018-04,Sweeping,103,2
2018-04,Sweeping,106,1
2018-04,Sweeping,107,1
2018-04,Sweeping,108,2
2018-04,Sweeping,110,1
2018-04,Sweeping,111,1
2018-04,Sweeping,201,1
2018-04,Sweeping,203,1
2018-04,Sweeping,206,1
2018-04,Sweeping,210,1
2018-04,Sweeping,211,3
2018-04,Sweeping,212,4
2018-04,Sweeping,301,1
2018-04,Sweeping,303,3
2018-04,Sweeping,305,5
2018-04,Sweeping,306,6
2018-04,Sweeping,309,1
2018-04,Sweeping,310,1
2018-04,Sweeping,311,2
2018-04,Sweeping,312,10
2018-04,Sweeping,313,3
2018-04,Sweeping,314,2
2018-04,Sweeping,316,2
2018-04,Sweeping,317,1
2018-04,Sweeping,318,6
2018-04,Sweeping,403,4
2018-04,Sweeping,405,3
2018-04,Sweeping,407,1
2018-04,Sweeping,408,3
2018-04,Sweeping,414,3
2018-05,Basket,101,1
2018-05,Basket,102,8
2018-05,Basket,103,7
2018-05,Basket,104,4
2018-05,Basket,105,5
2018-05,Basket,106,4
2018-05,Basket,107,9
2018-05,Basket,108,6
2018-05,Basket,109,3
2018-05,Basket,110,34
2018-05,Basket,111,9
2018-05,Basket,112,4
2018-05,Basket,201,6
2018-05,Basket,202,1
2018-05,Basket,203,8
2018-05,Basket,204,1
2018-05,Basket,205,3
2018-05,Basket,206,5
2018-05,Basket,207,9
2018-05,Basket,208,9
2018-05,Basket,209,7
2018-05,Basket,210,8
2018-05,Basket,211,6
2018-05,Basket,212,10
2018-05,Basket,301,7
2018-05,Basket,302,12
2018-05,Basket,303,10
2018-05,Basket,304,1
2018-05,Basket,305,4
2018-05,Basket,306,8
2018-05,Basket,307,4
2018-05,Basket,308,13
2018-05,Basket,309,2
2018-05,Basket,310,4
2018-05,Basket,311,32
2018-05,Basket,312,9
2018-05,Basket,313,2
2018-05,Basket,314,6
2018-05,Basket,315,4
2018-05,Basket,316,6
2018-05,Basket,317,7
2018-05,Basket,318,5
2018-05,Basket,401,8
2018-05,Basket,402,13
2018-05,Basket,403,9
2018-05,Basket,404,3
2018-05,Basket,405,14
2018-05,Basket,406,1
2018-05,Basket,407,4
2018-05,Basket,408,5
2018-05,Basket,409,3
2018-05,Basket,410,4
2018-05,Basket,411,10
2018-05,Basket,412,7
2018-05,Basket,413,4
2018-05,Basket,414,9
2018-05,Basket,501,26
2018-05,Basket,502,5
2018-05,Basket,503,13
2018-05,Collection,101,99
2018-05,Collection,102,257
2018-05,Collection,103,284
2018-05,Collection,104,236
2018-05,Collection,105,99
2018-05,Collection,106,178
2018-05,Collection,107,264
2018-05,Collection,108,245
2018-05,Collection,109,95
2018-05,Collection,110,147
2018-05,Collection,111,70
2018-05,Collection,112,88
2018-05,Collection,201,41
2018-05,Collection,202,27
2018-05,Collection,203,52
2018-05,Collection,204,25
2018-05,Collection,205,22
2018-05,Collection,206,70
2018-05,Collection,207,39
2018-05,Collection,208,75
2018-05,Collection,209,118
2018-05,Collection,210,306
2018-05,Collection,211,130
2018-05,Collection,212,248
2018-05,Collection,301,507
2018-05,Collection,302,339
2018-05,Collection,303,523
2018-05,Collection,304,297
2018-05,Collection,305,247
2018-05,Collection,306,1120
2018-05,Collection,307,252
2018-05,Collection,308,230
2018-05,Collection,309,154
2018-05,Collection,310,1641
2018-05,Collection,311,387
2018-05,Collection,312,423
2018-05,Collection,313,70
2018-05,Collection,314,221
2018-05,Collection,315,373
2018-05,Collection,316,138
2018-05,Collection,317,252
2018-05,Collection,318,392
2018-05,Collection,401,495
2018-05,Collection,402,113
2018-05,Collection,403,128
2018-05,Collection,404,106
2018-05,Collection,405,978
2018-05,Collection,406,147
2018-05,Collection,407,934
2018-05,Collection,408,426
2018-05,Collection,409,473
2018-05,Collection,410,1356
2018-05,Collection,411,1076
2018-05,Collection,412,503
2018-05,Collection,413,843
2018-05,Collection,414,307
2018-05,Collection,501,651
2018-05,Collection,502,420
2018-05,Collection,503,636
2018-05,Sweeping,103,1
2018-05,Sweeping,104,2
2018-05,Sweeping,107,1
2018-05,Sweeping,110,1
2018-05,Sweeping,111,2
2018-05,Sweeping,112,2
2018-05,Sweeping,203,2
2018-05,Sweeping,205,1
2018-05,Sweeping,208,1
2018-05,Sweeping,209,1
2018-05,Sweeping,210,1
2018-05,Sweeping,211,3
2018-05,Sweeping,301,1
2018-05,Sweeping,303,2
2018-05,Sweeping,305,4
2018-05,Sweeping,306,1
2018-05,Sweeping,307,2
2018-05,Sweeping,308,1
2018-05,Sweeping,310,2
2018-05,Sweeping,312,9
2018-05,Sweeping,313,2
2018-05,Sweeping,314,1
2018-05,Sweeping,315,1
2018-05,Sweeping,316,2
2018-05,Sweeping,318,4
2018-05,Sweeping,401,4
2018-05,Sweeping,402,1
2018-05,Sweeping,403,4
2018-05,Sweeping,404,1
2018-05,Sweeping,405,3
2018-05,Sweeping,406,1
2018-05,Sweeping,407,1
2018-05,Sweeping,408,2
2018-05,Sweeping,409,2
2018-05,Sweeping,412,1
2018-05,Sweeping,414,1
2018-06,Basket,101,2
2018-06,Basket,102,5
2018-06,Basket,103,2
2018-06,Basket,104,10
2018-06,Basket,105,7
2018-06,Basket,106,5
2018-06,Basket,107,40
2018-06,Basket,108,4
2018-06,Basket,109,7
2018-06,Basket,110,16
2018-06,Basket,111,7
2018-06,Basket,112,5
2018-06,Basket,201,5
2018-06,Basket,203,1
2018-06,Basket,204,6
2018-06,Basket,205,3
2018-06,Basket,207,6
2018-06,Basket,208,7
2018-06,Basket,209,4
2018-06,Basket,210,2
2018-06,Basket,211,2
2018-06,Basket,212,11
2018-06,Basket,301,18
2018-06,Basket,302,9
2018-06,Basket,303,5
2018-06,Basket,304,6
2018-06,Basket,305,8
2018-06,Basket,306,13
2018-06,Basket,307,4
2018-06,Basket,308,8
2018-06,Basket,309,7
2018-06,Basket,310,6
2018-06,Basket,311,27
2018-06,Basket,312,10
2018-06,Basket,313,1
2018-06,Basket,314,2
2018-06,Basket,315,9
2018-06,Basket,316,5
2018-06,Basket,317,6
2018-06,Basket,318,6
2018-06,Basket,355,2
2018-06,Basket,401,4
2018-06,Basket,402,2
2018-06,Basket,403,3
2018-06,Basket,404,2
2018-06,Basket,405,9
2018-06,Basket,406,4
2018-06,Basket,407,8
2018-06,Basket,408,3
2018-06,Basket,409,7
2018-06,Basket,410,2
2018-06,Basket,411,6
2018-06,Basket,412,8
2018-06,Basket,413,11
2018-06,Basket,414,6
2018-06,Basket,501,12
2018-06,Basket,502,4
2018-06,Basket,503,1
2018-06,Collection,101,88
2018-06,Collection,102,255
2018-06,Collection,103,312
2018-06,Collection,104,271
2018-06,Collection,105,99
2018-06,Collection,106,196
2018-06,Collection,107,246
2018-06,Collection,108,307
2018-06,Collection,109,61
2018-06,Collection,110,139
2018-06,Collection,111,75
2018-06,Collection,112,76
2018-06,Collection,201,63
2018-06,Collection,202,36
2018-06,Collection,203,48
2018-06,Collection,204,24
2018-06,Collection,205,23
2018-06,Collection,206,48
2018-06,Collection,207,46
2018-06,Collection,208,81
2018-06,Collection,209,104
2018-06,Collection,210,298
2018-06,Collection,211,146
2018-06,Collection,212,282
2018-06,Collection,301,517
2018-06,Collection,302,369
2018-06,Collection,303,473
2018-06,Collection,304,293
2018-06,Collection,305,291
2018-06,Collection,306,1176
2018-06,Collection,307,271
2018-06,Collection,308,307
2018-06,Collection,309,178
2018-06,Collection,310,1805
2018-06,Collection,311,395
2018-06,Collection,312,462
2018-06,Collection,313,77
2018-06,Collection,314,239
2018-06,Collection,315,418
2018-06,Collection,316,140
2018-06,Collection,317,301
2018-06,Collection,318,530
2018-06,Collection,401,508
2018-06,Collection,402,136
2018-06,Collection,403,167
2018-06,Collection,404,117
2018-06,Collection,405,935
2018-06,Collection,406,161
2018-06,Collection,407,902
2018-06,Collection,408,460
2018-06,Collection,409,500
2018-06,Collection,410,1388
2018-06,Collection,411,1072
2018-06,Collection,412,588
2018-06,Collection,413,965
2018-06,Collection,414,400
2018-06,Collection,501,732
2018-06,Collection,502,478
2018-06,Collection,503,783
2018-06,Sweeping,104,1
2018-06,Sweeping,108,8
2018-06,Sweeping,109,5
2018-06,Sweeping,110,1
2018-06,Sweeping,111,1
2018-06,Sweeping,112,1
2018-06,Sweeping,201,1
2018-06,Sweeping,203,1
2018-06,Sweeping,204,1
2018-06,Sweeping,205,1
2018-06,Sweeping,207,1
2018-06,Sweeping,209,2
2018-06,Sweeping,210,1
2018-06,Sweeping,211,2
2018-06,Sweeping,212,1
2018-06,Sweeping,302,1
2018-06,Sweeping,303,3
2018-06,Sweeping,305,6
2018-06,Sweeping,306,1
2018-06,Sweeping,307,1
2018-06,Sweeping,308,1
2018-06,Sweeping,309,4
2018-06,Sweeping,310,1
2018-06,Sweeping,311,4
2018-06,Sweeping,312,5
2018-06,Sweeping,313,5
2018-06,Sweeping,314,6
2018-06,Sweeping,315,3
2018-06,Sweeping,317,1
2018-06,Sweeping,318,8
2018-06,Sweeping,401,6
2018-06,Sweeping,403,4
2018-06,Sweeping,404,1
2018-06,Sweeping,405,5
2018-06,Sweeping,406,2
2018-06,Sweeping,407,3
2018-06,Sweeping,408,2
2018-06,Sweeping,409,1
2018-06,Sweeping,412,1
2018-06,Sweeping,501,1
2018-06,Sweeping,502,1
2018-06,Sweeping,503,1
2018-07,Basket,101,1
2018-07,Basket,102,9
2018-07,Basket,103,6
2018-07,Basket,104,6
2018-07,Basket,105,10
2018-07,Basket,106,4
2018-07,Basket,107,32
2018-07,Basket,108,4
2018-07,Basket,109,8
2018-07,Basket,110,24
2018-07,Basket,111,9
2018-07,Basket,112,14
2018-07,Basket,164,1
2018-07,Basket,201,16
2018-07,Basket,202,4
2018-07,Basket,203,3
2018-07,Basket,204,6
2018-07,Basket,205,4
2018-07,Basket,207,6
2018-07,Basket,208,4
2018-07,Basket,209,9
2018-07,Basket,210,6
2018-07,Basket,211,6
2018-07,Basket,212,13
2018-07,Basket,301,12
2018-07,Basket,302,10
2018-07,Basket,303,18
2018-07,Basket,304,5
2018-07,Basket,305,7
2018-07,Basket,306,23
2018-07,Basket,307,5
2018-07,Basket,308,6
2018-07,Basket,309,2
2018-07,Basket,310,12
2018-07,Basket,311,24
2018-07,Basket,312,5
2018-07,Basket,313,1
2018-07,Basket,314,7
2018-07,Basket,315,8
2018-07,Basket,316,1
2018-07,Basket,317,10
2018-07,Basket,318,9
2018-07,Basket,401,15
2018-07,Basket,402,17
2018-07,Basket,403,7
2018-07,Basket,404,7
2018-07,Basket,405,8
2018-07,Basket,406,7
2018-07,Basket,407,5
2018-07,Basket,408,9
2018-07,Basket,409,6
2018-07,Basket,410,7
2018-07,Basket,411,8
2018-07,Basket,412,6
2018-07,Basket,413,18
2018-07,Basket,414,4
2018-07,Basket,501,22
2018-07,Basket,502,2
2018-07,Basket,503,5
2018-07,Collection,101,89
2018-07,Collection,102,257
2018-07,Collection,103,291
2018-07,Collection,104,265
2018-07,Collection,105,114
2018-07,Collection,106,193
2018-07,Collection,107,313
2018-07,Collection,108,336
2018-07,Collection,109,114
2018-07,Collection,110,173
2018-07,Collection,111,81
2018-07,Collection,112,125
2018-07,Collection,201,50
2018-07,Collection,202,39
2018-07,Collection,203,64
2018-07,Collection,204,29
2018-07,Collection,205,33
2018-07,Collection,206,53
2018-07,Collection,207,34
2018-07,Collection,208,96
2018-07,Collection,209,116
2018-07,Collection,210,335
2018-07,Collection,211,139
2018-07,Collection,212,261
2018-07,Collection,301,556
2018-07,Collection,302,330
2018-07,Collection,303,602
2018-07,Collection,304,376
2018-07,Collection,305,290
2018-07,Collection,306,1334
2018-07,Collection,307,298
2018-07,Collection,308,325
2018-07,Collection,309,200
2018-07,Collection,310,1021
2018-07,Collection,311,429
2018-07,Collection,312,443
2018-07,Collection,313,66
2018-07,Collection,314,228
2018-07,Collection,315,394
2018-07,Collection,316,134
2018-07,Collection,317,300
2018-07,Collection,318,562
2018-07,Collection,401,538
2018-07,Collection,402,158
2018-07,Collection,403,164
2018-07,Collection,404,160
2018-07,Collection,405,1040
2018-07,Collection,406,180
2018-07,Collection,407,913
2018-07,Collection,408,491
2018-07,Collection,409,569
2018-07,Collection,410,1051
2018-07,Collection,411,1225
2018-07,Collection,412,612
2018-07,Collection,413,1007
2018-07,Collection,414,381
2018-07,Collection,501,746
2018-07,Collection,502,505
2018-07,Collection,503,673
2018-07,Sweeping,101,1
2018-07,Sweeping,102,1
2018-07,Sweeping,103,1
2018-07,Sweeping,106,2
2018-07,Sweeping,107,3
2018-07,Sweeping,108,2
2018-07,Sweeping,109,2
2018-07,Sweeping,110,2
2018-07,Sweeping,111,1
2018-07,Sweeping,112,4
2018-07,Sweeping,201,1
2018-07,Sweeping,202,1
2018-07,Sweeping,203,4
2018-07,Sweeping,204,2
2018-07,Sweeping,205,2
2018-07,Sweeping,208,1
2018-07,Sweeping,209,1
2018-07,Sweeping,210,3
2018-07,Sweeping,211,5
2018-07,Sweeping,212,3
2018-07,Sweeping,301,1
2018-07,Sweeping,303,3
2018-07,Sweeping,304,1
2018-07,Sweeping,305,7
2018-07,Sweeping,306,2
2018-07,Sweeping,307,1
2018-07,Sweeping,308,2
2018-07,Sweeping,309,1
2018-07,Sweeping,311,6
2018-07,Sweeping,312,5
2018-07,Sweeping,313,3
2018-07,Sweeping,314,5
2018-07,Sweeping,315,1
2018-07,Sweeping,316,1
2018-07,Sweeping,317,3
2018-07,Sweeping,318,17
2018-07,Sweeping,401,3
2018-07,Sweeping,403,3
2018-07,Sweeping,404,1
2018-07,Sweeping,405,2
2018-07,Sweeping,406,5
2018-07,Sweeping,408,3
2018-07,Sweeping,410,1
2018-07,Sweeping,412,6
2018-07,Sweeping,414,3
2018-07,Sweeping,503,1
2018-08,Basket,101,2
2018-08,Basket,102,7
2018-08,Basket,103,4
2018-08,Basket,104,5
2018-08,Basket,105,3
2018-08,Basket,107,33
2018-08,Basket,108,2
2018-08,Basket,109,12
2018-08,Basket,110,17
2018-08,Basket,111,11
2018-08,Basket,112,8
2018-08,Basket,201,11
2018-08,Basket,202,1
2018-08,Basket,203,3
2018-08,Basket,204,1
2018-08,Basket,205,3
2018-08,Basket,206,3
2018-08,Basket,207,5
2018-08,Basket,208,3
2018-08,Basket,209,6
2018-08,Basket,210,4
2018-08,Basket,211,1
2018-08,Basket,212,11
2018-08,Basket,301,25
2018-08,Basket,302,4
2018-08,Basket,303,10
2018-08,Basket,304,5
2018-08,Basket,305,14
2018-08,Basket,306,7
2018-08,Basket,307,9
2018-08,Basket,308,17
2018-08,Basket,309,5
2018-08,Basket,310,13
2018-08,Basket,311,26
2018-08,Basket,312,4
2018-08,Basket,313,3
2018-08,Basket,314,12
2018-08,Basket,315,10
2018-08,Basket,316,3
2018-08,Basket,317,7
2018-08,Basket,318,6
2018-08,Basket,401,13
2018-08,Basket,402,15
2018-08,Basket,403,5
2018-08,Basket,404,4
2018-08,Basket,405,8
2018-08,Basket,406,3
2018-08,Basket,407,3
2018-08,Basket,408,4
2018-08,Basket,409,5
2018-08,Basket,410,2
2018-08,Basket,411,7
2018-08,Basket,412,11
2018-08,Basket,413,11
2018-08,Basket,414,2
2018-08,Basket,501,13
2018-08,Basket,502,7
2018-08,Basket,503,8
2018-08,Collection,101,93
2018-08,Collection,102,302
2018-08,Collection,103,347
2018-08,Collection,104,281
2018-08,Collection,105,139
2018-08,Collection,106,193
2018-08,Collection,107,290
2018-08,Collection,108,292
2018-08,Collection,109,99
2018-08,Collection,110,194
2018-08,Collection,111,91
2018-08,Collection,112,127
2018-08,Collection,201,72
2018-08,Collection,202,24
2018-08,Collection,203,75
2018-08,Collection,204,29
2018-08,Collection,205,36
2018-08,Collection,206,62
2018-08,Collection,207,31
2018-08,Collection,208,86
2018-08,Collection,209,133
2018-08,Collection,210,327
2018-08,Collection,211,150
2018-08,Collection,212,305
2018-08,Collection,226,1
2018-08,Collection,301,633
2018-08,Collection,302,390
2018-08,Collection,303,681
2018-08,Collection,304,391
2018-08,Collection,305,303
2018-08,Collection,306,1058
2018-08,Collection,307,348
2018-08,Collection,308,294
2018-08,Collection,309,212
2018-08,Collection,310,802
2018-08,Collection,311,434
2018-08,Collection,312,499
2018-08,Collection,313,70
2018-08,Collection,314,255
2018-08,Collection,315,420
2018-08,Collection,316,131
2018-08,Collection,317,329
2018-08,Collection,318,485
2018-08,Collection,401,558
2018-08,Collection,402,157
2018-08,Collection,403,167
2018-08,Collection,404,170
2018-08,Collection,405,1100
2018-08,Collection,406,177
2018-08,Collection,407,1007
2018-08,Collection,408,512
2018-08,Collection,409,523
2018-08,Collection,410,899
2018-08,Collection,411,971
2018-08,Collection,412,632
2018-08,Collection,413,1122
2018-08,Collection,414,405
2018-08,Collection,501,748
2018-08,Collection,502,522
2018-08,Collection,503,756
2018-08,Sweeping,104,2
2018-08,Sweeping,105,1
2018-08,Sweeping,106,1
2018-08,Sweeping,108,3
2018-08,Sweeping,109,2
2018-08,Sweeping,110,1
2018-08,Sweeping,112,1
2018-08,Sweeping,201,1
2018-08,Sweeping,203,1
2018-08,Sweeping,205,1
2018-08,Sweeping,206,1
2018-08,Sweeping,207,2
2018-08,Sweeping,209,4
2018-08,Sweeping,210,1
2018-08,Sweeping,211,2
2018-08,Sweeping,212,3
2018-08,Sweeping,302,1
2018-08,Sweeping,303,4
2018-08,Sweeping,305,4
2018-08,Sweeping,306,2
2018-08,Sweeping,307,2
2018-08,Sweeping,310,3
2018-08,Sweeping,311,5
2018-08,Sweeping,312,6
2018-08,Sweeping,313,1
2018-08,Sweeping,314,3
2018-08,Sweeping,316,1
2018-08,Sweeping,317,4
2018-08,Sweeping,318,16
2018-08,Sweeping,401,1
2018-08,Sweeping,402,1
2018-08,Sweeping,403,5
2018-08,Sweeping,404,1
2018-08,Sweeping,405,6
2018-08,Sweeping,406,3
2018-08,Sweeping,407,1
2018-08,Sweeping,409,2
2018-08,Sweeping,412,2
2018-08,Sweeping,414,4
2018-08,Sweeping,501,1
2018-09,Basket,101,2
2018-09,Basket,102,8
2018-09,Basket,103,1
2018-09,Basket,104,7
2018-09,Basket,105,2
2018-09,Basket,106,1
2018-09,Basket,107,17
2018-09,Basket,108,4
2018-09,Basket,109,3
2018-09,Basket,110,13
2018-09,Basket,111,4
2018-09,Basket,112,10
2018-09,Basket,201,16
2018-09,Basket,202,1
2018-09,Basket,203,1
2018-09,Basket,204,2
2018-09,Basket,207,2
2018-09,Basket,208,3
2018-09,Basket,209,5
2018-09,Basket,211,4
2018-09,Basket,212,4
2018-09,Basket,301,17
2018-09,Basket,302,10
2018-09,Basket,303,15
2018-09,Basket,304,5
2018-09,Basket,305,3
2018-09,Basket,306,8
2018-09,Basket,307,6
2018-09,Basket,308,15
2018-09,Basket,309,15
2018-09,Basket,310,10
2018-09,Basket,311,38
2018-09,Basket,312,7
2018-09,Basket,313,5
2018-09,Basket,314,6
2018-09,Basket,315,6
2018-09,Basket,316,3
2018-09,Basket,317,5
2018-09,Basket,318,5
2018-09,Basket,401,13
2018-09,Basket,402,2
2018-09,Basket,403,5
2018-09,Basket,405,4
2018-09,Basket,406,2
2018-09,Basket,407,3
2018-09,Basket,408,4
2018-09,Basket,409,3
2018-09,Basket,410,5
2018-09,Basket,411,4
2018-09,Basket,412,20
2018-09,Basket,413,11
2018-09,Basket,414,2
2018-09,Basket,501,20
2018-09,Basket,502,10
2018-09,Basket,503,2
2018-09,Collection,101,100
2018-09,Collection,102,253
2018-09,Collection,103,234
2018-09,Collection,104,261
2018-09,Collection,105,78
2018-09,Collection,106,175
2018-09,Collection,107,237
2018-09,Collection,108,269
2018-09,Collection,109,64
2018-09,Collection,110,180
2018-09,Collection,111,75
2018-09,Collection,112,97
2018-09,Collection,201,51
2018-09,Collection,202,20
2018-09,Collection,203,78
2018-09,Collection,204,32
2018-09,Collection,205,33
2018-09,Collection,206,60
2018-09,Collection,207,32
2018-09,Collection,208,68
2018-09,Collection,209,110
2018-09,Collection,210,300
2018-09,Collection,211,162
2018-09,Collection,212,233
2018-09,Collection,226,1
2018-09,Collection,301,623
2018-09,Collection,302,327
2018-09,Collection,303,515
2018-09,Collection,304,336
2018-09,Collection,305,280
2018-09,Collection,306,903
2018-09,Collection,307,299
2018-09,Collection,308,300
2018-09,Collection,309,156
2018-09,Collection,310,738
2018-09,Collection,311,405
2018-09,Collection,312,508
2018-09,Collection,313,56
2018-09,Collection,314,238
2018-09,Collection,315,440
2018-09,Collection,316,130
2018-09,Collection,317,258
2018-09,Collection,318,465
2018-09,Collection,401,526
2018-09,Collection,402,154
2018-09,Collection,403,129
2018-09,Collection,404,140
2018-09,Collection,405,1017
2018-09,Collection,406,179
2018-09,Collection,407,880
2018-09,Collection,408,464
2018-09,Collection,409,551
2018-09,Collection,410,743
2018-09,Collection,411,776
2018-09,Collection,412,594
2018-09,Collection,413,937
2018-09,Collection,414,378
2018-09,Collection,501,618
2018-09,Collection,502,473
2018-09,Collection,503,697
2018-09,Sweeping,102,1
2018-09,Sweeping,104,1
2018-09,Sweeping,106,1
2018-09,Sweeping,108,5
2018-09,Sweeping,110,5
2018-09,Sweeping,112,2
2018-09,Sweeping,202,1
2018-09,Sweeping,203,4
2018-09,Sweeping,207,1
2018-09,Sweeping,208,1
2018-09,Sweeping,209,6
2018-09,Sweeping,210,1
2018-09,Sweeping,211,3
2018-09,Sweeping,212,5
2018-09,Sweeping,303,1
2018-09,Sweeping,304,1
2018-09,Sweeping,305,5
2018-09,Sweeping,306,3
2018-09,Sweeping,308,2
2018-09,Sweeping,310,2
2018-09,Sweeping,311,11
2018-09,Sweeping,312,13
2018-09,Sweeping,313,5
2018-09,Sweeping,314,5
2018-09,Sweeping,315,3
2018-09,Sweeping,317,11
2018-09,Sweeping,318,13
2018-09,Sweeping,401,3
2018-09,Sweeping,402,1
2018-09,Sweeping,403,4
2018-09,Sweeping,405,2
2018-09,Sweeping,406,2
2018-09,Sweeping,407,1
2018-09,Sweeping,408,1
2018-09,Sweeping,412,4
2018-09,Sweeping,414,2
2018-10,Basket,101,5
2018-10,Basket,102,5
2018-10,Basket,103,5
2018-10,Basket,104,3
2018-10,Basket,105,5
2018-10,Basket,106,10
2018-10,Basket,107,21
2018-10,Basket,108,4
2018-10,Basket,109,5
2018-10,Basket,110,10
2018-10,Basket,111,9
2018-10,Basket,112,8
2018-10,Basket,201,6
2018-10,Basket,203,2
2018-10,Basket,204,1
2018-10,Basket,205,1
2018-10,Basket,207,5
2018-10,Basket,208,8
2018-10,Basket,209,2
2018-10,Basket,210,2
2018-10,Basket,211,3
2018-10,Basket,212,8
2018-10,Basket,226,2
2018-10,Basket,301,12
2018-10,Basket,302,10
2018-10,Basket,303,8
2018-10,Basket,304,4
2018-10,Basket,305,5
2018-10,Basket,306,12
2018-10,Basket,307,2
2018-10,Basket,308,6
2018-10,Basket,309,2
2018-10,Basket,310,9
2018-10,Basket,311,36
2018-10,Basket,312,5
2018-10,Basket,313,3
2018-10,Basket,314,6
2018-10,Basket,315,1
2018-10,Basket,316,1
2018-10,Basket,317,9
2018-10,Basket,318,3
2018-10,Basket,355,1
2018-10,Basket,401,10
2018-10,Basket,402,2
2018-10,Basket,403,5
2018-10,Basket,404,4
2018-10,Basket,405,6
2018-10,Basket,406,2
2018-10,Basket,407,4
2018-10,Basket,408,15
2018-10,Basket,409,2
2018-10,Basket,410,3
2018-10,Basket,411,1
2018-10,Basket,412,14
2018-10,Basket,413,10
2018-10,Basket,414,7
2018-10,Basket,482,2
2018-10,Basket,501,13
2018-10,Basket,502,10
2018-10,Basket,503,3
2018-10,Collection,101,81
2018-10,Collection,102,199
2018-10,Collection,103,242
2018-10,Collection,104,216
2018-10,Collection,105,91
2018-10,Collection,106,140
2018-10,Collection,107,254
2018-10,Collection,108,251
2018-10,Collection,109,67
2018-10,Collection,110,170
2018-10,Collection,111,73
2018-10,Collection,112,82
2018-10,Collection,201,45
2018-10,Collection,202,42
2018-10,Collection,203,59
2018-10,Collection,204,41
2018-10,Collection,205,45
2018-10,Collection,206,57
2018-10,Collection,207,29
2018-10,Collection,208,66
2018-10,Collection,209,123
2018-10,Collection,210,320
2018-10,Collection,211,141
2018-10,Collection,212,230
2018-10,Collection,301,609
2018-10,Collection,302,322
2018-10,Collection,303,471
2018-10,Collection,304,321
2018-10,Collection,305,283
2018-10,Collection,306,891
2018-10,Collection,307,260
2018-10,Collection,308,284
2018-10,Collection,309,187
2018-10,Collection,310,731
2018-10,Collection,311,379
2018-10,Collection,312,715
2018-10,Collection,313,77
2018-10,Collection,314,284
2018-10,Collection,315,492
2018-10,Collection,316,127
2018-10,Collection,317,289
2018-10,Collection,318,445
2018-10,Collection,401,493
2018-10,Collection,402,152
2018-10,Collection,403,160
2018-10,Collection,404,132
2018-10,Collection,405,975
2018-10,Collection,406,148
2018-10,Collection,407,900
2018-10,Collection,408,450
2018-10,Collection,409,520
2018-10,Collection,410,798
2018-10,Collection,411,713
2018-10,Collection,412,575
2018-10,Collection,413,947
2018-10,Collection,414,348
2018-10,Collection,501,680
2018-10,Collection,502,499
2018-10,Collection,503,680
2018-10,Sweeping,105,1
2018-10,Sweeping,107,2
2018-10,Sweeping,108,4
2018-10,Sweeping,109,2
2018-10,Sweeping,110,2
2018-10,Sweeping,111,3
2018-10,Sweeping,112,3
2018-10,Sweeping,203,5
2018-10,Sweeping,206,3
2018-10,Sweeping,207,1
2018-10,Sweeping,208,1
2018-10,Sweeping,209,9
2018-10,Sweeping,212,9
2018-10,Sweeping,302,1
2018-10,Sweeping,303,1
2018-10,Sweeping,304,1
2018-10,Sweeping,305,4
2018-10,Sweeping,306,7
2018-10,Sweeping,307,4
2018-10,Sweeping,309,1
2018-10,Sweeping,310,7
2018-10,Sweeping,311,2
2018-10,Sweeping,312,18
2018-10,Sweeping,314,7
2018-10,Sweeping,315,2
2018-10,Sweeping,317,1
2018-10,Sweeping,318,20
2018-10,Sweeping,401,8
2018-10,Sweeping,402,8
2018-10,Sweeping,403,20
2018-10,Sweeping,404,4
2018-10,Sweeping,405,11
2018-10,Sweeping,406,3
2018-10,Sweeping,407,3
2018-10,Sweeping,409,3
2018-10,Sweeping,412,2
2018-11,Basket,101,1
2018-11,Basket,102,7
2018-11,Basket,103,2
2018-11,Basket,104,6
2018-11,Basket,105,3
2018-11,Basket,106,2
2018-11,Basket,107,4
2018-11,Basket,108,1
2018-11,Basket,109,3
2018-11,Basket,110,11
2018-11,Basket,111,6
2018-11,Basket,112,9
2018-11,Basket,201,5
2018-11,Basket,203,4
2018-11,Basket,204,1
2018-11,Basket,205,3
2018-11,Basket,206,1
2018-11,Basket,209,5
2018-11,Basket,211,3
2018-11,Basket,301,5
2018-11,Basket,302,6
2018-11,Basket,303,9
2018-11,Basket,304,3
2018-11,Basket,305,7
2018-11,Basket,306,5
2018-11,Basket,308,4
2018-11,Basket,309,1
2018-11,Basket,310,5
2018-11,Basket,311,32
2018-11,Basket,312,2
2018-11,Basket,314,3
2018-11,Basket,315,3
2018-11,Basket,316,2
2018-11,Basket,317,1
2018-11,Basket,318,3
2018-11,Basket,355,5
2018-11,Basket,401,7
2018-11,Basket,402,2
2018-11,Basket,403,11
2018-11,Basket,405,6
2018-11,Basket,406,1
2018-11,Basket,407,2
2018-11,Basket,408,4
2018-11,Basket,409,3
2018-11,Basket,410,4
2018-11,Basket,411,2
2018-11,Basket,412,4
2018-11,Basket,413,8
2018-11,Basket,414,1
2018-11,Basket,484,1
2018-11,Basket,501,14
2018-11,Basket,502,3
2018-11,Basket,503,2
2018-11,Collection,101,56
2018-11,Collection,102,152
2018-11,Collection,103,158
2018-11,Collection,104,153
2018-11,Collection,105,67
2018-11,Collection,106,114
2018-11,Collection,107,161
2018-11,Collection,108,168
2018-11,Collection,109,50
2018-11,Collection,110,109
2018-11,Collection,111,63
2018-11,Collection,112,76
2018-11,Collection,201,80
2018-11,Collection,202,26
2018-11,Collection,203,35
2018-11,Collection,204,16
2018-11,Collection,205,24
2018-11,Collection,206,56
2018-11,Collection,207,24
2018-11,Collection,208,52
2018-11,Collection,209,117
2018-11,Collection,210,286
2018-11,Collection,211,123
2018-11,Collection,212,248
2018-11,Collection,301,480
2018-11,Collection,302,302
2018-11,Collection,303,480
2018-11,Collection,304,270
2018-11,Collection,305,260
2018-11,Collection,306,679
2018-11,Collection,307,239
2018-11,Collection,308,231
2018-11,Collection,309,116
2018-11,Collection,310,663
2018-11,Collection,311,357
2018-11,Collection,312,523
2018-11,Collection,313,59
2018-11,Collection,314,246
2018-11,Collection,315,380
2018-11,Collection,316,104
2018-11,Collection,317,350
2018-11,Collection,318,433
2018-11,Collection,401,471
2018-11,Collection,402,144
2018-11,Collection,403,173
2018-11,Collection,404,142
2018-11,Collection,405,873
2018-11,Collection,406,163
2018-11,Collection,407,744
2018-11,Collection,408,394
2018-11,Collection,409,479
2018-11,Collection,410,607
2018-11,Collection,411,573
2018-11,Collection,412,608
2018-11,Collection,413,779
2018-11,Collection,414,305
2018-11,Collection,501,677
2018-11,Collection,502,642
2018-11,Collection,503,801
2018-11,Sweeping,102,2
2018-11,Sweeping,103,4
2018-11,Sweeping,104,1
2018-11,Sweeping,107,5
2018-11,Sweeping,108,9
2018-11,Sweeping,109,2
2018-11,Sweeping,110,2
2018-11,Sweeping,112,1
2018-11,Sweeping,164,1
2018-11,Sweeping,202,1
2018-11,Sweeping,203,3
2018-11,Sweeping,204,3
2018-11,Sweeping,206,4
2018-11,Sweeping,207,1
2018-11,Sweeping,208,1
2018-11,Sweeping,209,8
2018-11,Sweeping,210,1
2018-11,Sweeping,211,4
2018-11,Sweeping,212,5
2018-11,Sweeping,301,3
2018-11,Sweeping,303,1
2018-11,Sweeping,305,6
2018-11,Sweeping,306,17
2018-11,Sweeping,307,8
2018-11,Sweeping,308,1
2018-11,Sweeping,310,19
2018-11,Sweeping,311,8
2018-11,Sweeping,312,44
2018-11,Sweeping,313,1
2018-11,Sweeping,314,12
2018-11,Sweeping,315,4
2018-11,Sweeping,316,1
2018-11,Sweeping,317,1
2018-11,Sweeping,318,18
2018-11,Sweeping,401,12
2018-11,Sweeping,402,10
2018-11,Sweeping,403,21
2018-11,Sweeping,404,4
2018-11,Sweeping,405,15
2018-11,Sweeping,406,3
2018-11,Sweeping,407,1
2018-11,Sweeping,408,4
2018-11,Sweeping,409,1
2018-11,Sweeping,412,3
2018-11,Sweeping,414,4
2018-11,Sweeping,501,1
2018-12,Basket,101,2
2018-12,Basket,102,1
2018-12,Basket,103,3
2018-12,Basket,104,3
2018-12,Basket,105,2
2018-12,Basket,107,5
2018-12,Basket,108,2
2018-12,Basket,109,1
2018-12,Basket,110,1
2018-12,Basket,111,5
2018-12,Basket,112,2
2018-12,Basket,201,5
2018-12,Basket,203,2
2018-12,Basket,204,2
2018-12,Basket,205,1
2018-12,Basket,207,3
2018-12,Basket,208,5
2018-12,Basket,209,3
2018-12,Basket,210,3
2018-12,Basket,211,4
2018-12,Basket,212,5
2018-12,Basket,301,6
2018-12,Basket,302,6
2018-12,Basket,303,7
2018-12,Basket,305,3
2018-12,Basket,306,2
2018-12,Basket,307,1
2018-12,Basket,308,3
2018-12,Basket,309,5
2018-12,Basket,310,1
2018-12,Basket,311,33
2018-12,Basket,312,4
2018-12,Basket,314,4
2018-12,Basket,315,1
2018-12,Basket,316,4
2018-12,Basket,317,2
2018-12,Basket,318,4
2018-12,Basket,401,5
2018-12,Basket,402,1
2018-12,Basket,403,5
2018-12,Basket,405,3
2018-12,Basket,406,3
2018-12,Basket,407,4
2018-12,Basket,408,2
2018-12,Basket,409,1
2018-12,Basket,410,6
2018-12,Basket,411,3
2018-12,Basket,412,4
2018-12,Basket,413,9
2018-12,Basket,414,1
2018-12,Basket,501,9
2018-12,Basket,502,4
2018-12,Basket,503,7
2018-12,Collection,101,72
2018-12,Collection,102,187
2018-12,Collection,103,158
2018-12,Collection,104,193
2018-12,Collection,105,88
2018-12,Collection,106,120
2018-12,Collection,107,193
2018-12,Collection,108,238
2018-12,Collection,109,64
2018-12,Collection,110,129
2018-12,Collection,111,62
2018-12,Collection,112,84
2018-12,Collection,201,49
2018-12,Collection,202,33
2018-12,Collection,203,56
2018-12,Collection,204,33
2018-12,Collection,205,28
2018-12,Collection,206,59
2018-12,Collection,207,25
2018-12,Collection,208,67
2018-12,Collection,209,121
2018-12,Collection,210,274
2018-12,Collection,211,162
2018-12,Collection,212,247
2018-12,Collection,226,1
2018-12,Collection,301,524
2018-12,Collection,302,303
2018-12,Collection,303,490
2018-12,Collection,304,240
2018-12,Collection,305,314
2018-12,Collection,306,710
2018-12,Collection,307,316
2018-12,Collection,308,241
2018-12,Collection,309,137
2018-12,Collection,310,670
2018-12,Collection,311,354
2018-12,Collection,312,523
2018-12,Collection,313,53
2018-12,Collection,314,224
2018-12,Collection,315,370
2018-12,Collection,316,110
2018-12,Collection,317,394
2018-12,Collection,318,506
2018-12,Collection,401,437
2018-12,Collection,402,142
2018-12,Collection,403,152
2018-12,Collection,404,149
2018-12,Collection,405,938
2018-12,Collection,406,161
2018-12,Collection,407,806
2018-12,Collection,408,385
2018-12,Collection,409,511
2018-12,Collection,410,641
2018-12,Collection,411,637
2018-12,Collection,412,683
2018-12,Collection,413,905
2018-12,Collection,414,363
2018-12,Collection,501,742
2018-12,Collection,502,561
2018-12,Collection,503,717
2018-12,Sweeping,102,3
2018-12,Sweeping,104,1
2018-12,Sweeping,107,5
2018-12,Sweeping,108,4
2018-12,Sweeping,109,1
2018-12,Sweeping,110,6
2018-12,Sweeping,111,2
2018-12,Sweeping,112,3
2018-12,Sweeping,203,1
2018-12,Sweeping,204,1
2018-12,Sweeping,207,1
2018-12,Sweeping,209,5
2018-12,Sweeping,211,2
2018-12,Sweeping,212,3
2018-12,Sweeping,301,1
2018-12,Sweeping,302,1
2018-12,Sweeping,303,1
2018-12,Sweeping,304,1
2018-12,Sweeping,305,1
2018-12,Sweeping,306,8
2018-12,Sweeping,307,4
2018-12,Sweeping,310,1
2018-12,Sweeping,311,5
2018-12,Sweeping,312,32
2018-12,Sweeping,313,3
2018-12,Sweeping,314,3
2018-12,Sweeping,315,2
2018-12,Sweeping,316,1
2018-12,Sweeping,317,3
2018-12,Sweeping,318,6
2018-12,Sweeping,401,4
2018-12,Sweeping,402,2
2018-12,Sweeping,403,4
2018-12,Sweeping,404,3
2018-12,Sweeping,405,6
2018-12,Sweeping,406,1
2018-12,Sweeping,407,2
2018-12,Sweeping,408,1
2018-12,Sweeping,409,2
2018-12,Sweeping,412,3
2018-12,Sweeping,501,1
2019-01,Basket,101,2
2019-01,Basket,102,1
2019-01,Basket,103,2
2019-01,Basket,104,5
2019-01,Basket,105,1
2019-01,Basket,107,5
2019-01,Basket,108,10
2019-01,Basket,109,2
2019-01,Basket,110,1
2019-01,Basket,111,6
2019-01,Basket,112,3
2019-01,Basket,201,2
2019-01,Basket,203,1
2019-01,Basket,205,1
2019-01,Basket,207,1
2019-01,Basket,208,1
2019-01,Basket,209,1
2019-01,Basket,210,3
2019-01,Basket,211,5
2019-01,Basket,212,9
2019-01,Basket,301,1
2019-01,Basket,302,2
2019-01,Basket,303,5
2019-01,Basket,304,2
2019-01,Basket,305,4
2019-01,Basket,306,8
2019-01,Basket,307,2
2019-01,Basket,308,10
2019-01,Basket,309,1
2019-01,Basket,310,2
2019-01,Basket,311,36
2019-01,Basket,312,4
2019-01,Basket,313,2
2019-01,Basket,314,3
2019-01,Basket,315,12
2019-01,Basket,316,3
2019-01,Basket,317,2
2019-01,Basket,318,3
2019-01,Basket,401,2
2019-01,Basket,402,4
2019-01,Basket,403,8
2019-01,Basket,405,4
2019-01,Basket,406,1
2019-01,Basket,407,7
2019-01,Basket,408,4
2019-01,Basket,409,2
2019-01,Basket,410,3
2019-01,Basket,411,3
2019-01,Basket,412,2
2019-01,Basket,413,5
2019-01,Basket,414,2
2019-01,Basket,501,16
2019-01,Basket,502,2
2019-01,Basket,503,2
2019-01,Collection,101,84
2019-01,Collection,102,220
2019-01,Collection,103,228
2019-01,Collection,104,190
2019-01,Collection,105,112
2019-01,Collection,106,144
2019-01,Collection,107,232
2019-01,Collection,108,247
2019-01,Collection,109,98
2019-01,Collection,110,156
2019-01,Collection,111,74
2019-01,Collection,112,119
2019-01,Collection,201,55
2019-01,Collection,202,38
2019-01,Collection,203,63
2019-01,Collection,204,42
2019-01,Collection,205,26
2019-01,Collection,206,77
2019-01,Collection,207,33
2019-01,Collection,208,73
2019-01,Collection,209,120
2019-01,Collection,210,322
2019-01,Collection,211,152
2019-01,Collection,212,252
2019-01,Collection,226,4
2019-01,Collection,301,606
2019-01,Collection,302,343
2019-01,Collection,303,496
2019-01,Collection,304,294
2019-01,Collection,305,303
2019-01,Collection,306,909
2019-01,Collection,307,290
2019-01,Collection,308,294
2019-01,Collection,309,188
2019-01,Collection,310,666
2019-01,Collection,311,394
2019-01,Collection,312,541
2019-01,Collection,313,90
2019-01,Collection,314,214
2019-01,Collection,315,398
2019-01,Collection,316,114
2019-01,Collection,317,352
2019-01,Collection,318,419
2019-01,Collection,401,499
2019-01,Collection,402,176
2019-01,Collection,403,166
2019-01,Collection,404,138
2019-01,Collection,405,959
2019-01,Collection,406,172
2019-01,Collection,407,766
2019-01,Collection,408,410
2019-01,Collection,409,494
2019-01,Collection,410,653
2019-01,Collection,411,594
2019-01,Collection,412,543
2019-01,Collection,413,792
2019-01,Collection,414,301
2019-01,Collection,501,773
2019-01,Collection,502,565
2019-01,Collection,503,719
2019-01,Sweeping,102,1
2019-01,Sweeping,103,1
2019-01,Sweeping,107,3
2019-01,Sweeping,108,3
2019-01,Sweeping,110,1
2019-01,Sweeping,112,1
2019-01,Sweeping,164,1
2019-01,Sweeping,202,1
2019-01,Sweeping,204,1
2019-01,Sweeping,205,1
2019-01,Sweeping,209,4
2019-01,Sweeping,211,1
2019-01,Sweeping,212,3
2019-01,Sweeping,301,1
2019-01,Sweeping,303,1
2019-01,Sweeping,305,3
2019-01,Sweeping,306,5
2019-01,Sweeping,307,3
2019-01,Sweeping,308,2
2019-01,Sweeping,309,2
2019-01,Sweeping,310,1
2019-01,Sweeping,311,3
2019-01,Sweeping,312,11
2019-01,Sweeping,313,1
2019-01,Sweeping,314,2
2019-01,Sweeping,315,2
2019-01,Sweeping,316,1
2019-01,Sweeping,317,4
2019-01,Sweeping,318,4
2019-01,Sweeping,401,3
2019-01,Sweeping,402,1
2019-01,Sweeping,404,1
2019-01,Sweeping,405,2
2019-01,Sweeping,406,1
2019-01,Sweeping,409,2
2019-01,Sweeping,412,4
2019-01,Sweeping,502,1
2019-02,Basket,101,2
2019-02,Basket,102,1
2019-02,Basket,104,3
2019-02,Basket,105,1
2019-02,Basket,106,3
2019-02,Basket,107,6
2019-02,Basket,108,2
2019-02,Basket,109,1
2019-02,Basket,110,9
2019-02,Basket,111,4
2019-02,Basket,112,4
2019-02,Basket,201,4
2019-02,Basket,202,1
2019-02,Basket,203,1
2019-02,Basket,205,3
2019-02,Basket,206,1
2019-02,Basket,207,1
2019-02,Basket,208,9
2019-02,Basket,209,2
2019-02,Basket,210,1
2019-02,Basket,211,1
2019-02,Basket,212,6
2019-02,Basket,301,9
2019-02,Basket,302,7
2019-02,Basket,303,6
2019-02,Basket,304,3
2019-02,Basket,305,7
2019-02,Basket,306,4
2019-02,Basket,307,1
2019-02,Basket,308,1
2019-02,Basket,309,2
2019-02,Basket,310,6
2019-02,Basket,311,23
2019-02,Basket,312,2
2019-02,Basket,313,3
2019-02,Basket,314,1
2019-02,Basket,315,16
2019-02,Basket,316,3
2019-02,Basket,317,3
2019-02,Basket,318,4
2019-02,Basket,401,10
2019-02,Basket,403,9
2019-02,Basket,404,3
2019-02,Basket,405,5
2019-02,Basket,406,2
2019-02,Basket,408,2
2019-02,Basket,409,4
2019-02,Basket,410,2
2019-02,Basket,411,5
2019-02,Basket,412,6
2019-02,Basket,413,3
2019-02,Basket,414,3
2019-02,Basket,501,10
2019-02,Basket,502,1
2019-02,Basket,503,5
2019-02,Collection,101,64
2019-02,Collection,102,184
2019-02,Collection,103,187
2019-02,Collection,104,144
2019-02,Collection,105,61
2019-02,Collection,106,135
2019-02,Collection,107,198
2019-02,Collection,108,220
2019-02,Collection,109,66
2019-02,Collection,110,148
2019-02,Collection,111,63
2019-02,Collection,112,86
2019-02,Collection,201,45
2019-02,Collection,202,36
2019-02,Collection,203,58
2019-02,Collection,204,32
2019-02,Collection,205,23
2019-02,Collection,206,53
2019-02,Collection,207,39
2019-02,Collection,208,61
2019-02,Collection,209,115
2019-02,Collection,210,246
2019-02,Collection,211,120
2019-02,Collection,212,210
2019-02,Collection,301,530
2019-02,Collection,302,264
2019-02,Collection,303,479
2019-02,Collection,304,250
2019-02,Collection,305,255
2019-02,Collection,306,746
2019-02,Collection,307,261
2019-02,Collection,308,280
2019-02,Collection,309,146
2019-02,Collection,310,565
2019-02,Collection,311,297
2019-02,Collection,312,454
2019-02,Collection,313,76
2019-02,Collection,314,244
2019-02,Collection,315,362
2019-02,Collection,316,95
2019-02,Collection,317,197
2019-02,Collection,318,398
2019-02,Collection,401,415
2019-02,Collection,402,140
2019-02,Collection,403,147
2019-02,Collection,404,132
2019-02,Collection,405,786
2019-02,Collection,406,144
2019-02,Collection,407,683
2019-02,Collection,408,318
2019-02,Collection,409,434
2019-02,Collection,410,549
2019-02,Collection,411,476
2019-02,Collection,412,465
2019-02,Collection,413,662
2019-02,Collection,414,278
2019-02,Collection,501,622
2019-02,Collection,502,475
2019-02,Collection,503,655
2019-02,Sweeping,102,1
2019-02,Sweeping,103,1
2019-02,Sweeping,108,2
2019-02,Sweeping,110,1
2019-02,Sweeping,112,1
2019-02,Sweeping,201,1
2019-02,Sweeping,206,1
2019-02,Sweeping,207,1
2019-02,Sweeping,209,4
2019-02,Sweeping,210,1
2019-02,Sweeping,304,1
2019-02,Sweeping,305,2
2019-02,Sweeping,306,1
2019-02,Sweeping,307,2
2019-02,Sweeping,310,1
2019-02,Sweeping,311,1
2019-02,Sweeping,312,6
2019-02,Sweeping,313,1
2019-02,Sweeping,316,1
2019-02,Sweeping,318,2
2019-02,Sweeping,404,1
2019-02,Sweeping,406,1
2019-02,Sweeping,409,1
2019-02,Sweeping,503,1
2019-03,Basket,102,4
2019-03,Basket,103,5
2019-03,Basket,104,2
2019-03,Basket,107,10
2019-03,Basket,108,2
2019-03,Basket,110,4
2019-03,Basket,111,1
2019-03,Basket,112,13
2019-03,Basket,201,3
2019-03,Basket,202,1
2019-03,Basket,203,2
2019-03,Basket,205,5
2019-03,Basket,206,1
2019-03,Basket,207,3
2019-03,Basket,208,2
2019-03,Basket,209,1
2019-03,Basket,210,2
2019-03,Basket,211,3
2019-03,Basket,212,8
2019-03,Basket,301,12
2019-03,Basket,302,5
2019-03,Basket,303,8
2019-03,Basket,304,5
2019-03,Basket,305,2
2019-03,Basket,306,1
2019-03,Basket,307,2
2019-03,Basket,308,4
2019-03,Basket,309,2
2019-03,Basket,310,5
2019-03,Basket,311,22
2019-03,Basket,312,2
2019-03,Basket,314,6
2019-03,Basket,315,9
2019-03,Basket,316,5
2019-03,Basket,317,4
2019-03,Basket,318,4
2019-03,Basket,401,5
2019-03,Basket,402,4
2019-03,Basket,403,11
2019-03,Basket,404,1
2019-03,Basket,405,5
2019-03,Basket,406,2
2019-03,Basket,407,3
2019-03,Basket,408,3
2019-03,Basket,409,1
2019-03,Basket,410,9
2019-03,Basket,411,3
2019-03,Basket,412,5
2019-03,Basket,413,5
2019-03,Basket,501,17
2019-03,Basket,502,5
2019-03,Basket,503,3
2019-03,Collection,101,64
2019-03,Collection,102,245
2019-03,Collection,103,214
2019-03,Collection,104,197
2019-03,Collection,105,97
2019-03,Collection,106,131
2019-03,Collection,107,257
2019-03,Collection,108,259
2019-03,Collection,109,60
2019-03,Collection,110,189
2019-03,Collection,111,66
2019-03,Collection,112,99
2019-03,Collection,201,64
2019-03,Collection,202,37
2019-03,Collection,203,89
2019-03,Collection,204,46
2019-03,Collection,205,32
2019-03,Collection,206,71
2019-03,Collection,207,37
2019-03,Collection,208,52
2019-03,Collection,209,135
2019-03,Collection,210,299
2019-03,Collection,211,140
2019-03,Collection,212,220
2019-03,Collection,226,3
2019-03,Collection,301,597
2019-03,Collection,302,347
2019-03,Collection,303,560
2019-03,Collection,304,292
2019-03,Collection,305,298
2019-03,Collection,306,885
2019-03,Collection,307,319
2019-03,Collection,308,312
2019-03,Collection,309,184
2019-03,Collection,310,653
2019-03,Collection,311,391
2019-03,Collection,312,634
2019-03,Collection,313,75
2019-03,Collection,314,287
2019-03,Collection,315,417
2019-03,Collection,316,112
2019-03,Collection,317,291
2019-03,Collection,318,485
2019-03,Collection,401,530
2019-03,Collection,402,149
2019-03,Collection,403,145
2019-03,Collection,404,199
2019-03,Collection,405,979
2019-03,Collection,406,154
2019-03,Collection,407,740
2019-03,Collection,408,414
2019-03,Collection,409,486
2019-03,Collection,410,684
2019-03,Collection,411,614
2019-03,Collection,412,636
2019-03,Collection,413,826
2019-03,Collection,414,362
2019-03,Collection,501,742
2019-03,Collection,502,603
2019-03,Collection,503,807
2019-03,Sweeping,103,4
2019-03,Sweeping,108,2
2019-03,Sweeping,109,2
2019-03,Sweeping,111,1
2019-03,Sweeping,112,1
2019-03,Sweeping,201,4
2019-03,Sweeping,203,1
2019-03,Sweeping,204,1
2019-03,Sweeping,206,1
2019-03,Sweeping,207,3
2019-03,Sweeping,208,1
2019-03,Sweeping,209,5
2019-03,Sweeping,211,1
2019-03,Sweeping,212,1
2019-03,Sweeping,301,1
2019-03,Sweeping,305,3
2019-03,Sweeping,306,2
2019-03,Sweeping,307,1
2019-03,Sweeping,310,1
2019-03,Sweeping,311,5
2019-03,Sweeping,312,2
2019-03,Sweeping,314,2
2019-03,Sweeping,315,1
2019-03,Sweeping,318,4
2019-03,Sweeping,401,5
2019-03,Sweeping,403,2
2019-03,Sweeping,404,1
2019-03,Sweeping,405,1
2019-03,Sweeping,406,1
2019-03,Sweeping,408,1
2019-03,Sweeping,412,2
2019-03,Sweeping,414,2
2019-03,Sweeping,501,1
2019-04,Basket,102,7
2019-04,Basket,103,3
2019-04,Basket,104,8
2019-04,Basket,105,6
2019-04,Basket,106,2
2019-04,Basket,107,13
2019-04,Basket,108,6
2019-04,Basket,109,1
2019-04,Basket,110,6
2019-04,Basket,111,6
2019-04,Basket,112,6
2019-04,Basket,201,5
2019-04,Basket,202,1
2019-04,Basket,203,7
2019-04,Basket,204,3
2019-04,Basket,206,1
2019-04,Basket,207,6
2019-04,Basket,208,11
2019-04,Basket,209,2
2019-04,Basket,210,4
2019-04,Basket,211,1
2019-04,Basket,212,23
2019-04,Basket,301,4
2019-04,Basket,302,7
2019-04,Basket,303,21
2019-04,Basket,304,7
2019-04,Basket,305,5
2019-04,Basket,306,7
2019-04,Basket,308,14
2019-04,Basket,309,1
2019-04,Basket,310,8
2019-04,Basket,311,21
2019-04,Basket,312,3
2019-04,Basket,314,7
2019-04,Basket,315,7
2019-04,Basket,316,1
2019-04,Basket,317,4
2019-04,Basket,318,3
2019-04,Basket,355,1
2019-04,Basket,401,9
2019-04,Basket,402,6
2019-04,Basket,403,3
2019-04,Basket,404,3
2019-04,Basket,405,6
2019-04,Basket,406,4
2019-04,Basket,407,1
2019-04,Basket,408,3
2019-04,Basket,409,4
2019-04,Basket,410,2
2019-04,Basket,411,1
2019-04,Basket,412,6
2019-04,Basket,413,4
2019-04,Basket,414,3
2019-04,Basket,481,1
2019-04,Basket,501,7
2019-04,Basket,502,5
2019-04,Basket,503,6
2019-04,Collection,101,86
2019-04,Collection,102,260
2019-04,Collection,103,294
2019-04,Collection,104,257
2019-04,Collection,105,91
2019-04,Collection,106,190
2019-04,Collection,107,273
2019-04,Collection,108,295
2019-04,Collection,109,66
2019-04,Collection,110,194
2019-04,Collection,111,71
2019-04,Collection,112,91
2019-04,Collection,201,57
2019-04,Collection,202,33
2019-04,Collection,203,90
2019-04,Collection,204,36
2019-04,Collection,205,23
2019-04,Collection,206,51
2019-04,Collection,207,39
2019-04,Collection,208,50
2019-04,Collection,209,137
2019-04,Collection,210,341
2019-04,Collection,211,134
2019-04,Collection,212,269
2019-04,Collection,226,1
2019-04,Collection,301,664
2019-04,Collection,302,368
2019-04,Collection,303,625
2019-04,Collection,304,325
2019-04,Collection,305,346
2019-04,Collection,306,882
2019-04,Collection,307,318
2019-04,Collection,308,299
2019-04,Collection,309,186
2019-04,Collection,310,761
2019-04,Collection,311,411
2019-04,Collection,312,803
2019-04,Collection,313,76
2019-04,Collection,314,289
2019-04,Collection,315,429
2019-04,Collection,316,136
2019-04,Collection,317,305
2019-04,Collection,318,530
2019-04,Collection,401,550
2019-04,Collection,402,189
2019-04,Collection,403,172
2019-04,Collection,404,162
2019-04,Collection,405,1077
2019-04,Collection,406,156
2019-04,Collection,407,863
2019-04,Collection,408,426
2019-04,Collection,409,604
2019-04,Collection,410,801
2019-04,Collection,411,681
2019-04,Collection,412,652
2019-04,Collection,413,977
2019-04,Collection,414,397
2019-04,Collection,501,763
2019-04,Collection,502,648
2019-04,Collection,503,755
2019-04,Sweeping,103,2
2019-04,Sweeping,107,2
2019-04,Sweeping,108,4
2019-04,Sweeping,109,1
2019-04,Sweeping,111,1
2019-04,Sweeping,112,2
2019-04,Sweeping,164,2
2019-04,Sweeping,202,1
2019-04,Sweeping,206,5
2019-04,Sweeping,210,1
2019-04,Sweeping,211,1
2019-04,Sweeping,305,7
2019-04,Sweeping,306,1
2019-04,Sweeping,307,1
2019-04,Sweeping,310,2
2019-04,Sweeping,311,4
2019-04,Sweeping,312,7
2019-04,Sweeping,315,2
2019-04,Sweeping,318,2
2019-04,Sweeping,355,1
2019-04,Sweeping,403,4
2019-04,Sweeping,404,2
2019-04,Sweeping,406,1
2019-04,Sweeping,411,1
2019-04,Sweeping,412,5
2019-04,Sweeping,501,1
2019-05,Basket,101,4
2019-05,Basket,102,4
2019-05,Basket,103,5
2019-05,Basket,104,4
2019-05,Basket,105,11
2019-05,Basket,106,1
2019-05,Basket,107,11
2019-05,Basket,108,5
2019-05,Basket,109,5
2019-05,Basket,110,8
2019-05,Basket,111,11
2019-05,Basket,112,18
2019-05,Basket,201,6
2019-05,Basket,202,6
2019-05,Basket,203,4
2019-05,Basket,204,3
2019-05,Basket,205,10
2019-05,Basket,206,1
2019-05,Basket,207,38
2019-05,Basket,208,36
2019-05,Basket,209,6
2019-05,Basket,210,6
2019-05,Basket,211,6
2019-05,Basket,212,38
2019-05,Basket,226,1
2019-05,Basket,301,11
2019-05,Basket,302,9
2019-05,Basket,303,20
2019-05,Basket,304,1
2019-05,Basket,305,8
2019-05,Basket,306,8
2019-05,Basket,307,4
2019-05,Basket,308,9
2019-05,Basket,310,5
2019-05,Basket,311,23
2019-05,Basket,312,9
2019-05,Basket,314,2
2019-05,Basket,315,5
2019-05,Basket,316,2
2019-05,Basket,317,3
2019-05,Basket,318,5
2019-05,Basket,355,1
2019-05,Basket,401,10
2019-05,Basket,402,5
2019-05,Basket,403,6
2019-05,Basket,404,1
2019-05,Basket,405,6
2019-05,Basket,407,1
2019-05,Basket,408,3
2019-05,Basket,409,4
2019-05,Basket,411,2
2019-05,Basket,412,7
2019-05,Basket,413,3
2019-05,Basket,414,8
2019-05,Basket,481,1
2019-05,Basket,482,1
2019-05,Basket,501,10
2019-05,Basket,502,7
2019-05,Basket,503,5
2019-05,Collection,101,128
2019-05,Collection,102,326
2019-05,Collection,103,422
2019-05,Collection,104,305
2019-05,Collection,105,126
2019-05,Collection,106,251
2019-05,Collection,107,330
2019-05,Collection,108,365
2019-05,Collection,109,136
2019-05,Collection,110,213
2019-05,Collection,111,103
2019-05,Collection,112,113
2019-05,Collection,201,67
2019-05,Collection,202,36
2019-05,Collection,203,66
2019-05,Collection,204,33
2019-05,Collection,205,40
2019-05,Collection,206,97
2019-05,Collection,207,45
2019-05,Collection,208,91
2019-05,Collection,209,139
2019-05,Collection,210,325
2019-05,Collection,211,154
2019-05,Collection,212,306
2019-05,Collection,226,2
2019-05,Collection,301,673
2019-05,Collection,302,419
2019-05,Collection,303,665
2019-05,Collection,304,372
2019-05,Collection,305,356
2019-05,Collection,306,986
2019-05,Collection,307,368
2019-05,Collection,308,340
2019-05,Collection,309,211
2019-05,Collection,310,736
2019-05,Collection,311,415
2019-05,Collection,312,530
2019-05,Collection,313,84
2019-05,Collection,314,357
2019-05,Collection,315,477
2019-05,Collection,316,159
2019-05,Collection,317,375
2019-05,Collection,318,567
2019-05,Collection,401,627
2019-05,Collection,402,214
2019-05,Collection,403,165
2019-05,Collection,404,188
2019-05,Collection,405,1108
2019-05,Collection,406,174
2019-05,Collection,407,919
2019-05,Collection,408,520
2019-05,Collection,409,614
2019-05,Collection,410,893
2019-05,Collection,411,729
2019-05,Collection,412,733
2019-05,Collection,413,1069
2019-05,Collection,414,365
2019-05,Collection,501,758
2019-05,Collection,502,574
2019-05,Collection,503,857
2019-05,Sweeping,102,2
2019-05,Sweeping,103,1
2019-05,Sweeping,107,1
2019-05,Sweeping,108,3
2019-05,Sweeping,109,1
2019-05,Sweeping,110,1
2019-05,Sweeping,111,3
2019-05,Sweeping,112,3
2019-05,Sweeping,204,3
2019-05,Sweeping,206,1
2019-05,Sweeping,209,5
2019-05,Sweeping,211,2
2019-05,Sweeping,212,1
2019-05,Sweeping,301,1
2019-05,Sweeping,303,2
2019-05,Sweeping,305,7
2019-05,Sweeping,306,1
2019-05,Sweeping,308,1
2019-05,Sweeping,311,4
2019-05,Sweeping,312,8
2019-05,Sweeping,313,2
2019-05,Sweeping,314,1
2019-05,Sweeping,315,1
2019-05,Sweeping,316,4
2019-05,Sweeping,318,4
2019-05,Sweeping,401,3
2019-05,Sweeping,403,3
2019-05,Sweeping,404,1
2019-05,Sweeping,405,2
2019-05,Sweeping,406,1
2019-05,Sweeping,408,1
2019-05,Sweeping,412,2
2019-05,Sweeping,501,1
2019-05,Sweeping,503,1
2019-06,Basket,101,1
2019-06,Basket,102,3
2019-06,Basket,103,10
2019-06,Basket,104,1
2019-06,Basket,105,7
2019-06,Basket,106,6
2019-06,Basket,107,18
2019-06,Basket,108,7
2019-06,Basket,109,2
2019-06,Basket,110,6
2019-06,Basket,111,5
2019-06,Basket,112,9
2019-06,Basket,201,7
2019-06,Basket,203,5
2019-06,Basket,206,2
2019-06,Basket,207,7
2019-06,Basket,208,5
2019-06,Basket,209,4
2019-06,Basket,210,2
2019-06,Basket,211,1
2019-06,Basket,212,11
2019-06,Basket,301,25
2019-06,Basket,302,9
2019-06,Basket,303,15
2019-06,Basket,304,6
2019-06,Basket,305,4
2019-06,Basket,306,9
2019-06,Basket,307,7
2019-06,Basket,308,12
2019-06,Basket,309,2
2019-06,Basket,310,7
2019-06,Basket,311,46
2019-06,Basket,312,6
2019-06,Basket,313,30
2019-06,Basket,314,14
2019-06,Basket,315,10
2019-06,Basket,316,1
2019-06,Basket,317,3
2019-06,Basket,318,10
2019-06,Basket,355,1
2019-06,Basket,401,10
2019-06,Basket,402,5
2019-06,Basket,403,9
2019-06,Basket,404,1
2019-06,Basket,405,10
2019-06,Basket,406,1
2019-06,Basket,407,10
2019-06,Basket,408,2
2019-06,Basket,409,8
2019-06,Basket,410,5
2019-06,Basket,411,6
2019-06,Basket,412,8
2019-06,Basket,413,4
2019-06,Basket,414,2
2019-06,Basket,501,8
2019-06,Basket,502,1
2019-06,Basket,503,2
2019-06,Collection,101,122
2019-06,Collection,102,354
2019-06,Collection,103,376
2019-06,Collection,104,283
2019-06,Collection,105,127
2019-06,Collection,106,273
2019-06,Collection,107,376
2019-06,Collection,108,441
2019-06,Collection,109,110
2019-06,Collection,110,219
2019-06,Collection,111,106
2019-06,Collection,112,128
2019-06,Collection,201,83
2019-06,Collection,202,39
2019-06,Collection,203,91
2019-06,Collection,204,39
2019-06,Collection,205,38
2019-06,Collection,206,76
2019-06,Collection,207,53
2019-06,Collection,208,100
2019-06,Collection,209,141
2019-06,Collection,210,345
2019-06,Collection,211,173
2019-06,Collection,212,310
2019-06,Collection,301,676
2019-06,Collection,302,423
2019-06,Collection,303,707
2019-06,Collection,304,370
2019-06,Collection,305,412
2019-06,Collection,306,1032
2019-06,Collection,307,371
2019-06,Collection,308,379
2019-06,Collection,309,199
2019-06,Collection,310,866
2019-06,Collection,311,450
2019-06,Collection,312,695
2019-06,Collection,313,119
2019-06,Collection,314,300
2019-06,Collection,315,500
2019-06,Collection,316,150
2019-06,Collection,317,363
2019-06,Collection,318,663
2019-06,Collection,401,636
2019-06,Collection,402,207
2019-06,Collection,403,161
2019-06,Collection,404,170
2019-06,Collection,405,1076
2019-06,Collection,406,212
2019-06,Collection,407,1001
2019-06,Collection,408,530
2019-06,Collection,409,664
2019-06,Collection,410,824
2019-06,Collection,411,691
2019-06,Collection,412,660
2019-06,Collection,413,1103
2019-06,Collection,414,389
2019-06,Collection,501,946
2019-06,Collection,502,706
2019-06,Collection,503,1018
2019-06,Sweeping,101,1
2019-06,Sweeping,103,1
2019-06,Sweeping,109,1
2019-06,Sweeping,110,4
2019-06,Sweeping,112,2
2019-06,Sweeping,201,2
2019-06,Sweeping,204,2
2019-06,Sweeping,206,1
2019-06,Sweeping,209,5
2019-06,Sweeping,211,3
2019-06,Sweeping,212,2
2019-06,Sweeping,301,2
2019-06,Sweeping,303,1
2019-06,Sweeping,305,4
2019-06,Sweeping,306,3
2019-06,Sweeping,307,2
2019-06,Sweeping,308,1
2019-06,Sweeping,310,3
2019-06,Sweeping,311,1
2019-06,Sweeping,312,6
2019-06,Sweeping,313,1
2019-06,Sweeping,314,4
2019-06,Sweeping,315,1
2019-06,Sweeping,317,3
2019-06,Sweeping,318,6
2019-06,Sweeping,355,1
2019-06,Sweeping,401,3
2019-06,Sweeping,403,3
2019-06,Sweeping,404,2
2019-06,Sweeping,406,1
2019-06,Sweeping,407,5
2019-06,Sweeping,408,1
2019-06,Sweeping,501,1
2019-06,Sweeping,502,1
2019-07,Basket,101,2
2019-07,Basket,102,11
2019-07,Basket,103,6
2019-07,Basket,104,5
2019-07,Basket,105,7
2019-07,Basket,106,4
2019-07,Basket,107,19
2019-07,Basket,108,7
2019-07,Basket,109,3
2019-07,Basket,110,8
2019-07,Basket,111,4
2019-07,Basket,112,7
2019-07,Basket,164,1
2019-07,Basket,201,17
2019-07,Basket,202,1
2019-07,Basket,203,2
2019-07,Basket,204,1
2019-07,Basket,205,8
2019-07,Basket,206,1
2019-07,Basket,207,5
2019-07,Basket,208,7
2019-07,Basket,209,7
2019-07,Basket,210,2
2019-07,Basket,211,3
2019-07,Basket,212,16
2019-07,Basket,301,4
2019-07,Basket,302,4
2019-07,Basket,303,16
2019-07,Basket,304,4
2019-07,Basket,305,4
2019-07,Basket,306,13
2019-07,Basket,307,4
2019-07,Basket,308,5
2019-07,Basket,309,4
2019-07,Basket,310,10
2019-07,Basket,311,39
2019-07,Basket,312,10
2019-07,Basket,313,1
2019-07,Basket,314,4
2019-07,Basket,315,7
2019-07,Basket,317,4
2019-07,Basket,318,13
2019-07,Basket,401,20
2019-07,Basket,402,31
2019-07,Basket,403,6
2019-07,Basket,404,2
2019-07,Basket,405,2
2019-07,Basket,406,10
2019-07,Basket,407,58
2019-07,Basket,408,3
2019-07,Basket,409,3
2019-07,Basket,410,2
2019-07,Basket,411,9
2019-07,Basket,412,18
2019-07,Basket,413,14
2019-07,Basket,414,1
2019-07,Basket,501,9
2019-07,Basket,502,1
2019-07,Basket,503,11
2019-07,Collection,101,108
2019-07,Collection,102,393
2019-07,Collection,103,496
2019-07,Collection,104,334
2019-07,Collection,105,121
2019-07,Collection,106,311
2019-07,Collection,107,443
2019-07,Collection,108,453
2019-07,Collection,109,125
2019-07,Collection,110,242
2019-07,Collection,111,137
2019-07,Collection,112,148
2019-07,Collection,201,90
2019-07,Collection,202,32
2019-07,Collection,203,79
2019-07,Collection,204,44
2019-07,Collection,205,27
2019-07,Collection,206,83
2019-07,Collection,207,41
2019-07,Collection,208,89
2019-07,Collection,209,135
2019-07,Collection,210,408
2019-07,Collection,211,159
2019-07,Collection,212,326
2019-07,Collection,301,801
2019-07,Collection,302,438
2019-07,Collection,303,882
2019-07,Collection,304,450
2019-07,Collection,305,445
2019-07,Collection,306,1007
2019-07,Collection,307,417
2019-07,Collection,308,475
2019-07,Collection,309,211
2019-07,Collection,310,874
2019-07,Collection,311,501
2019-07,Collection,312,617
2019-07,Collection,313,105
2019-07,Collection,314,357
2019-07,Collection,315,559
2019-07,Collection,316,168
2019-07,Collection,317,420
2019-07,Collection,318,705
2019-07,Collection,401,660
2019-07,Collection,402,212
2019-07,Collection,403,180
2019-07,Collection,404,199
2019-07,Collection,405,1209
2019-07,Collection,406,214
2019-07,Collection,407,1044
2019-07,Collection,408,568
2019-07,Collection,409,709
2019-07,Collection,410,906
2019-07,Collection,411,820
2019-07,Collection,412,830
2019-07,Collection,413,1179
2019-07,Collection,414,438
2019-07,Collection,501,906
2019-07,Collection,502,658
2019-07,Collection,503,849
2019-07,Sweeping,101,1
2019-07,Sweeping,102,3
2019-07,Sweeping,103,2
2019-07,Sweeping,104,1
2019-07,Sweeping,107,4
2019-07,Sweeping,108,4
2019-07,Sweeping,110,6
2019-07,Sweeping,112,1
2019-07,Sweeping,201,1
2019-07,Sweeping,202,3
2019-07,Sweeping,204,1
2019-07,Sweeping,205,4
2019-07,Sweeping,206,2
2019-07,Sweeping,207,1
2019-07,Sweeping,208,2
2019-07,Sweeping,209,6
2019-07,Sweeping,210,2
2019-07,Sweeping,211,2
2019-07,Sweeping,212,13
2019-07,Sweeping,301,2
2019-07,Sweeping,303,5
2019-07,Sweeping,305,10
2019-07,Sweeping,306,2
2019-07,Sweeping,309,2
2019-07,Sweeping,310,5
2019-07,Sweeping,311,2
2019-07,Sweeping,312,11
2019-07,Sweeping,313,2
2019-07,Sweeping,314,6
2019-07,Sweeping,315,1
2019-07,Sweeping,316,1
2019-07,Sweeping,317,4
2019-07,Sweeping,318,27
2019-07,Sweeping,401,5
2019-07,Sweeping,402,2
2019-07,Sweeping,403,5
2019-07,Sweeping,404,2
2019-07,Sweeping,405,2
2019-07,Sweeping,406,2
2019-07,Sweeping,407,3
2019-07,Sweeping,408,2
2019-07,Sweeping,409,1
2019-07,Sweeping,412,10
2019-07,Sweeping,414,2
2019-08,Basket,101,1
2019-08,Basket,102,1
2019-08,Basket,103,2
2019-08,Basket,104,3
2019-08,Basket,105,3
2019-08,Basket,106,4
2019-08,Basket,107,4
2019-08,Basket,108,1
2019-08,Basket,109,5
2019-08,Basket,110,8
2019-08,Basket,111,7
2019-08,Basket,112,7
2019-08,Basket,164,1
2019-08,Basket,201,5
2019-08,Basket,202,1
2019-08,Basket,203,3
2019-08,Basket,204,3
2019-08,Basket,205,1
2019-08,Basket,207,6
2019-08,Basket,208,2
2019-08,Basket,209,2
2019-08,Basket,210,6
2019-08,Basket,212,15
2019-08,Basket,301,9
2019-08,Basket,302,1
2019-08,Basket,303,8
2019-08,Basket,304,3
2019-08,Basket,305,4
2019-08,Basket,306,7
2019-08,Basket,307,5
2019-08,Basket,308,5
2019-08,Basket,309,4
2019-08,Basket,310,4
2019-08,Basket,311,25
2019-08,Basket,312,1
2019-08,Basket,313,1
2019-08,Basket,314,3
2019-08,Basket,315,13
2019-08,Basket,316,2
2019-08,Basket,317,3
2019-08,Basket,318,9
2019-08,Basket,401,25
2019-08,Basket,402,28
2019-08,Basket,403,15
2019-08,Basket,404,7
2019-08,Basket,405,10
2019-08,Basket,406,3
2019-08,Basket,407,4
2019-08,Basket,408,3
2019-08,Basket,409,3
2019-08,Basket,410,2
2019-08,Basket,411,5
2019-08,Basket,412,19
2019-08,Basket,413,5
2019-08,Basket,414,1
2019-08,Basket,501,14
2019-08,Basket,502,3
2019-08,Collection,101,108
2019-08,Collection,102,323
2019-08,Collection,103,446
2019-08,Collection,104,342
2019-08,Collection,105,129
2019-08,Collection,106,283
2019-08,Collection,107,375
2019-08,Collection,108,440
2019-08,Collection,109,152
2019-08,Collection,110,227
2019-08,Collection,111,129
2019-08,Collection,112,175
2019-08,Collection,201,58
2019-08,Collection,202,31
2019-08,Collection,203,91
2019-08,Collection,204,27
2019-08,Collection,205,45
2019-08,Collection,206,86
2019-08,Collection,207,53
2019-08,Collection,208,87
2019-08,Collection,209,127
2019-08,Collection,210,377
2019-08,Collection,211,175
2019-08,Collection,212,358
2019-08,Collection,301,830
2019-08,Collection,302,403
2019-08,Collection,303,852
2019-08,Collection,304,457
2019-08,Collection,305,416
2019-08,Collection,306,1007
2019-08,Collection,307,435
2019-08,Collection,308,410
2019-08,Collection,309,279
2019-08,Collection,310,788
2019-08,Collection,311,504
2019-08,Collection,312,673
2019-08,Collection,313,117
2019-08,Collection,314,335
2019-08,Collection,315,476
2019-08,Collection,316,193
2019-08,Collection,317,417
2019-08,Collection,318,649
2019-08,Collection,401,649
2019-08,Collection,402,181
2019-08,Collection,403,205
2019-08,Collection,404,184
2019-08,Collection,405,1083
2019-08,Collection,406,259
2019-08,Collection,407,947
2019-08,Collection,408,541
2019-08,Collection,409,681
2019-08,Collection,410,793
2019-08,Collection,411,791
2019-08,Collection,412,789
2019-08,Collection,413,1212
2019-08,Collection,414,427
2019-08,Collection,501,909
2019-08,Collection,502,567
2019-08,Collection,503,813
2019-08,Sweeping,104,2
2019-08,Sweeping,105,2
2019-08,Sweeping,107,1
2019-08,Sweeping,108,4
2019-08,Sweeping,109,1
2019-08,Sweeping,110,5
2019-08,Sweeping,111,1
2019-08,Sweeping,112,1
2019-08,Sweeping,201,3
2019-08,Sweeping,202,1
2019-08,Sweeping,203,1
2019-08,Sweeping,204,2
2019-08,Sweeping,207,1
2019-08,Sweeping,209,7
2019-08,Sweeping,211,2
2019-08,Sweeping,212,5
2019-08,Sweeping,301,2
2019-08,Sweeping,303,1
2019-08,Sweeping,305,12
2019-08,Sweeping,306,1
2019-08,Sweeping,307,2
2019-08,Sweeping,310,6
2019-08,Sweeping,311,5
2019-08,Sweeping,312,4
2019-08,Sweeping,313,2
2019-08,Sweeping,314,1
2019-08,Sweeping,315,3
2019-08,Sweeping,316,1
2019-08,Sweeping,317,5
2019-08,Sweeping,318,18
2019-08,Sweeping,401,1
2019-08,Sweeping,402,2
2019-08,Sweeping,403,3
2019-08,Sweeping,404,1
2019-08,Sweeping,405,1
2019-08,Sweeping,407,1
2019-08,Sweeping,408,1
2019-08,Sweeping,409,1
2019-08,Sweeping,411,1
2019-08,Sweeping,412,2
2019-08,Sweeping,414,6
2019-08,Sweeping,503,1
2019-09,Basket,101,3
2019-09,Basket,102,8
2019-09,Basket,103,2
2019-09,Basket,104,4
2019-09,Basket,105,6
2019-09,Basket,106,6
2019-09,Basket,107,9
2019-09,Basket,108,1
2019-09,Basket,109,2
2019-09,Basket,110,3
2019-09,Basket,111,5
2019-09,Basket,112,12
2019-09,Basket,201,4
2019-09,Basket,202,2
2019-09,Basket,203,2
2019-09,Basket,204,1
2019-09,Basket,205,2
2019-09,Basket,206,1
2019-09,Basket,207,1
2019-09,Basket,208,5
2019-09,Basket,209,4
2019-09,Basket,210,3
2019-09,Basket,211,5
2019-09,Basket,212,10
2019-09,Basket,301,10
2019-09,Basket,302,4
2019-09,Basket,303,8
2019-09,Basket,304,3
2019-09,Basket,305,6
2019-09,Basket,306,12
2019-09,Basket,307,3
2019-09,Basket,308,3
2019-09,Basket,309,2
2019-09,Basket,310,4
2019-09,Basket,311,20
2019-09,Basket,312,9
2019-09,Basket,313,2
2019-09,Basket,314,6
2019-09,Basket,315,25
2019-09,Basket,316,6
2019-09,Basket,317,2
2019-09,Basket,318,6
2019-09,Basket,401,9
2019-09,Basket,402,2
2019-09,Basket,403,5
2019-09,Basket,404,3
2019-09,Basket,405,5
2019-09,Basket,406,2
2019-09,Basket,407,6
2019-09,Basket,408,6
2019-09,Basket,409,2
2019-09,Basket,410,3
2019-09,Basket,411,4
2019-09,Basket,412,12
2019-09,Basket,413,5
2019-09,Basket,414,4
2019-09,Basket,501,21
2019-09,Basket,502,4
2019-09,Basket,503,10
2019-09,Collection,101,101
2019-09,Collection,102,272
2019-09,Collection,103,318
2019-09,Collection,104,244
2019-09,Collection,105,106
2019-09,Collection,106,238
2019-09,Collection,107,305
2019-09,Collection,108,354
2019-09,Collection,109,82
2019-09,Collection,110,198
2019-09,Collection,111,100
2019-09,Collection,112,130
2019-09,Collection,201,70
2019-09,Collection,202,44
2019-09,Collection,203,73
2019-09,Collection,204,36
2019-09,Collection,205,27
2019-09,Collection,206,72
2019-09,Collection,207,39
2019-09,Collection,208,65
2019-09,Collection,209,111
2019-09,Collection,210,296
2019-09,Collection,211,154
2019-09,Collection,212,284
2019-09,Collection,301,709
2019-09,Collection,302,396
2019-09,Collection,303,665
2019-09,Collection,304,381
2019-09,Collection,305,431
2019-09,Collection,306,963
2019-09,Collection,307,371
2019-09,Collection,308,358
2019-09,Collection,309,233
2019-09,Collection,310,831
2019-09,Collection,311,468
2019-09,Collection,312,823
2019-09,Collection,313,99
2019-09,Collection,314,318
2019-09,Collection,315,606
2019-09,Collection,316,164
2019-09,Collection,317,324
2019-09,Collection,318,637
2019-09,Collection,401,604
2019-09,Collection,402,176
2019-09,Collection,403,162
2019-09,Collection,404,160
2019-09,Collection,405,1084
2019-09,Collection,406,197
2019-09,Collection,407,895
2019-09,Collection,408,467
2019-09,Collection,409,610
2019-09,Collection,410,788
2019-09,Collection,411,677
2019-09,Collection,412,675
2019-09,Collection,413,952
2019-09,Collection,414,385
2019-09,Collection,501,738
2019-09,Collection,502,514
2019-09,Collection,503,832
2019-09,Sweeping,102,3
2019-09,Sweeping,103,2
2019-09,Sweeping,107,1
2019-09,Sweeping,108,2
2019-09,Sweeping,109,4
2019-09,Sweeping,110,9
2019-09,Sweeping,111,1
2019-09,Sweeping,201,2
2019-09,Sweeping,204,1
2019-09,Sweeping,205,2
2019-09,Sweeping,207,1
2019-09,Sweeping,208,2
2019-09,Sweeping,209,3
2019-09,Sweeping,212,6
2019-09,Sweeping,302,1
2019-09,Sweeping,305,6
2019-09,Sweeping,306,1
2019-09,Sweeping,307,1
2019-09,Sweeping,310,2
2019-09,Sweeping,311,7
2019-09,Sweeping,312,14
2019-09,Sweeping,313,3
2019-09,Sweeping,314,2
2019-09,Sweeping,315,5
2019-09,Sweeping,317,3
2019-09,Sweeping,318,22
2019-09,Sweeping,401,11
2019-09,Sweeping,402,4
2019-09,Sweeping,403,8
2019-09,Sweeping,404,1
2019-09,Sweeping,405,8
2019-09,Sweeping,406,2
2019-09,Sweeping,408,4
2019-09,Sweeping,412,3
2019-09,Sweeping,414,1
2019-10,Basket,101,2
2019-10,Basket,102,9
2019-10,Basket,103,6
2019-10,Basket,104,1
2019-10,Basket,105,7
2019-10,Basket,106,3
2019-10,Basket,107,6
2019-10,Basket,108,1
2019-10,Basket,109,1
2019-10,Basket,110,3
2019-10,Basket,111,3
2019-10,Basket,112,12
2019-10,Basket,201,6
2019-10,Basket,202,1
2019-10,Basket,204,5
2019-10,Basket,207,7
2019-10,Basket,208,1
2019-10,Basket,209,2
2019-10,Basket,210,2
2019-10,Basket,211,2
2019-10,Basket,212,8
2019-10,Basket,301,7
2019-10,Basket,302,4
2019-10,Basket,303,2
2019-10,Basket,304,3
2019-10,Basket,305,4
2019-10,Basket,306,11
2019-10,Basket,307,3
2019-10,Basket,308,7
2019-10,Basket,309,2
2019-10,Basket,311,18
2019-10,Basket,312,2
2019-10,Basket,314,5
2019-10,Basket,315,11
2019-10,Basket,316,4
2019-10,Basket,317,1
2019-10,Basket,318,6
2019-10,Basket,401,15
2019-10,Basket,403,1
2019-10,Basket,404,2
2019-10,Basket,407,3
2019-10,Basket,410,2
2019-10,Basket,411,2
2019-10,Basket,412,12
2019-10,Basket,413,4
2019-10,Basket,414,6
2019-10,Basket,501,16
2019-10,Basket,502,1
2019-10,Basket,503,5
2019-10,Collection,101,84
2019-10,Collection,102,262
2019-10,Collection,103,296
2019-10,Collection,104,240
2019-10,Collection,105,102
2019-10,Collection,106,179
2019-10,Collection,107,303
2019-10,Collection,108,336
2019-10,Collection,109,93
2019-10,Collection,110,175
2019-10,Collection,111,78
2019-10,Collection,112,150
2019-10,Collection,201,77
2019-10,Collection,202,38
2019-10,Collection,203,65
2019-10,Collection,204,27
2019-10,Collection,205,23
2019-10,Collection,206,78
2019-10,Collection,207,50
2019-10,Collection,208,95
2019-10,Collection,209,145
2019-10,Collection,210,326
2019-10,Collection,211,179
2019-10,Collection,212,296
2019-10,Collection,301,678
2019-10,Collection,302,383
2019-10,Collection,303,675
2019-10,Collection,304,360
2019-10,Collection,305,333
2019-10,Collection,306,859
2019-10,Collection,307,354
2019-10,Collection,308,319
2019-10,Collection,309,171
2019-10,Collection,310,756
2019-10,Collection,311,463
2019-10,Collection,312,729
2019-10,Collection,313,109
2019-10,Collection,314,345
2019-10,Collection,315,486
2019-10,Collection,316,171
2019-10,Collection,317,376
2019-10,Collection,318,605
2019-10,Collection,401,575
2019-10,Collection,402,167
2019-10,Collection,403,183
2019-10,Collection,404,168
2019-10,Collection,405,1078
2019-10,Collection,406,152
2019-10,Collection,407,885
2019-10,Collection,408,446
2019-10,Collection,409,590
2019-10,Collection,410,779
2019-10,Collection,411,692
2019-10,Collection,412,668
2019-10,Collection,413,1006
2019-10,Collection,414,386
2019-10,Collection,501,748
2019-10,Collection,502,569
2019-10,Collection,503,888
2019-10,Sweeping,101,1
2019-10,Sweeping,108,3
2019-10,Sweeping,109,3
2019-10,Sweeping,110,3
2019-10,Sweeping,203,2
2019-10,Sweeping,206,1
2019-10,Sweeping,207,3
2019-10,Sweeping,209,1
2019-10,Sweeping,211,4
2019-10,Sweeping,212,9
2019-10,Sweeping,301,2
2019-10,Sweeping,303,6
2019-10,Sweeping,304,1
2019-10,Sweeping,305,2
2019-10,Sweeping,306,1
2019-10,Sweeping,307,1
2019-10,Sweeping,310,1
2019-10,Sweeping,311,2
2019-10,Sweeping,312,3
2019-10,Sweeping,314,4
2019-10,Sweeping,315,1
2019-10,Sweeping,316,1
2019-10,Sweeping,317,6
2019-10,Sweeping,318,10
2019-10,Sweeping,401,16
2019-10,Sweeping,403,8
2019-10,Sweeping,404,3
2019-10,Sweeping,405,6
2019-10,Sweeping,406,7
2019-10,Sweeping,408,2
2019-10,Sweeping,409,1
2019-10,Sweeping,412,2
2019-10,Sweeping,414,3
2019-11,Basket,102,4
2019-11,Basket,103,3
2019-11,Basket,104,3
2019-11,Basket,105,3
2019-11,Basket,106,7
2019-11,Basket,107,2
2019-11,Basket,108,2
2019-11,Basket,109,2
2019-11,Basket,110,10
2019-11,Basket,111,4
2019-11,Basket,112,4
2019-11,Basket,201,3
2019-11,Basket,202,2
2019-11,Basket,203,1
2019-11,Basket,205,1
2019-11,Basket,206,2
2019-11,Basket,208,6
2019-11,Basket,209,2
2019-11,Basket,210,2
2019-11,Basket,211,4
2019-11,Basket,212,8
2019-11,Basket,301,12
2019-11,Basket,302,6
2019-11,Basket,303,4
2019-11,Basket,304,1
2019-11,Basket,306,4
2019-11,Basket,307,7
2019-11,Basket,308,5
2019-11,Basket,309,3
2019-11,Basket,310,4
2019-11,Basket,311,17
2019-11,Basket,312,8
2019-11,Basket,314,8
2019-11,Basket,315,8
2019-11,Basket,316,2
2019-11,Basket,317,1
2019-11,Basket,318,3
2019-11,Basket,355,2
2019-11,Basket,401,5
2019-11,Basket,405,3
2019-11,Basket,406,2
2019-11,Basket,407,7
2019-11,Basket,410,1
2019-11,Basket,412,4
2019-11,Basket,413,2
2019-11,Basket,501,14
2019-11,Basket,502,9
2019-11,Basket,503,4
2019-11,Collection,101,77
2019-11,Collection,102,200
2019-11,Collection,103,226
2019-11,Collection,104,184
2019-11,Collection,105,74
2019-11,Collection,106,143
2019-11,Collection,107,290
2019-11,Collection,108,242
2019-11,Collection,109,64
2019-11,Collection,110,128
2019-11,Collection,111,69
2019-11,Collection,112,88
2019-11,Collection,201,70
2019-11,Collection,202,33
2019-11,Collection,203,70
2019-11,Collection,204,43
2019-11,Collection,205,33
2019-11,Collection,206,66
2019-11,Collection,207,40
2019-11,Collection,208,99
2019-11,Collection,209,132
2019-11,Collection,210,359
2019-11,Collection,211,154
2019-11,Collection,212,305
2019-11,Collection,301,554
2019-11,Collection,302,294
2019-11,Collection,303,615
2019-11,Collection,304,309
2019-11,Collection,305,328
2019-11,Collection,306,729
2019-11,Collection,307,312
2019-11,Collection,308,296
2019-11,Collection,309,168
2019-11,Collection,310,706
2019-11,Collection,311,418
2019-11,Collection,312,708
2019-11,Collection,313,77
2019-11,Collection,314,400
2019-11,Collection,315,470
2019-11,Collection,316,158
2019-11,Collection,317,321
2019-11,Collection,318,697
2019-11,Collection,401,511
2019-11,Collection,402,155
2019-11,Collection,403,192
2019-11,Collection,404,161
2019-11,Collection,405,1030
2019-11,Collection,406,186
2019-11,Collection,407,769
2019-11,Collection,408,429
2019-11,Collection,409,577
2019-11,Collection,410,723
2019-11,Collection,411,674
2019-11,Collection,412,680
2019-11,Collection,413,892
2019-11,Collection,414,378
2019-11,Collection,501,841
2019-11,Collection,502,664
2019-11,Collection,503,1116
2019-11,Sweeping,104,3
2019-11,Sweeping,107,5
2019-11,Sweeping,108,6
2019-11,Sweeping,109,1
2019-11,Sweeping,112,1
2019-11,Sweeping,201,3
2019-11,Sweeping,203,3
2019-11,Sweeping,207,4
2019-11,Sweeping,209,9
2019-11,Sweeping,211,3
2019-11,Sweeping,212,8
2019-11,Sweeping,301,2
2019-11,Sweeping,303,2
2019-11,Sweeping,305,7
2019-11,Sweeping,306,7
2019-11,Sweeping,307,2
2019-11,Sweeping,310,2
2019-11,Sweeping,311,3
2019-11,Sweeping,312,14
2019-11,Sweeping,313,2
2019-11,Sweeping,314,3
2019-11,Sweeping,315,2
2019-11,Sweeping,316,2
2019-11,Sweeping,317,1
2019-11,Sweeping,318,9
2019-11,Sweeping,401,19
2019-11,Sweeping,402,1
2019-11,Sweeping,403,7
2019-11,Sweeping,404,2
2019-11,Sweeping,405,6
2019-11,Sweeping,406,5
2019-11,Sweeping,408,5
2019-11,Sweeping,409,1
2019-11,Sweeping,412,2
2019-12,Basket,102,5
2019-12,Basket,103,5
2019-12,Basket,104,1
2019-12,Basket,105,9
2019-12,Basket,106,2
2019-12,Basket,107,7
2019-12,Basket,108,4
2019-12,Basket,109,3
2019-12,Basket,110,6
2019-12,Basket,111,5
2019-12,Basket,112,1
2019-12,Basket,202,1
2019-12,Basket,203,2
2019-12,Basket,204,1
2019-12,Basket,206,1
2019-12,Basket,207,1
2019-12,Basket,208,3
2019-12,Basket,209,1
2019-12,Basket,212,4
2019-12,Basket,301,7
2019-12,Basket,302,5
2019-12,Basket,303,2
2019-12,Basket,304,2
2019-12,Basket,305,4
2019-12,Basket,307,2
2019-12,Basket,308,4
2019-12,Basket,310,3
2019-12,Basket,311,36
2019-12,Basket,312,6
2019-12,Basket,314,2
2019-12,Basket,315,3
2019-12,Basket,316,4
2019-12,Basket,317,1
2019-12,Basket,318,9
2019-12,Basket,401,1
2019-12,Basket,402,1
2019-12,Basket,404,2
2019-12,Basket,406,2
2019-12,Basket,409,2
2019-12,Basket,410,2
2019-12,Basket,411,1
2019-12,Basket,412,3
2019-12,Basket,413,2
2019-12,Basket,414,3
2019-12,Basket,501,12
2019-12,Basket,502,2
2019-12,Basket,503,2
2019-12,Collection,101,54
2019-12,Collection,102,181
2019-12,Collection,103,233
2019-12,Collection,104,184
2019-12,Collection,105,52
2019-12,Collection,106,133
2019-12,Collection,107,294
2019-12,Collection,108,252
2019-12,Collection,109,79
2019-12,Collection,110,139
2019-12,Collection,111,79
2019-12,Collection,112,93
2019-12,Collection,201,55
2019-12,Collection,202,33
2019-12,Collection,203,60
2019-12,Collection,204,44
2019-12,Collection,205,48
2019-12,Collection,206,64
2019-12,Collection,207,47
2019-12,Collection,208,64
2019-12,Collection,209,176
2019-12,Collection,210,299
2019-12,Collection,211,158
2019-12,Collection,212,277
2019-12,Collection,301,583
2019-12,Collection,302,290
2019-12,Collection,303,607
2019-12,Collection,304,302
2019-12,Collection,305,339
2019-12,Collection,306,746
2019-12,Collection,307,285
2019-12,Collection,308,290
2019-12,Collection,309,153
2019-12,Collection,310,682
2019-12,Collection,311,436
2019-12,Collection,312,601
2019-12,Collection,313,90
2019-12,Collection,314,328
2019-12,Collection,315,433
2019-12,Collection,316,136
2019-12,Collection,317,294
2019-12,Collection,318,626
2019-12,Collection,401,527
2019-12,Collection,402,129
2019-12,Collection,403,163
2019-12,Collection,404,156
2019-12,Collection,405,988
2019-12,Collection,406,154
2019-12,Collection,407,687
2019-12,Collection,408,408
2019-12,Collection,409,527
2019-12,Collection,410,685
2019-12,Collection,411,565
2019-12,Collection,412,667
2019-12,Collection,413,837
2019-12,Collection,414,356
2019-12,Collection,501,725
2019-12,Collection,502,518
2019-12,Collection,503,706
2019-12,Sweeping,101,1
2019-12,Sweeping,102,1
2019-12,Sweeping,107,6
2019-12,Sweeping,108,2
2019-12,Sweeping,109,4
2019-12,Sweeping,110,1
2019-12,Sweeping,112,3
2019-12,Sweeping,204,3
2019-12,Sweeping,209,2
2019-12,Sweeping,210,1
2019-12,Sweeping,211,2
2019-12,Sweeping,212,1
2019-12,Sweeping,303,4
2019-12,Sweeping,305,5
2019-12,Sweeping,306,3
2019-12,Sweeping,308,1
2019-12,Sweeping,312,2
2019-12,Sweeping,314,4
2019-12,Sweeping,317,1
2019-12,Sweeping,318,3
2019-12,Sweeping,401,5
2019-12,Sweeping,402,1
2019-12,Sweeping,403,1
2019-12,Sweeping,404,1
2019-12,Sweeping,406,1
2019-12,Sweeping,408,7
2019-12,Sweeping,409,1
2019-12,Sweeping,412,2
2019-12,Sweeping,414,2
2020-01,Basket,101,1
2020-01,Basket,102,3
2020-01,Basket,103,3
2020-01,Basket,104,1
2020-01,Basket,105,4
2020-01,Basket,107,5
2020-01,Basket,108,3
2020-01,Basket,109,1
2020-01,Basket,110,2
2020-01,Basket,111,6
2020-01,Basket,112,1
2020-01,Basket,164,1
2020-01,Basket,201,3
2020-01,Basket,202,3
2020-01,Basket,203,2
2020-01,Basket,204,1
2020-01,Basket,205,1
2020-01,Basket,206,3
2020-01,Basket,208,3
2020-01,Basket,209,1
2020-01,Basket,210,1
2020-01,Basket,211,2
2020-01,Basket,212,3
2020-01,Basket,301,3
2020-01,Basket,302,5
2020-01,Basket,303,10
2020-01,Basket,304,1
2020-01,Basket,305,6
2020-01,Basket,306,4
2020-01,Basket,307,4
2020-01,Basket,308,1
2020-01,Basket,309,2
2020-01,Basket,310,2
2020-01,Basket,311,14
2020-01,Basket,312,2
2020-01,Basket,314,5
2020-01,Basket,315,4
2020-01,Basket,316,3
2020-01,Basket,317,1
2020-01,Basket,318,6
2020-01,Basket,401,2
2020-01,Basket,402,2
2020-01,Basket,403,1
2020-01,Basket,405,4
2020-01,Basket,406,2
2020-01,Basket,408,2
2020-01,Basket,409,2
2020-01,Basket,410,2
2020-01,Basket,411,3
2020-01,Basket,412,4
2020-01,Basket,413,3
2020-01,Basket,414,2
2020-01,Basket,501,12
2020-01,Basket,502,2
2020-01,Basket,503,3
2020-01,Collection,101,72
2020-01,Collection,102,267
2020-01,Collection,103,277
2020-01,Collection,104,215
2020-01,Collection,105,83
2020-01,Collection,106,172
2020-01,Collection,107,352
2020-01,Collection,108,278
2020-01,Collection,109,73
2020-01,Collection,110,142
2020-01,Collection,111,85
2020-01,Collection,112,119
2020-01,Collection,201,60
2020-01,Collection,202,39
2020-01,Collection,203,97
2020-01,Collection,204,53
2020-01,Collection,205,71
2020-01,Collection,206,85
2020-01,Collection,207,56
2020-01,Collection,208,99
2020-01,Collection,209,149
2020-01,Collection,210,321
2020-01,Collection,211,176
2020-01,Collection,212,323
2020-01,Collection,301,645
2020-01,Collection,302,329
2020-01,Collection,303,673
2020-01,Collection,304,364
2020-01,Collection,305,340
2020-01,Collection,306,922
2020-01,Collection,307,324
2020-01,Collection,308,304
2020-01,Collection,309,197
2020-01,Collection,310,795
2020-01,Collection,311,453
2020-01,Collection,312,639
2020-01,Collection,313,79
2020-01,Collection,314,276
2020-01,Collection,315,449
2020-01,Collection,316,157
2020-01,Collection,317,354
2020-01,Collection,318,673
2020-01,Collection,401,603
2020-01,Collection,402,185
2020-01,Collection,403,196
2020-01,Collection,404,185
2020-01,Collection,405,1102
2020-01,Collection,406,173
2020-01,Collection,407,831
2020-01,Collection,408,403
2020-01,Collection,409,587
2020-01,Collection,410,698
2020-01,Collection,411,725
2020-01,Collection,412,707
2020-01,Collection,413,933
2020-01,Collection,414,375
2020-01,Collection,501,935
2020-01,Collection,502,633
2020-01,Collection,503,902
2020-01,Sweeping,102,1
2020-01,Sweeping,107,5
2020-01,Sweeping,108,3
2020-01,Sweeping,110,2
2020-01,Sweeping,111,1
2020-01,Sweeping,112,2
2020-01,Sweeping,201,1
2020-01,Sweeping,202,2
2020-01,Sweeping,204,3
2020-01,Sweeping,207,1
2020-01,Sweeping,209,3
2020-01,Sweeping,212,4
2020-01,Sweeping,301,1
2020-01,Sweeping,303,2
2020-01,Sweeping,305,5
2020-01,Sweeping,306,5
2020-01,Sweeping,307,1
2020-01,Sweeping,310,1
2020-01,Sweeping,311,3
2020-01,Sweeping,312,2
2020-01,Sweeping,313,2
2020-01,Sweeping,314,5
2020-01,Sweeping,317,4
2020-01,Sweeping,318,6
2020-01,Sweeping,401,2
2020-01,Sweeping,402,1
2020-01,Sweeping,403,3
2020-01,Sweeping,404,2
2020-01,Sweeping,405,1
2020-01,Sweeping,406,2
2020-01,Sweeping,407,1
2020-01,Sweeping,412,3
2020-02,Basket,101,2
2020-02,Basket,102,4
2020-02,Basket,103,5
2020-02,Basket,105,4
2020-02,Basket,106,3
2020-02,Basket,107,4
2020-02,Basket,108,2
2020-02,Basket,109,1
2020-02,Basket,110,5
2020-02,Basket,111,6
2020-02,Basket,112,4
2020-02,Basket,201,1
2020-02,Basket,203,1
2020-02,Basket,204,2
2020-02,Basket,205,3
2020-02,Basket,208,5
2020-02,Basket,210,2
2020-02,Basket,211,1
2020-02,Basket,212,4
2020-02,Basket,226,1
2020-02,Basket,301,2
2020-02,Basket,302,1
2020-02,Basket,303,7
2020-02,Basket,304,1
2020-02,Basket,305,2
2020-02,Basket,306,4
2020-02,Basket,307,2
2020-02,Basket,308,2
2020-02,Basket,309,3
2020-02,Basket,311,12
2020-02,Basket,312,3
2020-02,Basket,313,1
2020-02,Basket,314,6
2020-02,Basket,315,6
2020-02,Basket,316,1
2020-02,Basket,317,3
2020-02,Basket,318,3
2020-02,Basket,401,6
2020-02,Basket,402,3
2020-02,Basket,403,3
2020-02,Basket,405,4
2020-02,Basket,406,2
2020-02,Basket,407,2
2020-02,Basket,408,1
2020-02,Basket,409,3
2020-02,Basket,410,4
2020-02,Basket,411,2
2020-02,Basket,412,5
2020-02,Basket,413,2
2020-02,Basket,414,4
2020-02,Basket,501,11
2020-02,Basket,502,2
2020-02,Basket,503,1
2020-02,Collection,101,68
2020-02,Collection,102,245
2020-02,Collection,103,225
2020-02,Collection,104,208
2020-02,Collection,105,71
2020-02,Collection,106,160
2020-02,Collection,107,301
2020-02,Collection,108,273
2020-02,Collection,109,76
2020-02,Collection,110,143
2020-02,Collection,111,77
2020-02,Collection,112,132
2020-02,Collection,201,52
2020-02,Collection,202,37
2020-02,Collection,203,77
2020-02,Collection,204,34
2020-02,Collection,205,23
2020-02,Collection,206,77
2020-02,Collection,207,42
2020-02,Collection,208,68
2020-02,Collection,209,135
2020-02,Collection,210,321
2020-02,Collection,211,140
2020-02,Collection,212,288
2020-02,Collection,301,584
2020-02,Collection,302,330
2020-02,Collection,303,574
2020-02,Collection,304,304
2020-02,Collection,305,320
2020-02,Collection,306,743
2020-02,Collection,307,299
2020-02,Collection,308,246
2020-02,Collection,309,175
2020-02,Collection,310,664
2020-02,Collection,311,389
2020-02,Collection,312,608
2020-02,Collection,313,56
2020-02,Collection,314,217
2020-02,Collection,315,476
2020-02,Collection,316,127
2020-02,Collection,317,286
2020-02,Collection,318,490
2020-02,Collection,401,521
2020-02,Collection,402,151
2020-02,Collection,403,159
2020-02,Collection,404,160
2020-02,Collection,405,996
2020-02,Collection,406,141
2020-02,Collection,407,673
2020-02,Collection,408,376
2020-02,Collection,409,548
2020-02,Collection,410,636
2020-02,Collection,411,542
2020-02,Collection,412,633
2020-02,Collection,413,777
2020-02,Collection,414,327
2020-02,Collection,501,807
2020-02,Collection,502,634
2020-02,Collection,503,814
2020-02,Sweeping,102,1
2020-02,Sweeping,107,1
2020-02,Sweeping,110,7
2020-02,Sweeping,112,1
2020-02,Sweeping,164,1
2020-02,Sweeping,204,1
2020-02,Sweeping,206,2
2020-02,Sweeping,207,1
2020-02,Sweeping,209,2
2020-02,Sweeping,304,1
2020-02,Sweeping,305,6
2020-02,Sweeping,306,1
2020-02,Sweeping,307,1
2020-02,Sweeping,310,1
2020-02,Sweeping,311,2
2020-02,Sweeping,312,5
2020-02,Sweeping,313,1
2020-02,Sweeping,314,2
2020-02,Sweeping,315,1
2020-02,Sweeping,316,1
2020-02,Sweeping,317,2
2020-02,Sweeping,318,2
2020-02,Sweeping,401,3
2020-02,Sweeping,403,4
2020-02,Sweeping,404,3
2020-02,Sweeping,406,1
2020-02,Sweeping,407,1
2020-02,Sweeping,412,1
2020-02,Sweeping,414,1
2020-03,Basket,102,1
2020-03,Basket,103,2
2020-03,Basket,104,2
2020-03,Basket,105,3
2020-03,Basket,106,1
2020-03,Basket,107,2
2020-03,Basket,108,1
2020-03,Basket,109,3
2020-03,Basket,110,6
2020-03,Basket,112,2
2020-03,Basket,201,1
2020-03,Basket,204,4
2020-03,Basket,205,1
2020-03,Basket,207,1
2020-03,Basket,208,2
2020-03,Basket,210,1
2020-03,Basket,212,6
2020-03,Basket,301,4
2020-03,Basket,302,5
2020-03,Basket,303,5
2020-03,Basket,304,1
2020-03,Basket,305,2
2020-03,Basket,306,1
2020-03,Basket,307,3
2020-03,Basket,308,1
2020-03,Basket,309,1
2020-03,Basket,311,13
2020-03,Basket,312,3
2020-03,Basket,314,2
2020-03,Basket,315,4
2020-03,Basket,316,2
2020-03,Basket,317,4
2020-03,Basket,318,5
2020-03,Basket,401,5
2020-03,Basket,402,3
2020-03,Basket,403,7
2020-03,Basket,405,3
2020-03,Basket,406,3
2020-03,Basket,407,3
2020-03,Basket,408,1
2020-03,Basket,409,1
2020-03,Basket,410,1
2020-03,Basket,411,1
2020-03,Basket,412,3
2020-03,Basket,413,5
2020-03,Basket,414,3
2020-03,Basket,501,8
2020-03,Basket,502,1
2020-03,Basket,503,3
2020-03,Collection,101,72
2020-03,Collection,102,222
2020-03,Collection,103,247
2020-03,Collection,104,205
2020-03,Collection,105,78
2020-03,Collection,106,199
2020-03,Collection,107,262
2020-03,Collection,108,323
2020-03,Collection,109,83
2020-03,Collection,110,177
2020-03,Collection,111,91
2020-03,Collection,112,113
2020-03,Collection,201,56
2020-03,Collection,202,44
2020-03,Collection,203,87
2020-03,Collection,204,47
2020-03,Collection,205,34
2020-03,Collection,206,73
2020-03,Collection,207,47
2020-03,Collection,208,69
2020-03,Collection,209,140
2020-03,Collection,210,297
2020-03,Collection,211,155
2020-03,Collection,212,324
2020-03,Collection,301,678
2020-03,Collection,302,353
2020-03,Collection,303,649
2020-03,Collection,304,334
2020-03,Collection,305,328
2020-03,Collection,306,714
2020-03,Collection,307,281
2020-03,Collection,308,310
2020-03,Collection,309,172
2020-03,Collection,310,678
2020-03,Collection,311,435
2020-03,Collection,312,681
2020-03,Collection,313,88
2020-03,Collection,314,285
2020-03,Collection,315,456
2020-03,Collection,316,118
2020-03,Collection,317,250
2020-03,Collection,318,484
2020-03,Collection,401,589
2020-03,Collection,402,168
2020-03,Collection,403,150
2020-03,Collection,404,158
2020-03,Collection,405,917
2020-03,Collection,406,162
2020-03,Collection,407,707
2020-03,Collection,408,455
2020-03,Collection,409,551
2020-03,Collection,410,599
2020-03,Collection,411,593
2020-03,Collection,412,649
2020-03,Collection,413,829
2020-03,Collection,414,387
2020-03,Collection,501,805
2020-03,Collection,502,593
2020-03,Collection,503,798
2020-03,Sweeping,103,1
2020-03,Sweeping,105,1
2020-03,Sweeping,108,3
2020-03,Sweeping,110,1
2020-03,Sweeping,202,1
2020-03,Sweeping,206,2
2020-03,Sweeping,209,4
2020-03,Sweeping,305,4
2020-03,Sweeping,312,2
2020-03,Sweeping,314,2
2020-03,Sweeping,315,1
2020-03,Sweeping,318,3
2020-03,Sweeping,401,1
2020-03,Sweeping,403,1
2020-03,Sweeping,408,1
2020-03,Sweeping,412,1
2020-04,Basket,101,3
2020-04,Basket,104,3
2020-04,Basket,106,1
2020-04,Basket,107,2
2020-04,Basket,108,2
2020-04,Basket,110,10
2020-04,Basket,111,3
2020-04,Basket,112,5
2020-04,Basket,202,1
2020-04,Basket,204,3
2020-04,Basket,205,1
2020-04,Basket,207,4
2020-04,Basket,209,2
2020-04,Basket,210,3
2020-04,Basket,211,3
2020-04,Basket,212,11
2020-04,Basket,301,6
2020-04,Basket,303,2
2020-04,Basket,304,2
2020-04,Basket,305,1
2020-04,Basket,306,1
2020-04,Basket,309,2
2020-04,Basket,310,2
2020-04,Basket,311,7
2020-04,Basket,312,1
2020-04,Basket,314,2
2020-04,Basket,315,1
2020-04,Basket,317,1
2020-04,Basket,318,1
2020-04,Basket,401,7
2020-04,Basket,405,4
2020-04,Basket,407,1
2020-04,Basket,409,2
2020-04,Basket,410,4
2020-04,Basket,412,4
2020-04,Basket,413,9
2020-04,Basket,414,2
2020-04,Basket,481,1
2020-04,Basket,501,4
2020-04,Basket,502,3
2020-04,Basket,503,2
2020-04,Collection,101,44
2020-04,Collection,102,159
2020-04,Collection,103,205
2020-04,Collection,104,202
2020-04,Collection,105,49
2020-04,Collection,106,142
2020-04,Collection,107,233
2020-04,Collection,108,223
2020-04,Collection,109,70
2020-04,Collection,110,149
2020-04,Collection,111,63
2020-04,Collection,112,88
2020-04,Collection,201,30
2020-04,Collection,202,28
2020-04,Collection,203,31
2020-04,Collection,204,24
2020-04,Collection,205,23
2020-04,Collection,206,52
2020-04,Collection,207,24
2020-04,Collection,208,60
2020-04,Collection,209,91
2020-04,Collection,210,287
2020-04,Collection,211,118
2020-04,Collection,212,204
2020-04,Collection,301,502
2020-04,Collection,302,245
2020-04,Collection,303,529
2020-04,Collection,304,292
2020-04,Collection,305,242
2020-04,Collection,306,574
2020-04,Collection,307,233
2020-04,Collection,308,250
2020-04,Collection,309,166
2020-04,Collection,310,477
2020-04,Collection,311,266
2020-04,Collection,312,361
2020-04,Collection,313,59
2020-04,Collection,314,170
2020-04,Collection,315,297
2020-04,Collection,316,123
2020-04,Collection,317,215
2020-04,Collection,318,412
2020-04,Collection,401,492
2020-04,Collection,402,145
2020-04,Collection,403,110
2020-04,Collection,404,103
2020-04,Collection,405,789
2020-04,Collection,406,91
2020-04,Collection,407,616
2020-04,Collection,408,324
2020-04,Collection,409,453
2020-04,Collection,410,557
2020-04,Collection,411,468
2020-04,Collection,412,482
2020-04,Collection,413,672
2020-04,Collection,414,334
2020-04,Collection,501,535
2020-04,Collection,502,442
2020-04,Collection,503,569
2020-05,Basket,101,1
2020-05,Basket,102,2
2020-05,Basket,103,2
2020-05,Basket,104,2
2020-05,Basket,106,2
2020-05,Basket,107,4
2020-05,Basket,108,2
2020-05,Basket,110,7
2020-05,Basket,111,1
2020-05,Basket,112,4
2020-05,Basket,164,1
2020-05,Basket,201,6
2020-05,Basket,202,2
2020-05,Basket,203,1
2020-05,Basket,205,1
2020-05,Basket,206,1
2020-05,Basket,207,3
2020-05,Basket,209,3
2020-05,Basket,210,15
2020-05,Basket,211,1
2020-05,Basket,212,3
2020-05,Basket,301,5
2020-05,Basket,302,5
2020-05,Basket,303,6
2020-05,Basket,304,3
2020-05,Basket,305,13
2020-05,Basket,306,4
2020-05,Basket,308,5
2020-05,Basket,309,2
2020-05,Basket,310,4
2020-05,Basket,311,10
2020-05,Basket,312,3
2020-05,Basket,313,2
2020-05,Basket,314,1
2020-05,Basket,315,11
2020-05,Basket,316,3
2020-05,Basket,317,3
2020-05,Basket,318,4
2020-05,Basket,401,11
2020-05,Basket,402,2
2020-05,Basket,405,4
2020-05,Basket,406,5
2020-05,Basket,407,6
2020-05,Basket,408,2
2020-05,Basket,409,5
2020-05,Basket,410,4
2020-05,Basket,411,1
2020-05,Basket,412,6
2020-05,Basket,413,2
2020-05,Basket,414,1
2020-05,Basket,501,8
2020-05,Basket,502,4
2020-05,Basket,503,3
2020-05,Collection,101,99
2020-05,Collection,102,343
2020-05,Collection,103,513
2020-05,Collection,104,351
2020-05,Collection,105,114
2020-05,Collection,106,304
2020-05,Collection,107,413
2020-05,Collection,108,449
2020-05,Collection,109,144
2020-05,Collection,110,200
2020-05,Collection,111,152
2020-05,Collection,112,144
2020-05,Collection,164,1
2020-05,Collection,201,48
2020-05,Collection,202,60
2020-05,Collection,203,96
2020-05,Collection,204,64
2020-05,Collection,205,57
2020-05,Collection,206,97
2020-05,Collection,207,43
2020-05,Collection,208,92
2020-05,Collection,209,192
2020-05,Collection,210,416
2020-05,Collection,211,241
2020-05,Collection,212,367
2020-05,Collection,226,1
2020-05,Collection,301,879
2020-05,Collection,302,418
2020-05,Collection,303,881
2020-05,Collection,304,589
2020-05,Collection,305,433
2020-05,Collection,306,869
2020-05,Collection,307,345
2020-05,Collection,308,440
2020-05,Collection,309,273
2020-05,Collection,310,701
2020-05,Collection,311,470
2020-05,Collection,312,572
2020-05,Collection,313,87
2020-05,Collection,314,324
2020-05,Collection,315,386
2020-05,Collection,316,186
2020-05,Collection,317,362
2020-05,Collection,318,760
2020-05,Collection,401,809
2020-05,Collection,402,268
2020-05,Collection,403,191
2020-05,Collection,404,178
2020-05,Collection,405,1175
2020-05,Collection,406,178
2020-05,Collection,407,914
2020-05,Collection,408,472
2020-05,Collection,409,658
2020-05,Collection,410,943
2020-05,Collection,411,673
2020-05,Collection,412,942
2020-05,Collection,413,1128
2020-05,Collection,414,389
2020-05,Collection,501,819
2020-05,Collection,502,633
2020-05,Collection,503,1016
2020-05,Sweeping,104,1
2020-05,Sweeping,109,1
2020-05,Sweeping,112,2
2020-05,Sweeping,204,1
2020-05,Sweeping,207,2
2020-05,Sweeping,209,1
2020-05,Sweeping,227,1
2020-05,Sweeping,301,1
2020-05,Sweeping,305,1
2020-05,Sweeping,306,1
2020-05,Sweeping,308,3
2020-05,Sweeping,309,1
2020-05,Sweeping,310,1
2020-05,Sweeping,312,2
2020-05,Sweeping,314,2
2020-05,Sweeping,317,1
2020-05,Sweeping,401,1
2020-05,Sweeping,408,1
2020-05,Sweeping,412,1
2020-06,Basket,101,1
2020-06,Basket,102,5
2020-06,Basket,103,6
2020-06,Basket,104,2
2020-06,Basket,105,2
2020-06,Basket,106,5
2020-06,Basket,107,2
2020-06,Basket,108,1
2020-06,Basket,109,4
2020-06,Basket,110,4
2020-06,Basket,111,4
2020-06,Basket,112,22
2020-06,Basket,201,1
2020-06,Basket,202,2
2020-06,Basket,203,1
2020-06,Basket,204,7
2020-06,Basket,205,7
2020-06,Basket,206,6
2020-06,Basket,207,3
2020-06,Basket,208,4
2020-06,Basket,209,6
2020-06,Basket,210,3
2020-06,Basket,211,6
2020-06,Basket,212,8
2020-06,Basket,301,18
2020-06,Basket,302,7
2020-06,Basket,303,8
2020-06,Basket,304,3
2020-06,Basket,305,5
2020-06,Basket,306,8
2020-06,Basket,307,7
2020-06,Basket,308,3
2020-06,Basket,309,4
2020-06,Basket,310,9
2020-06,Basket,311,7
2020-06,Basket,312,5
2020-06,Basket,313,1
2020-06,Basket,314,4
2020-06,Basket,315,1
2020-06,Basket,316,2
2020-06,Basket,317,7
2020-06,Basket,318,2
2020-06,Basket,355,2
2020-06,Basket,401,23
2020-06,Basket,402,8
2020-06,Basket,403,7
2020-06,Basket,404,3
2020-06,Basket,405,13
2020-06,Basket,406,4
2020-06,Basket,407,2
2020-06,Basket,408,2
2020-06,Basket,409,2
2020-06,Basket,410,3
2020-06,Basket,411,3
2020-06,Basket,412,10
2020-06,Basket,413,11
2020-06,Basket,414,5
2020-06,Basket,501,10
2020-06,Basket,502,5
2020-06,Basket,503,12
2020-06,Collection,101,149
2020-06,Collection,102,540
2020-06,Collection,103,696
2020-06,Collection,104,448
2020-06,Collection,105,156
2020-06,Collection,106,476
2020-06,Collection,107,583
2020-06,Collection,108,695
2020-06,Collection,109,178
2020-06,Collection,110,315
2020-06,Collection,111,158
2020-06,Collection,112,197
2020-06,Collection,201,71
2020-06,Collection,202,51
2020-06,Collection,203,136
2020-06,Collection,204,80
2020-06,Collection,205,60
2020-06,Collection,206,118
2020-06,Collection,207,72
2020-06,Collection,208,107
2020-06,Collection,209,220
2020-06,Collection,210,523
2020-06,Collection,211,273
2020-06,Collection,212,531
2020-06,Collection,301,1132
2020-06,Collection,302,571
2020-06,Collection,303,1254
2020-06,Collection,304,730
2020-06,Collection,305,638
2020-06,Collection,306,1041
2020-06,Collection,307,505
2020-06,Collection,308,571
2020-06,Collection,309,327
2020-06,Collection,310,834
2020-06,Collection,311,716
2020-06,Collection,312,782
2020-06,Collection,313,157
2020-06,Collection,314,472
2020-06,Collection,315,572
2020-06,Collection,316,210
2020-06,Collection,317,633
2020-06,Collection,318,1160
2020-06,Collection,401,1095
2020-06,Collection,402,287
2020-06,Collection,403,292
2020-06,Collection,404,256
2020-06,Collection,405,1312
2020-06,Collection,406,259
2020-06,Collection,407,1262
2020-06,Collection,408,661
2020-06,Collection,409,776
2020-06,Collection,410,1156
2020-06,Collection,411,816
2020-06,Collection,412,1648
2020-06,Collection,413,1605
2020-06,Collection,414,428
2020-06,Collection,480,1
2020-06,Collection,501,1154
2020-06,Collection,502,854
2020-06,Collection,503,1394
2020-06,Sweeping,205,1
2020-06,Sweeping,306,1
2020-06,Sweeping,311,1
2020-06,Sweeping,313,1
2020-06,Sweeping,315,1
2020-06,Sweeping,316,1
2020-06,Sweeping,401,2
2020-06,Sweeping,405,2
2020-06,Sweeping,412,1
2020-07,Basket,101,4
2020-07,Basket,102,9
2020-07,Basket,103,11
2020-07,Basket,104,18
2020-07,Basket,105,8
2020-07,Basket,106,3
2020-07,Basket,107,47
2020-07,Basket,108,11
2020-07,Basket,109,49
2020-07,Basket,110,13
2020-07,Basket,111,8
2020-07,Basket,112,64
2020-07,Basket,164,1
2020-07,Basket,201,1
2020-07,Basket,202,5
2020-07,Basket,203,4
2020-07,Basket,204,13
2020-07,Basket,205,10
2020-07,Basket,206,8
2020-07,Basket,207,4
2020-07,Basket,208,12
2020-07,Basket,209,8
2020-07,Basket,210,8
2020-07,Basket,211,5
2020-07,Basket,212,15
2020-07,Basket,301,20
2020-07,Basket,302,13
2020-07,Basket,303,25
2020-07,Basket,304,16
2020-07,Basket,305,35
2020-07,Basket,306,3
2020-07,Basket,307,15
2020-07,Basket,308,7
2020-07,Basket,309,11
2020-07,Basket,310,21
2020-07,Basket,311,48
2020-07,Basket,312,14
2020-07,Basket,313,7
2020-07,Basket,314,19
2020-07,Basket,315,18
2020-07,Basket,316,3
2020-07,Basket,317,21
2020-07,Basket,318,7
2020-07,Basket,355,1
2020-07,Basket,401,24
2020-07,Basket,402,28
2020-07,Basket,403,52
2020-07,Basket,404,13
2020-07,Basket,405,36
2020-07,Basket,406,6
2020-07,Basket,407,21
2020-07,Basket,408,18
2020-07,Basket,409,12
2020-07,Basket,410,23
2020-07,Basket,411,10
2020-07,Basket,412,17
2020-07,Basket,413,26
2020-07,Basket,414,2
2020-07,Basket,501,21
2020-07,Basket,502,8
2020-07,Basket,503,3
2020-07,Collection,101,185
2020-07,Collection,102,596
2020-07,Collection,103,769
2020-07,Collection,104,541
2020-07,Collection,105,186
2020-07,Collection,106,449
2020-07,Collection,107,678
2020-07,Collection,108,745
2020-07,Collection,109,213
2020-07,Collection,110,419
2020-07,Collection,111,233
2020-07,Collection,112,285
2020-07,Collection,201,65
2020-07,Collection,202,62
2020-07,Collection,203,161
2020-07,Collection,204,66
2020-07,Collection,205,66
2020-07,Collection,206,128
2020-07,Collection,207,97
2020-07,Collection,208,137
2020-07,Collection,209,261
2020-07,Collection,210,476
2020-07,Collection,211,275
2020-07,Collection,212,504
2020-07,Collection,301,1254
2020-07,Collection,302,635
2020-07,Collection,303,1394
2020-07,Collection,304,834
2020-07,Collection,305,625
2020-07,Collection,306,1103
2020-07,Collection,307,567
2020-07,Collection,308,771
2020-07,Collection,309,410
2020-07,Collection,310,991
2020-07,Collection,311,752
2020-07,Collection,312,751
2020-07,Collection,313,148
2020-07,Collection,314,539
2020-07,Collection,315,851
2020-07,Collection,316,289
2020-07,Collection,317,671
2020-07,Collection,318,1180
2020-07,Collection,401,1277
2020-07,Collection,402,313
2020-07,Collection,403,314
2020-07,Collection,404,325
2020-07,Collection,405,1505
2020-07,Collection,406,280
2020-07,Collection,407,1219
2020-07,Collection,408,672
2020-07,Collection,409,739
2020-07,Collection,410,1059
2020-07,Collection,411,837
2020-07,Collection,412,1631
2020-07,Collection,413,1481
2020-07,Collection,414,482
2020-07,Collection,501,1202
2020-07,Collection,502,850
2020-07,Collection,503,1328
2020-07,Sweeping,104,1
2020-07,Sweeping,107,2
2020-07,Sweeping,110,4
2020-07,Sweeping,111,1
2020-07,Sweeping,112,2
2020-07,Sweeping,202,1
2020-07,Sweeping,204,1
2020-07,Sweeping,206,1
2020-07,Sweeping,207,2
2020-07,Sweeping,210,1
2020-07,Sweeping,211,1
2020-07,Sweeping,212,2
2020-07,Sweeping,227,1
2020-07,Sweeping,301,1
2020-07,Sweeping,303,3
2020-07,Sweeping,304,3
2020-07,Sweeping,305,6
2020-07,Sweeping,306,1
2020-07,Sweeping,308,3
2020-07,Sweeping,310,1
2020-07,Sweeping,311,6
2020-07,Sweeping,312,6
2020-07,Sweeping,313,1
2020-07,Sweeping,314,4
2020-07,Sweeping,315,3
2020-07,Sweeping,316,2
2020-07,Sweeping,317,2
2020-07,Sweeping,318,4
2020-07,Sweeping,401,8
2020-07,Sweeping,402,1
2020-07,Sweeping,403,5
2020-07,Sweeping,405,2
2020-07,Sweeping,406,1
2020-07,Sweeping,407,1
2020-07,Sweeping,414,1
2020-08,Basket,101,2
2020-08,Basket,102,13
2020-08,Basket,103,15
2020-08,Basket,104,13
2020-08,Basket,105,13
2020-08,Basket,106,13
2020-08,Basket,107,22
2020-08,Basket,108,5
2020-08,Basket,109,52
2020-08,Basket,110,8
2020-08,Basket,111,6
2020-08,Basket,112,33
2020-08,Basket,164,1
2020-08,Basket,201,3
2020-08,Basket,202,2
2020-08,Basket,203,5
2020-08,Basket,204,10
2020-08,Basket,205,8
2020-08,Basket,206,10
2020-08,Basket,207,5
2020-08,Basket,208,5
2020-08,Basket,209,4
2020-08,Basket,210,13
2020-08,Basket,211,2
2020-08,Basket,212,6
2020-08,Basket,301,32
2020-08,Basket,302,11
2020-08,Basket,303,22
2020-08,Basket,304,14
2020-08,Basket,305,28
2020-08,Basket,306,3
2020-08,Basket,307,10
2020-08,Basket,308,7
2020-08,Basket,309,8
2020-08,Basket,310,6
2020-08,Basket,311,30
2020-08,Basket,312,7
2020-08,Basket,313,4
2020-08,Basket,314,7
2020-08,Basket,315,4
2020-08,Basket,316,5
2020-08,Basket,317,15
2020-08,Basket,318,4
2020-08,Basket,355,1
2020-08,Basket,401,20
2020-08,Basket,402,8
2020-08,Basket,403,43
2020-08,Basket,404,9
2020-08,Basket,405,20
2020-08,Basket,406,8
2020-08,Basket,407,4
2020-08,Basket,408,4
2020-08,Basket,409,7
2020-08,Basket,410,11
2020-08,Basket,411,8
2020-08,Basket,412,18
2020-08,Basket,413,13
2020-08,Basket,414,3
2020-08,Basket,484,2
2020-08,Basket,501,14
2020-08,Basket,502,6
2020-08,Basket,503,9
2020-08,Collection,101,136
2020-08,Collection,102,632
2020-08,Collection,103,735
2020-08,Collection,104,594
2020-08,Collection,105,187
2020-08,Collection,106,476
2020-08,Collection,107,663
2020-08,Collection,108,700
2020-08,Collection,109,217
2020-08,Collection,110,384
2020-08,Collection,111,219
2020-08,Collection,112,262
2020-08,Collection,201,82
2020-08,Collection,202,54
2020-08,Collection,203,234
2020-08,Collection,204,52
2020-08,Collection,205,86
2020-08,Collection,206,142
2020-08,Collection,207,89
2020-08,Collection,208,127
2020-08,Collection,209,265
2020-08,Collection,210,458
2020-08,Collection,211,265
2020-08,Collection,212,491
2020-08,Collection,301,1406
2020-08,Collection,302,704
2020-08,Collection,303,1454
2020-08,Collection,304,851
2020-08,Collection,305,625
2020-08,Collection,306,1195
2020-08,Collection,307,600
2020-08,Collection,308,798
2020-08,Collection,309,384
2020-08,Collection,310,988
2020-08,Collection,311,687
2020-08,Collection,312,769
2020-08,Collection,313,177
2020-08,Collection,314,548
2020-08,Collection,315,605
2020-08,Collection,316,243
2020-08,Collection,317,649
2020-08,Collection,318,1168
2020-08,Collection,401,1268
2020-08,Collection,402,280
2020-08,Collection,403,313
2020-08,Collection,404,290
2020-08,Collection,405,1363
2020-08,Collection,406,279
2020-08,Collection,407,1273
2020-08,Collection,408,717
2020-08,Collection,409,813
2020-08,Collection,410,1136
2020-08,Collection,411,1000
2020-08,Collection,412,1706
2020-08,Collection,413,1600
2020-08,Collection,414,476
2020-08,Collection,501,1183
2020-08,Collection,502,861
2020-08,Collection,503,1205
2020-08,Sweeping,102,3
2020-08,Sweeping,103,3
2020-08,Sweeping,104,7
2020-08,Sweeping,106,1
2020-08,Sweeping,107,4
2020-08,Sweeping,108,3
2020-08,Sweeping,109,5
2020-08,Sweeping,110,17
2020-08,Sweeping,111,9
2020-08,Sweeping,112,10
2020-08,Sweeping,164,1
2020-08,Sweeping,201,1
2020-08,Sweeping,203,4
2020-08,Sweeping,204,3
2020-08,Sweeping,205,4
2020-08,Sweeping,206,2
2020-08,Sweeping,207,2
2020-08,Sweeping,209,6
2020-08,Sweeping,210,1
2020-08,Sweeping,211,2
2020-08,Sweeping,212,7
2020-08,Sweeping,301,8
2020-08,Sweeping,302,2
2020-08,Sweeping,303,17
2020-08,Sweeping,304,11
2020-08,Sweeping,305,16
2020-08,Sweeping,306,3
2020-08,Sweeping,307,8
2020-08,Sweeping,308,11
2020-08,Sweeping,309,9
2020-08,Sweeping,310,2
2020-08,Sweeping,311,4
2020-08,Sweeping,312,15
2020-08,Sweeping,313,4
2020-08,Sweeping,314,11
2020-08,Sweeping,315,2
2020-08,Sweeping,316,9
2020-08,Sweeping,317,27
2020-08,Sweeping,318,18
2020-08,Sweeping,401,15
2020-08,Sweeping,402,4
2020-08,Sweeping,403,8
2020-08,Sweeping,405,4
2020-08,Sweeping,406,6
2020-08,Sweeping,407,2
2020-08,Sweeping,408,7
2020-08,Sweeping,409,2
2020-08,Sweeping,412,8
2020-08,Sweeping,414,3
2020-09,Basket,101,4
2020-09,Basket,102,28
2020-09,Basket,103,9
2020-09,Basket,104,37
2020-09,Basket,105,7
2020-09,Basket,106,4
2020-09,Basket,107,13
2020-09,Basket,108,7
2020-09,Basket,109,39
2020-09,Basket,110,7
2020-09,Basket,111,6
2020-09,Basket,112,25
2020-09,Basket,164,1
2020-09,Basket,201,8
2020-09,Basket,202,1
2020-09,Basket,203,8
2020-09,Basket,204,6
2020-09,Basket,205,1
2020-09,Basket,206,1
2020-09,Basket,207,2
2020-09,Basket,208,5
2020-09,Basket,210,16
2020-09,Basket,212,22
2020-09,Basket,301,18
2020-09,Basket,302,11
2020-09,Basket,303,14
2020-09,Basket,304,11
2020-09,Basket,305,20
2020-09,Basket,306,6
2020-09,Basket,307,7
2020-09,Basket,308,11
2020-09,Basket,309,6
2020-09,Basket,310,3
2020-09,Basket,311,47
2020-09,Basket,312,9
2020-09,Basket,314,16
2020-09,Basket,315,10
2020-09,Basket,316,5
2020-09,Basket,317,10
2020-09,Basket,318,13
2020-09,Basket,355,1
2020-09,Basket,401,34
2020-09,Basket,402,15
2020-09,Basket,403,22
2020-09,Basket,404,9
2020-09,Basket,405,7
2020-09,Basket,406,5
2020-09,Basket,407,2
2020-09,Basket,408,4
2020-09,Basket,409,8
2020-09,Basket,410,10
2020-09,Basket,411,1
2020-09,Basket,412,13
2020-09,Basket,413,7
2020-09,Basket,414,3
2020-09,Basket,481,1
2020-09,Basket,482,1
2020-09,Basket,501,17
2020-09,Basket,502,5
2020-09,Basket,503,7
2020-09,Collection,101,148
2020-09,Collection,102,501
2020-09,Collection,103,482
2020-09,Collection,104,422
2020-09,Collection,105,142
2020-09,Collection,106,360
2020-09,Collection,107,513
2020-09,Collection,108,563
2020-09,Collection,109,157
2020-09,Collection,110,338
2020-09,Collection,111,149
2020-09,Collection,112,202
2020-09,Collection,201,70
2020-09,Collection,202,72
2020-09,Collection,203,162
2020-09,Collection,204,70
2020-09,Collection,205,64
2020-09,Collection,206,125
2020-09,Collection,207,86
2020-09,Collection,208,125
2020-09,Collection,209,191
2020-09,Collection,210,446
2020-09,Collection,211,260
2020-09,Collection,212,464
2020-09,Collection,301,1170
2020-09,Collection,302,644
2020-09,Collection,303,1300
2020-09,Collection,304,696
2020-09,Collection,305,542
2020-09,Collection,306,1216
2020-09,Collection,307,526
2020-09,Collection,308,628
2020-09,Collection,309,321
2020-09,Collection,310,845
2020-09,Collection,311,718
2020-09,Collection,312,948
2020-09,Collection,313,146
2020-09,Collection,314,533
2020-09,Collection,315,591
2020-09,Collection,316,192
2020-09,Collection,317,543
2020-09,Collection,318,959
2020-09,Collection,401,1155
2020-09,Collection,402,272
2020-09,Collection,403,272
2020-09,Collection,404,239
2020-09,Collection,405,1348
2020-09,Collection,406,256
2020-09,Collection,407,1068
2020-09,Collection,408,641
2020-09,Collection,409,728
2020-09,Collection,410,1070
2020-09,Collection,411,867
2020-09,Collection,412,1341
2020-09,Collection,413,1416
2020-09,Collection,414,418
2020-09,Collection,501,1033
2020-09,Collection,502,792
2020-09,Collection,503,1210
2020-09,Sweeping,102,1
2020-09,Sweeping,103,2
2020-09,Sweeping,104,3
2020-09,Sweeping,107,7
2020-09,Sweeping,108,2
2020-09,Sweeping,109,4
2020-09,Sweeping,110,5
2020-09,Sweeping,111,3
2020-09,Sweeping,112,5
2020-09,Sweeping,201,1
2020-09,Sweeping,202,1
2020-09,Sweeping,203,1
2020-09,Sweeping,205,1
2020-09,Sweeping,207,2
2020-09,Sweeping,209,4
2020-09,Sweeping,210,1
2020-09,Sweeping,211,2
2020-09,Sweeping,301,9
2020-09,Sweeping,302,4
2020-09,Sweeping,303,6
2020-09,Sweeping,304,6
2020-09,Sweeping,305,12
2020-09,Sweeping,306,3
2020-09,Sweeping,307,4
2020-09,Sweeping,308,5
2020-09,Sweeping,309,4
2020-09,Sweeping,311,5
2020-09,Sweeping,312,6
2020-09,Sweeping,313,6
2020-09,Sweeping,314,10
2020-09,Sweeping,315,4
2020-09,Sweeping,316,5
2020-09,Sweeping,317,11
2020-09,Sweeping,318,12
2020-09,Sweeping,401,5
2020-09,Sweeping,402,2
2020-09,Sweeping,403,9
2020-09,Sweeping,405,2
2020-09,Sweeping,406,2
2020-09,Sweeping,407,1
2020-09,Sweeping,409,1
2020-09,Sweeping,412,2
2020-09,Sweeping,414,3
2020-09,Sweeping,503,1
2020-10,Basket,101,3
2020-10,Basket,102,46
2020-10,Basket,103,6
2020-10,Basket,104,61
2020-10,Basket,105,16
2020-10,Basket,106,17
2020-10,Basket,107,14
2020-10,Basket,108,9
2020-10,Basket,109,21
2020-10,Basket,110,4
2020-10,Basket,111,10
2020-10,Basket,112,20
2020-10,Basket,201,3
2020-10,Basket,202,1
2020-10,Basket,203,4
2020-10,Basket,204,2
2020-10,Basket,205,1
2020-10,Basket,206,6
2020-10,Basket,207,3
2020-10,Basket,208,1
2020-10,Basket,209,4
2020-10,Basket,210,63
2020-10,Basket,211,1
2020-10,Basket,212,16
2020-10,Basket,301,14
2020-10,Basket,302,9
2020-10,Basket,303,11
2020-10,Basket,304,4
2020-10,Basket,305,11
2020-10,Basket,306,4
2020-10,Basket,307,5
2020-10,Basket,308,6
2020-10,Basket,309,1
2020-10,Basket,310,1
2020-10,Basket,311,25
2020-10,Basket,312,11
2020-10,Basket,313,2
2020-10,Basket,314,6
2020-10,Basket,315,9
2020-10,Basket,316,3
2020-10,Basket,317,6
2020-10,Basket,318,5
2020-10,Basket,355,1
2020-10,Basket,401,19
2020-10,Basket,402,3
2020-10,Basket,403,11
2020-10,Basket,404,4
2020-10,Basket,405,3
2020-10,Basket,406,1
2020-10,Basket,408,2
2020-10,Basket,409,3
2020-10,Basket,410,5
2020-10,Basket,412,7
2020-10,Basket,413,7
2020-10,Basket,501,13
2020-10,Basket,502,4
2020-10,Basket,503,12
2020-10,Collection,101,113
2020-10,Collection,102,416
2020-10,Collection,103,427
2020-10,Collection,104,335
2020-10,Collection,105,108
2020-10,Collection,106,299
2020-10,Collection,107,477
2020-10,Collection,108,487
2020-10,Collection,109,107
2020-10,Collection,110,274
2020-10,Collection,111,147
2020-10,Collection,112,187
2020-10,Collection,201,99
2020-10,Collection,202,66
2020-10,Collection,203,127
2020-10,Collection,204,58
2020-10,Collection,205,67
2020-10,Collection,206,117
2020-10,Collection,207,78
2020-10,Collection,208,128
2020-10,Collection,209,204
2020-10,Collection,210,418
2020-10,Collection,211,269
2020-10,Collection,212,431
2020-10,Collection,301,1084
2020-10,Collection,302,577
2020-10,Collection,303,1024
2020-10,Collection,304,465
2020-10,Collection,305,603
2020-10,Collection,306,1060
2020-10,Collection,307,464
2020-10,Collection,308,522
2020-10,Collection,309,301
2020-10,Collection,310,834
2020-10,Collection,311,700
2020-10,Collection,312,864
2020-10,Collection,313,134
2020-10,Collection,314,430
2020-10,Collection,315,565
2020-10,Collection,316,218
2020-10,Collection,317,502
2020-10,Collection,318,888
2020-10,Collection,401,1026
2020-10,Collection,402,253
2020-10,Collection,403,276
2020-10,Collection,404,226
2020-10,Collection,405,1177
2020-10,Collection,406,269
2020-10,Collection,407,946
2020-10,Collection,408,575
2020-10,Collection,409,670
2020-10,Collection,410,939
2020-10,Collection,411,734
2020-10,Collection,412,1189
2020-10,Collection,413,1111
2020-10,Collection,414,396
2020-10,Collection,501,1000
2020-10,Collection,502,840
2020-10,Collection,503,1205
2020-10,Sweeping,102,1
2020-10,Sweeping,103,5
2020-10,Sweeping,104,1
2020-10,Sweeping,106,1
2020-10,Sweeping,107,1
2020-10,Sweeping,108,5
2020-10,Sweeping,109,5
2020-10,Sweeping,110,5
2020-10,Sweeping,112,4
2020-10,Sweeping,202,1
2020-10,Sweeping,204,4
2020-10,Sweeping,207,2
2020-10,Sweeping,209,3
2020-10,Sweeping,210,1
2020-10,Sweeping,211,1
2020-10,Sweeping,212,6
2020-10,Sweeping,301,7
2020-10,Sweeping,302,7
2020-10,Sweeping,303,14
2020-10,Sweeping,304,6
2020-10,Sweeping,305,11
2020-10,Sweeping,306,1
2020-10,Sweeping,307,1
2020-10,Sweeping,308,3
2020-10,Sweeping,309,3
2020-10,Sweeping,310,7
2020-10,Sweeping,311,6
2020-10,Sweeping,312,13
2020-10,Sweeping,313,4
2020-10,Sweeping,314,7
2020-10,Sweeping,315,5
2020-10,Sweeping,316,4
2020-10,Sweeping,317,23
2020-10,Sweeping,318,8
2020-10,Sweeping,401,12
2020-10,Sweeping,402,1
2020-10,Sweeping,403,5
2020-10,Sweeping,404,1
2020-10,Sweeping,405,4
2020-10,Sweeping,406,4
2020-10,Sweeping,408,3
2020-10,Sweeping,412,5
2020-10,Sweeping,414,2
2020-11,Basket,101,4
2020-11,Basket,102,5
2020-11,Basket,103,1
2020-11,Basket,104,5
2020-11,Basket,105,3
2020-11,Basket,106,2
2020-11,Basket,107,18
2020-11,Basket,108,6
2020-11,Basket,109,8
2020-11,Basket,110,10
2020-11,Basket,111,5
2020-11,Basket,112,7
2020-11,Basket,201,1
2020-11,Basket,203,3
2020-11,Basket,204,1
2020-11,Basket,205,1
2020-11,Basket,206,1
2020-11,Basket,207,1
2020-11,Basket,208,4
2020-11,Basket,209,2
2020-11,Basket,210,6
2020-11,Basket,211,1
2020-11,Basket,212,10
2020-11,Basket,301,9
2020-11,Basket,302,13
2020-11,Basket,303,6
2020-11,Basket,304,1
2020-11,Basket,305,4
2020-11,Basket,306,8
2020-11,Basket,307,2
2020-11,Basket,308,6
2020-11,Basket,309,3
2020-11,Basket,310,1
2020-11,Basket,311,23
2020-11,Basket,312,4
2020-11,Basket,314,8
2020-11,Basket,315,6
2020-11,Basket,316,1
2020-11,Basket,318,3
2020-11,Basket,355,1
2020-11,Basket,401,7
2020-11,Basket,402,1
2020-11,Basket,403,1
2020-11,Basket,404,1
2020-11,Basket,405,2
2020-11,Basket,406,2
2020-11,Basket,407,1
2020-11,Basket,409,2
2020-11,Basket,410,9
2020-11,Basket,411,1
2020-11,Basket,412,7
2020-11,Basket,413,4
2020-11,Basket,414,1
2020-11,Basket,501,3
2020-11,Basket,502,3
2020-11,Basket,503,2
2020-11,Collection,101,93
2020-11,Collection,102,301
2020-11,Collection,103,300
2020-11,Collection,104,286
2020-11,Collection,105,90
2020-11,Collection,106,217
2020-11,Collection,107,404
2020-11,Collection,108,391
2020-11,Collection,109,118
2020-11,Collection,110,242
2020-11,Collection,111,98
2020-11,Collection,112,135
2020-11,Collection,201,74
2020-11,Collection,202,46
2020-11,Collection,203,107
2020-11,Collection,204,63
2020-11,Collection,205,48
2020-11,Collection,206,112
2020-11,Collection,207,78
2020-11,Collection,208,114
2020-11,Collection,209,203
2020-11,Collection,210,409
2020-11,Collection,211,231
2020-11,Collection,212,355
2020-11,Collection,301,871
2020-11,Collection,302,473
2020-11,Collection,303,968
2020-11,Collection,304,465
2020-11,Collection,305,479
2020-11,Collection,306,978
2020-11,Collection,307,400
2020-11,Collection,308,469
2020-11,Collection,309,223
2020-11,Collection,310,772
2020-11,Collection,311,643
2020-11,Collection,312,791
2020-11,Collection,313,127
2020-11,Collection,314,333
2020-11,Collection,315,499
2020-11,Collection,316,190
2020-11,Collection,317,507
2020-11,Collection,318,844
2020-11,Collection,401,924
2020-11,Collection,402,276
2020-11,Collection,403,252
2020-11,Collection,404,226
2020-11,Collection,405,1093
2020-11,Collection,406,218
2020-11,Collection,407,923
2020-11,Collection,408,556
2020-11,Collection,409,589
2020-11,Collection,410,873
2020-11,Collection,411,746
2020-11,Collection,412,1092
2020-11,Collection,413,1064
2020-11,Collection,414,413
2020-11,Collection,501,946
2020-11,Collection,502,913
2020-11,Collection,503,1215
2020-11,Sweeping,103,3
2020-11,Sweeping,104,3
2020-11,Sweeping,107,6
2020-11,Sweeping,108,4
2020-11,Sweeping,109,2
2020-11,Sweeping,110,7
2020-11,Sweeping,112,1
2020-11,Sweeping,201,3
2020-11,Sweeping,202,2
2020-11,Sweeping,203,5
2020-11,Sweeping,204,1
2020-11,Sweeping,205,2
2020-11,Sweeping,207,4
2020-11,Sweeping,208,1
2020-11,Sweeping,209,1
2020-11,Sweeping,210,2
2020-11,Sweeping,211,2
2020-11,Sweeping,212,8
2020-11,Sweeping,301,8
2020-11,Sweeping,302,8
2020-11,Sweeping,303,20
2020-11,Sweeping,304,1
2020-11,Sweeping,305,18
2020-11,Sweeping,306,13
2020-11,Sweeping,307,12
2020-11,Sweeping,308,7
2020-11,Sweeping,309,8
2020-11,Sweeping,310,14
2020-11,Sweeping,311,8
2020-11,Sweeping,312,22
2020-11,Sweeping,313,6
2020-11,Sweeping,314,13
2020-11,Sweeping,315,8
2020-11,Sweeping,316,4
2020-11,Sweeping,317,13
2020-11,Sweeping,318,14
2020-11,Sweeping,401,16
2020-11,Sweeping,402,1
2020-11,Sweeping,403,13
2020-11,Sweeping,404,1
2020-11,Sweeping,405,4
2020-11,Sweeping,406,3
2020-11,Sweeping,407,4
2020-11,Sweeping,408,8
2020-11,Sweeping,409,2
2020-11,Sweeping,412,1
2020-11,Sweeping,414,6
2020-11,Sweeping,480,1
2020-12,Basket,101,2
2020-12,Basket,102,6
2020-12,Basket,103,2
2020-12,Basket,104,3
2020-12,Basket,106,3
2020-12,Basket,107,5
2020-12,Basket,108,2
2020-12,Basket,109,1
2020-12,Basket,110,3
2020-12,Basket,111,3
2020-12,Basket,112,8
2020-12,Basket,201,2
2020-12,Basket,203,1
2020-12,Basket,207,5
2020-12,Basket,209,3
2020-12,Basket,210,2
2020-12,Basket,211,2
2020-12,Basket,212,6
2020-12,Basket,301,2
2020-12,Basket,302,2
2020-12,Basket,303,6
2020-12,Basket,304,6
2020-12,Basket,305,5
2020-12,Basket,306,5
2020-12,Basket,307,3
2020-12,Basket,308,3
2020-12,Basket,309,1
2020-12,Basket,310,2
2020-12,Basket,311,21
2020-12,Basket,312,4
2020-12,Basket,314,5
2020-12,Basket,315,6
2020-12,Basket,316,1
2020-12,Basket,317,3
2020-12,Basket,318,3
2020-12,Basket,401,6
2020-12,Basket,402,2
2020-12,Basket,403,8
2020-12,Basket,404,5
2020-12,Basket,405,4
2020-12,Basket,407,2
2020-12,Basket,408,1
2020-12,Basket,410,3
2020-12,Basket,411,2
2020-12,Basket,412,1
2020-12,Basket,413,3
2020-12,Basket,414,2
2020-12,Basket,501,7
2020-12,Basket,502,1
2020-12,Basket,503,2
2020-12,Collection,101,78
2020-12,Collection,102,268
2020-12,Collection,103,298
2020-12,Collection,104,257
2020-12,Collection,105,76
2020-12,Collection,106,215
2020-12,Collection,107,365
2020-12,Collection,108,377
2020-12,Collection,109,101
2020-12,Collection,110,286
2020-12,Collection,111,106
2020-12,Collection,112,117
2020-12,Collection,201,59
2020-12,Collection,202,58
2020-12,Collection,203,111
2020-12,Collection,204,55
2020-12,Collection,205,62
2020-12,Collection,206,104
2020-12,Collection,207,58
2020-12,Collection,208,104
2020-12,Collection,209,179
2020-12,Collection,210,360
2020-12,Collection,211,197
2020-12,Collection,212,356
2020-12,Collection,301,817
2020-12,Collection,302,436
2020-12,Collection,303,941
2020-12,Collection,304,451
2020-12,Collection,305,476
2020-12,Collection,306,912
2020-12,Collection,307,413
2020-12,Collection,308,410
2020-12,Collection,309,207
2020-12,Collection,310,712
2020-12,Collection,311,582
2020-12,Collection,312,683
2020-12,Collection,313,98
2020-12,Collection,314,335
2020-12,Collection,315,517
2020-12,Collection,316,192
2020-12,Collection,317,513
2020-12,Collection,318,853
2020-12,Collection,401,858
2020-12,Collection,402,219
2020-12,Collection,403,243
2020-12,Collection,404,180
2020-12,Collection,405,1028
2020-12,Collection,406,200
2020-12,Collection,407,886
2020-12,Collection,408,535
2020-12,Collection,409,504
2020-12,Collection,410,727
2020-12,Collection,411,724
2020-12,Collection,412,950
2020-12,Collection,413,910
2020-12,Collection,414,333
2020-12,Collection,501,885
2020-12,Collection,502,713
2020-12,Collection,503,1300
2020-12,Sweeping,103,1
2020-12,Sweeping,106,3
2020-12,Sweeping,107,4
2020-12,Sweeping,108,3
2020-12,Sweeping,110,4
2020-12,Sweeping,111,3
2020-12,Sweeping,112,4
2020-12,Sweeping,203,1
2020-12,Sweeping,205,1
2020-12,Sweeping,207,4
2020-12,Sweeping,211,2
2020-12,Sweeping,212,1
2020-12,Sweeping,301,7
2020-12,Sweeping,302,2
2020-12,Sweeping,303,3
2020-12,Sweeping,305,9
2020-12,Sweeping,306,5
2020-12,Sweeping,307,1
2020-12,Sweeping,308,9
2020-12,Sweeping,309,2
2020-12,Sweeping,310,2
2020-12,Sweeping,311,3
2020-12,Sweeping,312,12
2020-12,Sweeping,314,10
2020-12,Sweeping,315,2
2020-12,Sweeping,316,1
2020-12,Sweeping,317,6
2020-12,Sweeping,318,1
2020-12,Sweeping,401,2
2020-12,Sweeping,403,4
2020-12,Sweeping,404,1
2020-12,Sweeping,406,1
2020-12,Sweeping,407,1
2021-01,Basket,102,5
2021-01,Basket,103,2
2021-01,Basket,104,6
2021-01,Basket,105,1
2021-01,Basket,106,2
2021-01,Basket,107,7
2021-01,Basket,108,8
2021-01,Basket,109,3
2021-01,Basket,110,6
2021-01,Basket,111,2
2021-01,Basket,112,14
2021-01,Basket,164,1
2021-01,Basket,201,3
2021-01,Basket,202,2
2021-01,Basket,204,1
2021-01,Basket,205,5
2021-01,Basket,206,3
2021-01,Basket,207,1
2021-01,Basket,208,1
2021-01,Basket,210,2
2021-01,Basket,212,7
2021-01,Basket,301,12
2021-01,Basket,302,7
2021-01,Basket,303,12
2021-01,Basket,304,1
2021-01,Basket,305,6
2021-01,Basket,306,11
2021-01,Basket,307,4
2021-01,Basket,308,3
2021-01,Basket,309,1
2021-01,Basket,310,3
2021-01,Basket,311,23
2021-01,Basket,312,27
2021-01,Basket,313,1
2021-01,Basket,314,5
2021-01,Basket,315,3
2021-01,Basket,316,3
2021-01,Basket,318,5
2021-01,Basket,401,6
2021-01,Basket,402,2
2021-01,Basket,403,10
2021-01,Basket,404,1
2021-01,Basket,405,11
2021-01,Basket,406,2
2021-01,Basket,407,2
2021-01,Basket,409,5
2021-01,Basket,410,3
2021-01,Basket,411,4
2021-01,Basket,412,7
2021-01,Basket,413,6
2021-01,Basket,501,9
2021-01,Basket,502,5
2021-01,Basket,503,5
2021-01,Collection,101,92
2021-01,Collection,102,322
2021-01,Collection,103,323
2021-01,Collection,104,264
2021-01,Collection,105,89
2021-01,Collection,106,227
2021-01,Collection,107,429
2021-01,Collection,108,422
2021-01,Collection,109,113
2021-01,Collection,110,267
2021-01,Collection,111,139
2021-01,Collection,112,166
2021-01,Collection,201,54
2021-01,Collection,202,68
2021-01,Collection,203,109
2021-01,Collection,204,57
2021-01,Collection,205,78
2021-01,Collection,206,119
2021-01,Collection,207,79
2021-01,Collection,208,109
2021-01,Collection,209,214
2021-01,Collection,210,418
2021-01,Collection,211,260
2021-01,Collection,212,404
2021-01,Collection,301,1007
2021-01,Collection,302,554
2021-01,Collection,303,1155
2021-01,Collection,304,546
2021-01,Collection,305,527
2021-01,Collection,306,1022
2021-01,Collection,307,445
2021-01,Collection,308,501
2021-01,Collection,309,242
2021-01,Collection,310,797
2021-01,Collection,311,650
2021-01,Collection,312,765
2021-01,Collection,313,141
2021-01,Collection,314,407
2021-01,Collection,315,519
2021-01,Collection,316,242
2021-01,Collection,317,513
2021-01,Collection,318,853
2021-01,Collection,401,981
2021-01,Collection,402,259
2021-01,Collection,403,302
2021-01,Collection,404,244
2021-01,Collection,405,1173
2021-01,Collection,406,241
2021-01,Collection,407,956
2021-01,Collection,408,511
2021-01,Collection,409,590
2021-01,Collection,410,809
2021-01,Collection,411,766
2021-01,Collection,412,1058
2021-01,Collection,413,975
2021-01,Collection,414,403
2021-01,Collection,501,1003
2021-01,Collection,502,735
2021-01,Collection,503,1348
2021-01,Sweeping,102,3
2021-01,Sweeping,103,2
2021-01,Sweeping,107,7
2021-01,Sweeping,108,5
2021-01,Sweeping,110,9
2021-01,Sweeping,112,6
2021-01,Sweeping,201,2
2021-01,Sweeping,203,1
2021-01,Sweeping,204,1
2021-01,Sweeping,207,1
2021-01,Sweeping,209,1
2021-01,Sweeping,211,3
2021-01,Sweeping,212,5
2021-01,Sweeping,301,8
2021-01,Sweeping,302,8
2021-01,Sweeping,303,13
2021-01,Sweeping,304,5
2021-01,Sweeping,305,9
2021-01,Sweeping,306,4
2021-01,Sweeping,307,1
2021-01,Sweeping,308,3
2021-01,Sweeping,309,8
2021-01,Sweeping,310,1
2021-01,Sweeping,312,7
2021-01,Sweeping,313,3
2021-01,Sweeping,314,6
2021-01,Sweeping,315,1
2021-01,Sweeping,316,2
2021-01,Sweeping,317,6
2021-01,Sweeping,318,5
2021-01,Sweeping,401,3
2021-01,Sweeping,402,1
2021-01,Sweeping,403,2
2021-01,Sweeping,404,1
2021-01,Sweeping,405,2
2021-01,Sweeping,406,2
2021-01,Sweeping,408,3
2021-01,Sweeping,409,1
2021-01,Sweeping,412,2
2021-02,Basket,101,1
2021-02,Basket,102,2
2021-02,Basket,103,8
2021-02,Basket,104,4
2021-02,Basket,105,3
2021-02,Basket,106,2
2021-02,Basket,107,4
2021-02,Basket,108,2
2021-02,Basket,110,2
2021-02,Basket,111,1
2021-02,Basket,112,11
2021-02,Basket,201,1
2021-02,Basket,202,2
2021-02,Basket,203,1
2021-02,Basket,204,1
2021-02,Basket,206,1
2021-02,Basket,207,1
2021-02,Basket,208,3
2021-02,Basket,209,4
2021-02,Basket,210,3
2021-02,Basket,211,2
2021-02,Basket,301,10
2021-02,Basket,302,2
2021-02,Basket,303,1
2021-02,Basket,304,1
2021-02,Basket,306,1
2021-02,Basket,307,2
2021-02,Basket,308,5
2021-02,Basket,309,2
2021-02,Basket,310,2
2021-02,Basket,311,10
2021-02,Basket,312,1
2021-02,Basket,314,8
2021-02,Basket,315,4
2021-02,Basket,316,2
2021-02,Basket,317,2
2021-02,Basket,355,1
2021-02,Basket,401,3
2021-02,Basket,403,1
2021-02,Basket,404,1
2021-02,Basket,405,4
2021-02,Basket,407,2
2021-02,Basket,408,1
2021-02,Basket,410,4
2021-02,Basket,412,2
2021-02,Basket,414,6
2021-02,Basket,501,1
2021-02,Basket,502,1
2021-02,Basket,503,5
2021-02,Collection,101,79
2021-02,Collection,102,246
2021-02,Collection,103,285
2021-02,Collection,104,222
2021-02,Collection,105,65
2021-02,Collection,106,201
2021-02,Collection,107,353
2021-02,Collection,108,355
2021-02,Collection,109,78
2021-02,Collection,110,180
2021-02,Collection,111,86
2021-02,Collection,112,103
2021-02,Collection,201,37
2021-02,Collection,202,48
2021-02,Collection,203,58
2021-02,Collection,204,46
2021-02,Collection,205,41
2021-02,Collection,206,67
2021-02,Collection,207,57
2021-02,Collection,208,69
2021-02,Collection,209,136
2021-02,Collection,210,249
2021-02,Collection,211,132
2021-02,Collection,212,233
2021-02,Collection,301,676
2021-02,Collection,302,405
2021-02,Collection,303,750
2021-02,Collection,304,381
2021-02,Collection,305,280
2021-02,Collection,306,739
2021-02,Collection,307,320
2021-02,Collection,308,350
2021-02,Collection,309,177
2021-02,Collection,310,533
2021-02,Collection,311,427
2021-02,Collection,312,332
2021-02,Collection,313,104
2021-02,Collection,314,212
2021-02,Collection,315,303
2021-02,Collection,316,139
2021-02,Collection,317,277
2021-02,Collection,318,462
2021-02,Collection,401,749
2021-02,Collection,402,168
2021-02,Collection,403,160
2021-02,Collection,404,173
2021-02,Collection,405,785
2021-02,Collection,406,119
2021-02,Collection,407,495
2021-02,Collection,408,272
2021-02,Collection,409,358
2021-02,Collection,410,488
2021-02,Collection,411,412
2021-02,Collection,412,538
2021-02,Collection,413,514
2021-02,Collection,414,243
2021-02,Collection,501,503
2021-02,Collection,502,410
2021-02,Collection,503,645
2021-02,Sweeping,102,1
2021-02,Sweeping,103,1
2021-02,Sweeping,104,1
2021-02,Sweeping,108,1
2021-02,Sweeping,110,4
2021-02,Sweeping,111,1
2021-02,Sweeping,112,3
2021-02,Sweeping,206,1
2021-02,Sweeping,207,3
2021-02,Sweeping,301,2
2021-02,Sweeping,303,2
2021-02,Sweeping,305,3
2021-02,Sweeping,306,2
2021-02,Sweeping,307,1
2021-02,Sweeping,309,2
2021-02,Sweeping,311,3
2021-02,Sweeping,312,3
2021-02,Sweeping,314,1
2021-02,Sweeping,315,1
2021-02,Sweeping,317,2
2021-02,Sweeping,318,1
2021-02,Sweeping,401,1
2021-02,Sweeping,402,2
2021-02,Sweeping,403,3
2021-03,Basket,101,2
2021-03,Basket,102,17
2021-03,Basket,103,6
2021-03,Basket,104,8
2021-03,Basket,105,11
2021-03,Basket,106,5
2021-03,Basket,107,11
2021-03,Basket,108,14
2021-03,Basket,109,7
2021-03,Basket,110,8
2021-03,Basket,111,1
2021-03,Basket,112,16
2021-03,Basket,201,4
2021-03,Basket,202,4
2021-03,Basket,203,1
2021-03,Basket,204,3
2021-03,Basket,205,3
2021-03,Basket,206,3
2021-03,Basket,207,3
2021-03,Basket,208,11
2021-03,Basket,209,4
2021-03,Basket,210,3
2021-03,Basket,211,2
2021-03,Basket,212,5
2021-03,Basket,301,21
2021-03,Basket,302,23
2021-03,Basket,303,12
2021-03,Basket,304,2
2021-03,Basket,305,12
2021-03,Basket,306,5
2021-03,Basket,307,5
2021-03,Basket,308,32
2021-03,Basket,309,10
2021-03,Basket,310,2
2021-03,Basket,311,24
2021-03,Basket,312,5
2021-03,Basket,313,2
2021-03,Basket,314,1
2021-03,Basket,315,5
2021-03,Basket,316,1
2021-03,Basket,317,8
2021-03,Basket,318,6
2021-03,Basket,401,10
2021-03,Basket,402,12
2021-03,Basket,403,6
2021-03,Basket,404,1
2021-03,Basket,405,5
2021-03,Basket,406,1
2021-03,Basket,407,5
2021-03,Basket,408,4
2021-03,Basket,409,1
2021-03,Basket,410,4
2021-03,Basket,411,8
2021-03,Basket,412,5
2021-03,Basket,413,4
2021-03,Basket,414,3
2021-03,Basket,501,9
2021-03,Basket,502,3
2021-03,Basket,503,11
2021-03,Collection,101,109
2021-03,Collection,102,381
2021-03,Collection,103,384
2021-03,Collection,104,337
2021-03,Collection,105,115
2021-03,Collection,106,323
2021-03,Collection,107,545
2021-03,Collection,108,534
2021-03,Collection,109,129
2021-03,Collection,110,359
2021-03,Collection,111,121
2021-03,Collection,112,148
2021-03,Collection,201,86
2021-03,Collection,202,86
2021-03,Collection,203,154
2021-03,Collection,204,76
2021-03,Collection,205,102
2021-03,Collection,206,174
2021-03,Collection,207,77
2021-03,Collection,208,130
2021-03,Collection,209,244
2021-03,Collection,210,519
2021-03,Collection,211,254
2021-03,Collection,212,523
2021-03,Collection,301,1307
2021-03,Collection,302,573
2021-03,Collection,303,1534
2021-03,Collection,304,594
2021-03,Collection,305,884
2021-03,Collection,306,1240
2021-03,Collection,307,624
2021-03,Collection,308,631
2021-03,Collection,309,393
2021-03,Collection,310,1047
2021-03,Collection,311,914
2021-03,Collection,312,1403
2021-03,Collection,313,198
2021-03,Collection,314,701
2021-03,Collection,315,781
2021-03,Collection,316,377
2021-03,Collection,317,794
2021-03,Collection,318,1452
2021-03,Collection,401,1093
2021-03,Collection,402,278
2021-03,Collection,403,370
2021-03,Collection,404,293
2021-03,Collection,405,1365
2021-03,Collection,406,290
2021-03,Collection,407,1075
2021-03,Collection,408,692
2021-03,Collection,409,756
2021-03,Collection,410,1167
2021-03,Collection,411,942
2021-03,Collection,412,1407
2021-03,Collection,413,1247
2021-03,Collection,414,591
2021-03,Collection,501,1422
2021-03,Collection,502,1297
2021-03,Collection,503,2048
2021-03,Sweeping,101,1
2021-03,Sweeping,102,2
2021-03,Sweeping,103,4
2021-03,Sweeping,104,1
2021-03,Sweeping,106,1
2021-03,Sweeping,107,9
2021-03,Sweeping,108,8
2021-03,Sweeping,109,6
2021-03,Sweeping,110,9
2021-03,Sweeping,111,4
2021-03,Sweeping,112,9
2021-03,Sweeping,201,2
2021-03,Sweeping,202,1
2021-03,Sweeping,203,1
2021-03,Sweeping,204,4
2021-03,Sweeping,207,3
2021-03,Sweeping,209,3
2021-03,Sweeping,212,2
2021-03,Sweeping,301,17
2021-03,Sweeping,302,7
2021-03,Sweeping,303,30
2021-03,Sweeping,304,6
2021-03,Sweeping,305,18
2021-03,Sweeping,306,5
2021-03,Sweeping,307,3
2021-03,Sweeping,308,9
2021-03,Sweeping,309,4
2021-03,Sweeping,310,2
2021-03,Sweeping,311,3
2021-03,Sweeping,312,30
2021-03,Sweeping,313,5
2021-03,Sweeping,314,10
2021-03,Sweeping,315,8
2021-03,Sweeping,316,7
2021-03,Sweeping,317,16
2021-03,Sweeping,318,7
2021-03,Sweeping,401,3
2021-03,Sweeping,402,1
2021-03,Sweeping,403,2
2021-03,Sweeping,404,1
2021-03,Sweeping,405,2
2021-03,Sweeping,406,2
2021-03,Sweeping,407,1
2021-03,Sweeping,412,1
2021-03,Sweeping,414,3
2021-04,Basket,101,2
2021-04,Basket,102,7
2021-04,Basket,103,11
2021-04,Basket,104,2
2021-04,Basket,105,9
2021-04,Basket,106,14
2021-04,Basket,107,9
2021-04,Basket,108,3
2021-04,Basket,109,7
2021-04,Basket,110,3
2021-04,Basket,111,6
2021-04,Basket,112,21
2021-04,Basket,201,2
2021-04,Basket,202,2
2021-04,Basket,203,1
2021-04,Basket,204,3
2021-04,Basket,206,1
2021-04,Basket,207,7
2021-04,Basket,208,18
2021-04,Basket,209,3
2021-04,Basket,210,5
2021-04,Basket,212,30
2021-04,Basket,301,6
2021-04,Basket,302,11
2021-04,Basket,303,7
2021-04,Basket,304,3
2021-04,Basket,305,5
2021-04,Basket,306,4
2021-04,Basket,307,8
2021-04,Basket,308,2
2021-04,Basket,309,7
2021-04,Basket,310,9
2021-04,Basket,311,15
2021-04,Basket,312,6
2021-04,Basket,313,2
2021-04,Basket,314,8
2021-04,Basket,315,9
2021-04,Basket,316,5
2021-04,Basket,317,3
2021-04,Basket,318,9
2021-04,Basket,355,2
2021-04,Basket,401,9
2021-04,Basket,402,4
2021-04,Basket,403,12
2021-04,Basket,404,5
2021-04,Basket,405,4
2021-04,Basket,407,2
2021-04,Basket,409,3
2021-04,Basket,410,4
2021-04,Basket,411,3
2021-04,Basket,412,7
2021-04,Basket,413,7
2021-04,Basket,414,3
2021-04,Basket,501,5
2021-04,Basket,502,2
2021-04,Basket,503,6
2021-04,Collection,101,121
2021-04,Collection,102,381
2021-04,Collection,103,401
2021-04,Collection,104,372
2021-04,Collection,105,125
2021-04,Collection,106,346
2021-04,Collection,107,503
2021-04,Collection,108,495
2021-04,Collection,109,126
2021-04,Collection,110,341
2021-04,Collection,111,133
2021-04,Collection,112,169
2021-04,Collection,201,75
2021-04,Collection,202,79
2021-04,Collection,203,126
2021-04,Collection,204,71
2021-04,Collection,205,78
2021-04,Collection,206,138
2021-04,Collection,207,101
2021-04,Collection,208,156
2021-04,Collection,209,234
2021-04,Collection,210,449
2021-04,Collection,211,283
2021-04,Collection,212,491
2021-04,Collection,301,973
2021-04,Collection,302,555
2021-04,Collection,303,1113
2021-04,Collection,304,564
2021-04,Collection,305,637
2021-04,Collection,306,1025
2021-04,Collection,307,503
2021-04,Collection,308,581
2021-04,Collection,309,268
2021-04,Collection,310,808
2021-04,Collection,311,744
2021-04,Collection,312,796
2021-04,Collection,313,151
2021-04,Collection,314,498
2021-04,Collection,315,528
2021-04,Collection,316,237
2021-04,Collection,317,530
2021-04,Collection,318,998
2021-04,Collection,401,998
2021-04,Collection,402,246
2021-04,Collection,403,298
2021-04,Collection,404,264
2021-04,Collection,405,1215
2021-04,Collection,406,253
2021-04,Collection,407,1086
2021-04,Collection,408,642
2021-04,Collection,409,729
2021-04,Collection,410,1050
2021-04,Collection,411,863
2021-04,Collection,412,1392
2021-04,Collection,413,1259
2021-04,Collection,414,526
2021-04,Collection,501,1141
2021-04,Collection,502,829
2021-04,Collection,503,1357
2021-04,Sweeping,103,4
2021-04,Sweeping,104,1
2021-04,Sweeping,105,1
2021-04,Sweeping,107,7
2021-04,Sweeping,108,2
2021-04,Sweeping,109,1
2021-04,Sweeping,110,3
2021-04,Sweeping,111,1
2021-04,Sweeping,112,5
2021-04,Sweeping,201,2
2021-04,Sweeping,202,1
2021-04,Sweeping,203,4
2021-04,Sweeping,204,1
2021-04,Sweeping,205,3
2021-04,Sweeping,207,3
2021-04,Sweeping,210,1
2021-04,Sweeping,211,2
2021-04,Sweeping,212,3
2021-04,Sweeping,301,3
2021-04,Sweeping,302,1
2021-04,Sweeping,303,17
2021-04,Sweeping,304,1
2021-04,Sweeping,305,5
2021-04,Sweeping,308,1
2021-04,Sweeping,309,6
2021-04,Sweeping,312,5
2021-04,Sweeping,313,1
2021-04,Sweeping,314,3
2021-04,Sweeping,316,4
2021-04,Sweeping,317,7
2021-04,Sweeping,318,5
2021-04,Sweeping,401,1
2021-04,Sweeping,402,1
2021-04,Sweeping,403,1
2021-04,Sweeping,405,1
2021-04,Sweeping,406,1
2021-04,Sweeping,411,1
2021-04,Sweeping,412,1
2021-04,Sweeping,414,1
2021-05,Basket,101,3
2021-05,Basket,102,9
2021-05,Basket,103,6
2021-05,Basket,104,13
2021-05,Basket,105,5
2021-05,Basket,106,4
2021-05,Basket,107,19
2021-05,Basket,108,5
2021-05,Basket,109,3
2021-05,Basket,110,7
2021-05,Basket,111,6
2021-05,Basket,112,16
2021-05,Basket,202,1
2021-05,Basket,203,5
2021-05,Basket,204,5
2021-05,Basket,205,3
2021-05,Basket,206,4
2021-05,Basket,207,5
2021-05,Basket,208,25
2021-05,Basket,209,6
2021-05,Basket,210,3
2021-05,Basket,211,2
2021-05,Basket,212,17
2021-05,Basket,301,27
2021-05,Basket,302,9
2021-05,Basket,303,12
2021-05,Basket,304,2
2021-05,Basket,305,5
2021-05,Basket,306,8
2021-05,Basket,307,6
2021-05,Basket,308,11
2021-05,Basket,309,9
2021-05,Basket,310,5
2021-05,Basket,311,19
2021-05,Basket,312,7
2021-05,Basket,313,3
2021-05,Basket,314,5
2021-05,Basket,315,6
2021-05,Basket,316,3
2021-05,Basket,317,2
2021-05,Basket,318,4
2021-05,Basket,355,1
2021-05,Basket,401,14
2021-05,Basket,402,14
2021-05,Basket,403,10
2021-05,Basket,404,2
2021-05,Basket,405,5
2021-05,Basket,406,7
2021-05,Basket,407,7
2021-05,Basket,408,4
2021-05,Basket,409,2
2021-05,Basket,410,1
2021-05,Basket,411,2
2021-05,Basket,412,10
2021-05,Basket,413,6
2021-05,Basket,414,2
2021-05,Basket,482,1
2021-05,Basket,501,15
2021-05,Basket,502,2
2021-05,Basket,503,11
2021-05,Collection,101,116
2021-05,Collection,102,443
2021-05,Collection,103,478
2021-05,Collection,104,448
2021-05,Collection,105,149
2021-05,Collection,106,312
2021-05,Collection,107,555
2021-05,Collection,108,586
2021-05,Collection,109,160
2021-05,Collection,110,323
2021-05,Collection,111,144
2021-05,Collection,112,200
2021-05,Collection,201,95
2021-05,Collection,202,84
2021-05,Collection,203,105
2021-05,Collection,204,97
2021-05,Collection,205,76
2021-05,Collection,206,166
2021-05,Collection,207,86
2021-05,Collection,208,130
2021-05,Collection,209,230
2021-05,Collection,210,466
2021-05,Collection,211,261
2021-05,Collection,212,466
2021-05,Collection,301,1000
2021-05,Collection,302,584
2021-05,Collection,303,1215
2021-05,Collection,304,535
2021-05,Collection,305,560
2021-05,Collection,306,1053
2021-05,Collection,307,530
2021-05,Collection,308,518
2021-05,Collection,309,323
2021-05,Collection,310,864
2021-05,Collection,311,681
2021-05,Collection,312,758
2021-05,Collection,313,191
2021-05,Collection,314,510
2021-05,Collection,315,543
2021-05,Collection,316,199
2021-05,Collection,317,546
2021-05,Collection,318,971
2021-05,Collection,355,1
2021-05,Collection,401,1064
2021-05,Collection,402,271
2021-05,Collection,403,299
2021-05,Collection,404,274
2021-05,Collection,405,1232
2021-05,Collection,406,296
2021-05,Collection,407,1215
2021-05,Collection,408,568
2021-05,Collection,409,669
2021-05,Collection,410,1122
2021-05,Collection,411,821
2021-05,Collection,412,1255
2021-05,Collection,413,1346
2021-05,Collection,414,501
2021-05,Collection,501,1241
2021-05,Collection,502,847
2021-05,Collection,503,1432
2021-05,Collection,595,1
2021-05,Sweeping,102,1
2021-05,Sweeping,103,3
2021-05,Sweeping,104,2
2021-05,Sweeping,107,4
2021-05,Sweeping,108,3
2021-05,Sweeping,110,4
2021-05,Sweeping,111,3
2021-05,Sweeping,112,1
2021-05,Sweeping,201,1
2021-05,Sweeping,203,1
2021-05,Sweeping,204,2
2021-05,Sweeping,205,2
2021-05,Sweeping,206,1
2021-05,Sweeping,207,3
2021-05,Sweeping,208,4
2021-05,Sweeping,209,1
2021-05,Sweeping,211,1
2021-05,Sweeping,212,2
2021-05,Sweeping,301,7
2021-05,Sweeping,302,5
2021-05,Sweeping,303,12
2021-05,Sweeping,304,8
2021-05,Sweeping,305,4
2021-05,Sweeping,306,3
2021-05,Sweeping,307,1
2021-05,Sweeping,308,8
2021-05,Sweeping,309,5
2021-05,Sweeping,310,2
2021-05,Sweeping,311,1
2021-05,Sweeping,312,2
2021-05,Sweeping,313,2
2021-05,Sweeping,314,8
2021-05,Sweeping,315,4
2021-05,Sweeping,316,2
2021-05,Sweeping,317,16
2021-05,Sweeping,318,2
2021-05,Sweeping,401,2
2021-05,Sweeping,403,5
2021-05,Sweeping,404,2
2021-05,Sweeping,405,2
2021-05,Sweeping,407,2
2021-05,Sweeping,408,2
2021-05,Sweeping,409,1
2021-05,Sweeping,410,1
2021-05,Sweeping,412,2
2021-05,Sweeping,413,3
2021-05,Sweeping,414,1
2021-05,Sweeping,501,2
2021-06,Basket,101,1
2021-06,Basket,102,12
2021-06,Basket,103,12
2021-06,Basket,104,5
2021-06,Basket,105,5
2021-06,Basket,106,9
2021-06,Basket,107,15
2021-06,Basket,108,16
2021-06,Basket,109,10
2021-06,Basket,110,12
2021-06,Basket,111,6
2021-06,Basket,112,35
2021-06,Basket,201,5
2021-06,Basket,203,2
2021-06,Basket,204,7
2021-06,Basket,205,5
2021-06,Basket,206,5
2021-06,Basket,207,3
2021-06,Basket,208,9
2021-06,Basket,209,5
2021-06,Basket,210,6
2021-06,Basket,211,6
2021-06,Basket,212,20
2021-06,Basket,301,21
2021-06,Basket,302,16
2021-06,Basket,303,27
2021-06,Basket,304,1
2021-06,Basket,305,20
2021-06,Basket,306,11
2021-06,Basket,307,10
2021-06,Basket,308,9
2021-06,Basket,309,8
2021-06,Basket,310,18
2021-06,Basket,311,22
2021-06,Basket,312,19
2021-06,Basket,313,3
2021-06,Basket,314,20
2021-06,Basket,315,19
2021-06,Basket,316,4
2021-06,Basket,317,6
2021-06,Basket,318,7
2021-06,Basket,355,1
2021-06,Basket,401,20
2021-06,Basket,402,6
2021-06,Basket,403,14
2021-06,Basket,404,5
2021-06,Basket,405,4
2021-06,Basket,406,5
2021-06,Basket,407,8
2021-06,Basket,408,3
2021-06,Basket,409,8
2021-06,Basket,410,7
2021-06,Basket,411,3
2021-06,Basket,412,6
2021-06,Basket,413,6
2021-06,Basket,414,6
2021-06,Basket,501,18
2021-06,Basket,502,5
2021-06,Basket,503,19
2021-06,Collection,101,141
2021-06,Collection,102,473
2021-06,Collection,103,485
2021-06,Collection,104,416
2021-06,Collection,105,144
2021-06,Collection,106,370
2021-06,Collection,107,643
2021-06,Collection,108,660
2021-06,Collection,109,164
2021-06,Collection,110,323
2021-06,Collection,111,204
2021-06,Collection,112,261
2021-06,Collection,201,88
2021-06,Collection,202,98
2021-06,Collection,203,130
2021-06,Collection,204,81
2021-06,Collection,205,88
2021-06,Collection,206,164
2021-06,Collection,207,114
2021-06,Collection,208,155
2021-06,Collection,209,248
2021-06,Collection,210,477
2021-06,Collection,211,283
2021-06,Collection,212,495
2021-06,Collection,301,1111
2021-06,Collection,302,623
2021-06,Collection,303,1221
2021-06,Collection,304,580
2021-06,Collection,305,654
2021-06,Collection,306,1119
2021-06,Collection,307,535
2021-06,Collection,308,612
2021-06,Collection,309,361
2021-06,Collection,310,939
2021-06,Collection,311,784
2021-06,Collection,312,905
2021-06,Collection,313,171
2021-06,Collection,314,521
2021-06,Collection,315,642
2021-06,Collection,316,241
2021-06,Collection,317,541
2021-06,Collection,318,927
2021-06,Collection,401,1138
2021-06,Collection,402,301
2021-06,Collection,403,308
2021-06,Collection,404,307
2021-06,Collection,405,1270
2021-06,Collection,406,304
2021-06,Collection,407,1259
2021-06,Collection,408,710
2021-06,Collection,409,661
2021-06,Collection,410,1047
2021-06,Collection,411,1005
2021-06,Collection,412,1329
2021-06,Collection,413,1351
2021-06,Collection,414,501
2021-06,Collection,501,1263
2021-06,Collection,502,893
2021-06,Collection,503,1390
2021-06,Sweeping,102,4
2021-06,Sweeping,103,1
2021-06,Sweeping,104,3
2021-06,Sweeping,106,3
2021-06,Sweeping,107,5
2021-06,Sweeping,108,6
2021-06,Sweeping,109,2
2021-06,Sweeping,110,5
2021-06,Sweeping,111,4
2021-06,Sweeping,112,2
2021-06,Sweeping,203,5
2021-06,Sweeping,204,3
2021-06,Sweeping,205,1
2021-06,Sweeping,206,1
2021-06,Sweeping,207,3
2021-06,Sweeping,209,4
2021-06,Sweeping,211,1
2021-06,Sweeping,212,5
2021-06,Sweeping,301,10
2021-06,Sweeping,302,5
2021-06,Sweeping,303,12
2021-06,Sweeping,304,8
2021-06,Sweeping,305,9
2021-06,Sweeping,306,2
2021-06,Sweeping,307,1
2021-06,Sweeping,308,1
2021-06,Sweeping,309,4
2021-06,Sweeping,310,4
2021-06,Sweeping,311,3
2021-06,Sweeping,312,7
2021-06,Sweeping,313,1
2021-06,Sweeping,314,9
2021-06,Sweeping,315,1
2021-06,Sweeping,316,4
2021-06,Sweeping,317,6
2021-06,Sweeping,318,4
2021-06,Sweeping,401,6
2021-06,Sweeping,402,1
2021-06,Sweeping,403,5
2021-06,Sweeping,405,2
2021-06,Sweeping,406,4
2021-06,Sweeping,411,1
2021-06,Sweeping,412,2
2021-06,Sweeping,413,1
2021-06,Sweeping,414,1
2021-06,Sweeping,503,1
2021-07,Basket,101,8
2021-07,Basket,102,19
2021-07,Basket,103,10
2021-07,Basket,104,4
2021-07,Basket,105,12
2021-07,Basket,106,6
2021-07,Basket,107,21
2021-07,Basket,108,10
2021-07,Basket,109,13
2021-07,Basket,110,10
2021-07,Basket,111,7
2021-07,Basket,112,18
2021-07,Basket,201,4
2021-07,Basket,202,9
2021-07,Basket,204,10
2021-07,Basket,205,1
2021-07,Basket,206,3
2021-07,Basket,207,8
2021-07,Basket,208,10
2021-07,Basket,209,6
2021-07,Basket,210,7
2021-07,Basket,211,4
2021-07,Basket,212,19
2021-07,Basket,301,12
2021-07,Basket,302,12
2021-07,Basket,303,22
2021-07,Basket,304,4
2021-07,Basket,305,9
2021-07,Basket,306,5
2021-07,Basket,307,15
2021-07,Basket,308,13
2021-07,Basket,309,11
2021-07,Basket,310,16
2021-07,Basket,311,10
2021-07,Basket,312,11
2021-07,Basket,313,2
2021-07,Basket,314,9
2021-07,Basket,315,16
2021-07,Basket,316,6
2021-07,Basket,317,7
2021-07,Basket,318,7
2021-07,Basket,401,11
2021-07,Basket,402,8
2021-07,Basket,403,16
2021-07,Basket,404,16
2021-07,Basket,405,12
2021-07,Basket,406,2
2021-07,Basket,407,7
2021-07,Basket,408,6
2021-07,Basket,410,2
2021-07,Basket,411,22
2021-07,Basket,412,5
2021-07,Basket,413,8
2021-07,Basket,414,5
2021-07,Basket,481,2
2021-07,Basket,501,18
2021-07,Basket,502,6
2021-07,Basket,503,18
2021-07,Collection,101,125
2021-07,Collection,102,479
2021-07,Collection,103,496
2021-07,Collection,104,364
2021-07,Collection,105,153
2021-07,Collection,106,359
2021-07,Collection,107,611
2021-07,Collection,108,625
2021-07,Collection,109,188
2021-07,Collection,110,407
2021-07,Collection,111,161
2021-07,Collection,112,239
2021-07,Collection,201,81
2021-07,Collection,202,102
2021-07,Collection,203,151
2021-07,Collection,204,96
2021-07,Collection,205,113
2021-07,Collection,206,160
2021-07,Collection,207,89
2021-07,Collection,208,135
2021-07,Collection,209,247
2021-07,Collection,210,476
2021-07,Collection,211,285
2021-07,Collection,212,521
2021-07,Collection,301,1083
2021-07,Collection,302,649
2021-07,Collection,303,1342
2021-07,Collection,304,708
2021-07,Collection,305,692
2021-07,Collection,306,1055
2021-07,Collection,307,570
2021-07,Collection,308,636
2021-07,Collection,309,348
2021-07,Collection,310,919
2021-07,Collection,311,786
2021-07,Collection,312,853
2021-07,Collection,313,191
2021-07,Collection,314,452
2021-07,Collection,315,587
2021-07,Collection,316,253
2021-07,Collection,317,609
2021-07,Collection,318,905
2021-07,Collection,401,1110
2021-07,Collection,402,284
2021-07,Collection,403,321
2021-07,Collection,404,326
2021-07,Collection,405,1202
2021-07,Collection,406,264
2021-07,Collection,407,1266
2021-07,Collection,408,680
2021-07,Collection,409,608
2021-07,Collection,410,1032
2021-07,Collection,411,1014
2021-07,Collection,412,1484
2021-07,Collection,413,1346
2021-07,Collection,414,460
2021-07,Collection,501,1157
2021-07,Collection,502,942
2021-07,Collection,503,1382
2021-07,Sweeping,102,1
2021-07,Sweeping,103,1
2021-07,Sweeping,104,2
2021-07,Sweeping,105,1
2021-07,Sweeping,107,5
2021-07,Sweeping,108,3
2021-07,Sweeping,110,5
2021-07,Sweeping,112,6
2021-07,Sweeping,201,2
2021-07,Sweeping,202,1
2021-07,Sweeping,203,4
2021-07,Sweeping,204,4
2021-07,Sweeping,205,3
2021-07,Sweeping,206,1
2021-07,Sweeping,207,3
2021-07,Sweeping,208,4
2021-07,Sweeping,209,2
2021-07,Sweeping,211,2
2021-07,Sweeping,212,4
2021-07,Sweeping,301,7
2021-07,Sweeping,302,7
2021-07,Sweeping,303,20
2021-07,Sweeping,304,7
2021-07,Sweeping,305,26
2021-07,Sweeping,306,2
2021-07,Sweeping,307,2
2021-07,Sweeping,308,3
2021-07,Sweeping,309,6
2021-07,Sweeping,310,1
2021-07,Sweeping,311,2
2021-07,Sweeping,312,6
2021-07,Sweeping,314,13
2021-07,Sweeping,315,2
2021-07,Sweeping,316,7
2021-07,Sweeping,317,21
2021-07,Sweeping,318,4
2021-07,Sweeping,401,5
2021-07,Sweeping,402,4
2021-07,Sweeping,403,5
2021-07,Sweeping,404,1
2021-07,Sweeping,405,2
2021-07,Sweeping,406,1
2021-07,Sweeping,408,2
2021-07,Sweeping,414,1
2021-08,Basket,101,4
2021-08,Basket,102,13
2021-08,Basket,103,9
2021-08,Basket,104,42
2021-08,Basket,105,18
2021-08,Basket,106,6
2021-08,Basket,107,18
2021-08,Basket,108,4
2021-08,Basket,109,14
2021-08,Basket,110,15
2021-08,Basket,111,4
2021-08,Basket,112,24
2021-08,Basket,164,1
2021-08,Basket,201,5
2021-08,Basket,202,2
2021-08,Basket,203,2
2021-08,Basket,204,5
2021-08,Basket,205,2
2021-08,Basket,206,3
2021-08,Basket,207,8
2021-08,Basket,208,8
2021-08,Basket,209,14
2021-08,Basket,210,5
2021-08,Basket,211,3
2021-08,Basket,212,24
2021-08,Basket,301,18
2021-08,Basket,302,15
2021-08,Basket,303,12
2021-08,Basket,304,6
2021-08,Basket,305,8
2021-08,Basket,306,4
2021-08,Basket,307,32
2021-08,Basket,308,6
2021-08,Basket,309,6
2021-08,Basket,310,10
2021-08,Basket,311,13
2021-08,Basket,312,9
2021-08,Basket,313,3
2021-08,Basket,314,17
2021-08,Basket,315,13
2021-08,Basket,316,4
2021-08,Basket,317,5
2021-08,Basket,318,4
2021-08,Basket,401,22
2021-08,Basket,402,9
2021-08,Basket,403,9
2021-08,Basket,404,6
2021-08,Basket,405,5
2021-08,Basket,407,5
2021-08,Basket,408,14
2021-08,Basket,409,5
2021-08,Basket,410,5
2021-08,Basket,411,2
2021-08,Basket,412,8
2021-08,Basket,413,8
2021-08,Basket,414,4
2021-08,Basket,481,1
2021-08,Basket,501,33
2021-08,Basket,502,4
2021-08,Basket,503,1
2021-08,Collection,101,136
2021-08,Collection,102,456
2021-08,Collection,103,452
2021-08,Collection,104,410
2021-08,Collection,105,145
2021-08,Collection,106,335
2021-08,Collection,107,543
2021-08,Collection,108,530
2021-08,Collection,109,145
2021-08,Collection,110,338
2021-08,Collection,111,155
2021-08,Collection,112,194
2021-08,Collection,201,96
2021-08,Collection,202,63
2021-08,Collection,203,129
2021-08,Collection,204,109
2021-08,Collection,205,91
2021-08,Collection,206,180
2021-08,Collection,207,106
2021-08,Collection,208,143
2021-08,Collection,209,260
2021-08,Collection,210,487
2021-08,Collection,211,332
2021-08,Collection,212,492
2021-08,Collection,301,1155
2021-08,Collection,302,639
2021-08,Collection,303,1201
2021-08,Collection,304,638
2021-08,Collection,305,630
2021-08,Collection,306,1092
2021-08,Collection,307,592
2021-08,Collection,308,599
2021-08,Collection,309,325
2021-08,Collection,310,861
2021-08,Collection,311,742
2021-08,Collection,312,1089
2021-08,Collection,313,179
2021-08,Collection,314,528
2021-08,Collection,315,619
2021-08,Collection,316,230
2021-08,Collection,317,623
2021-08,Collection,318,927
2021-08,Collection,401,1092
2021-08,Collection,402,291
2021-08,Collection,403,326
2021-08,Collection,404,299
2021-08,Collection,405,1248
2021-08,Collection,406,269
2021-08,Collection,407,1303
2021-08,Collection,408,661
2021-08,Collection,409,709
2021-08,Collection,410,922
2021-08,Collection,411,954
2021-08,Collection,412,1412
2021-08,Collection,413,1248
2021-08,Collection,414,431
2021-08,Collection,501,1067
2021-08,Collection,502,904
2021-08,Collection,503,1170
2021-08,Sweeping,102,2
2021-08,Sweeping,103,1
2021-08,Sweeping,104,5
2021-08,Sweeping,107,3
2021-08,Sweeping,108,1
2021-08,Sweeping,109,1
2021-08,Sweeping,110,12
2021-08,Sweeping,111,1
2021-08,Sweeping,112,7
2021-08,Sweeping,164,1
2021-08,Sweeping,201,5
2021-08,Sweeping,202,3
2021-08,Sweeping,203,1
2021-08,Sweeping,204,2
2021-08,Sweeping,205,5
2021-08,Sweeping,206,1
2021-08,Sweeping,207,9
2021-08,Sweeping,208,1
2021-08,Sweeping,209,9
2021-08,Sweeping,210,2
2021-08,Sweeping,212,12
2021-08,Sweeping,301,8
2021-08,Sweeping,302,6
2021-08,Sweeping,303,21
2021-08,Sweeping,304,7
2021-08,Sweeping,305,21
2021-08,Sweeping,306,1
2021-08,Sweeping,307,1
2021-08,Sweeping,308,6
2021-08,Sweeping,309,11
2021-08,Sweeping,310,4
2021-08,Sweeping,311,4
2021-08,Sweeping,312,12
2021-08,Sweeping,313,3
2021-08,Sweeping,314,14
2021-08,Sweeping,315,2
2021-08,Sweeping,316,5
2021-08,Sweeping,317,15
2021-08,Sweeping,318,21
2021-08,Sweeping,401,4
2021-08,Sweeping,402,2
2021-08,Sweeping,403,9
2021-08,Sweeping,404,2
2021-08,Sweeping,405,2
2021-08,Sweeping,406,2
2021-08,Sweeping,410,1
2021-08,Sweeping,412,3
2021-08,Sweeping,413,1
2021-08,Sweeping,414,2
2021-09,Basket,101,7
2021-09,Basket,102,26
2021-09,Basket,103,14
2021-09,Basket,104,17
2021-09,Basket,105,21
2021-09,Basket,106,10
2021-09,Basket,107,20
2021-09,Basket,108,6
2021-09,Basket,109,12
2021-09,Basket,110,12
2021-09,Basket,111,11
2021-09,Basket,112,20
2021-09,Basket,201,6
2021-09,Basket,202,1
2021-09,Basket,203,9
2021-09,Basket,204,8
2021-09,Basket,205,3
2021-09,Basket,206,2
2021-09,Basket,207,9
2021-09,Basket,208,9
2021-09,Basket,210,7
2021-09,Basket,211,3
2021-09,Basket,212,27
2021-09,Basket,301,15
2021-09,Basket,302,14
2021-09,Basket,303,17
2021-09,Basket,304,6
2021-09,Basket,306,8
2021-09,Basket,307,11
2021-09,Basket,308,6
2021-09,Basket,309,5
2021-09,Basket,310,14
2021-09,Basket,311,7
2021-09,Basket,312,6
2021-09,Basket,313,1
2021-09,Basket,314,6
2021-09,Basket,315,14
2021-09,Basket,316,4
2021-09,Basket,317,6
2021-09,Basket,318,4
2021-09,Basket,355,1
2021-09,Basket,401,30
2021-09,Basket,402,11
2021-09,Basket,403,19
2021-09,Basket,404,8
2021-09,Basket,405,9
2021-09,Basket,406,5
2021-09,Basket,407,3
2021-09,Basket,408,6
2021-09,Basket,409,1
2021-09,Basket,410,1
2021-09,Basket,411,7
2021-09,Basket,412,9
2021-09,Basket,413,3
2021-09,Basket,414,1
2021-09,Basket,481,2
2021-09,Basket,501,17
2021-09,Basket,502,6
2021-09,Basket,503,7
2021-09,Collection,101,123
2021-09,Collection,102,373
2021-09,Collection,103,388
2021-09,Collection,104,346
2021-09,Collection,105,140
2021-09,Collection,106,293
2021-09,Collection,107,507
2021-09,Collection,108,394
2021-09,Collection,109,111
2021-09,Collection,110,295
2021-09,Collection,111,138
2021-09,Collection,112,145
2021-09,Collection,201,68
2021-09,Collection,202,102
2021-09,Collection,203,137
2021-09,Collection,204,87
2021-09,Collection,205,87
2021-09,Collection,206,116
2021-09,Collection,207,86
2021-09,Collection,208,135
2021-09,Collection,209,297
2021-09,Collection,210,603
2021-09,Collection,211,352
2021-09,Collection,212,544
2021-09,Collection,301,1001
2021-09,Collection,302,620
2021-09,Collection,303,1108
2021-09,Collection,304,617
2021-09,Collection,305,557
2021-09,Collection,306,1119
2021-09,Collection,307,577
2021-09,Collection,308,582
2021-09,Collection,309,357
2021-09,Collection,310,850
2021-09,Collection,311,754
2021-09,Collection,312,909
2021-09,Collection,313,187
2021-09,Collection,314,412
2021-09,Collection,315,521
2021-09,Collection,316,269
2021-09,Collection,317,553
2021-09,Collection,318,836
2021-09,Collection,401,1136
2021-09,Collection,402,354
2021-09,Collection,403,416
2021-09,Collection,404,346
2021-09,Collection,405,1317
2021-09,Collection,406,340
2021-09,Collection,407,1780
2021-09,Collection,408,714
2021-09,Collection,409,646
2021-09,Collection,410,940
2021-09,Collection,411,1284
2021-09,Collection,412,1262
2021-09,Collection,413,1173
2021-09,Collection,414,387
2021-09,Collection,501,1158
2021-09,Collection,502,943
2021-09,Collection,503,1262
2021-09,Collection,595,1
2021-09,Sweeping,102,1
2021-09,Sweeping,103,1
2021-09,Sweeping,107,13
2021-09,Sweeping,108,5
2021-09,Sweeping,109,2
2021-09,Sweeping,110,2
2021-09,Sweeping,111,3
2021-09,Sweeping,112,2
2021-09,Sweeping,201,1
2021-09,Sweeping,202,1
2021-09,Sweeping,204,6
2021-09,Sweeping,206,3
2021-09,Sweeping,207,7
2021-09,Sweeping,208,3
2021-09,Sweeping,209,2
2021-09,Sweeping,210,1
2021-09,Sweeping,212,5
2021-09,Sweeping,301,4
2021-09,Sweeping,302,4
2021-09,Sweeping,303,9
2021-09,Sweeping,304,7
2021-09,Sweeping,305,10
2021-09,Sweeping,307,1
2021-09,Sweeping,308,5
2021-09,Sweeping,309,7
2021-09,Sweeping,310,3
2021-09,Sweeping,311,3
2021-09,Sweeping,312,4
2021-09,Sweeping,314,3
2021-09,Sweeping,315,2
2021-09,Sweeping,316,1
2021-09,Sweeping,317,11
2021-09,Sweeping,318,4
2021-09,Sweeping,401,3
2021-09,Sweeping,402,1
2021-09,Sweeping,403,3
2021-09,Sweeping,404,1
2021-09,Sweeping,406,1
2021-09,Sweeping,407,1
2021-09,Sweeping,409,1
2021-09,Sweeping,412,3
2021-10,Basket,101,4
2021-10,Basket,102,58
2021-10,Basket,103,10
2021-10,Basket,104,24
2021-10,Basket,105,5
2021-10,Basket,106,8
2021-10,Basket,107,39
2021-10,Basket,108,12
2021-10,Basket,109,26
2021-10,Basket,110,10
2021-10,Basket,111,7
2021-10,Basket,112,14
2021-10,Basket,164,3
2021-10,Basket,201,11
2021-10,Basket,203,4
2021-10,Basket,204,3
2021-10,Basket,205,1
2021-10,Basket,206,3
2021-10,Basket,207,3
2021-10,Basket,208,8
2021-10,Basket,209,8
2021-10,Basket,210,10
2021-10,Basket,211,3
2021-10,Basket,212,6
2021-10,Basket,301,23
2021-10,Basket,302,22
2021-10,Basket,303,17
2021-10,Basket,304,25
2021-10,Basket,305,8
2021-10,Basket,306,19
2021-10,Basket,307,7
2021-10,Basket,308,4
2021-10,Basket,309,7
2021-10,Basket,310,19
2021-10,Basket,311,15
2021-10,Basket,312,12
2021-10,Basket,313,2
2021-10,Basket,314,10
2021-10,Basket,315,11
2021-10,Basket,316,8
2021-10,Basket,317,2
2021-10,Basket,318,5
2021-10,Basket,401,22
2021-10,Basket,402,10
2021-10,Basket,403,4
2021-10,Basket,404,11
2021-10,Basket,405,26
2021-10,Basket,406,4
2021-10,Basket,407,4
2021-10,Basket,408,1
2021-10,Basket,409,8
2021-10,Basket,410,3
2021-10,Basket,411,5
2021-10,Basket,412,11
2021-10,Basket,413,5
2021-10,Basket,414,4
2021-10,Basket,501,21
2021-10,Basket,502,9
2021-10,Basket,503,11
2021-10,Collection,101,144
2021-10,Collection,102,374
2021-10,Collection,103,344
2021-10,Collection,104,318
2021-10,Collection,105,141
2021-10,Collection,106,331
2021-10,Collection,107,479
2021-10,Collection,108,423
2021-10,Collection,109,128
2021-10,Collection,110,341
2021-10,Collection,111,146
2021-10,Collection,112,194
2021-10,Collection,201,79
2021-10,Collection,202,76
2021-10,Collection,203,140
2021-10,Collection,204,107
2021-10,Collection,205,74
2021-10,Collection,206,128
2021-10,Collection,207,114
2021-10,Collection,208,202
2021-10,Collection,209,288
2021-10,Collection,210,630
2021-10,Collection,211,289
2021-10,Collection,212,539
2021-10,Collection,301,1113
2021-10,Collection,302,590
2021-10,Collection,303,1071
2021-10,Collection,304,540
2021-10,Collection,305,632
2021-10,Collection,306,1495
2021-10,Collection,307,585
2021-10,Collection,308,530
2021-10,Collection,309,364
2021-10,Collection,310,1289
2021-10,Collection,311,1144
2021-10,Collection,312,1283
2021-10,Collection,313,265
2021-10,Collection,314,885
2021-10,Collection,315,1195
2021-10,Collection,316,277
2021-10,Collection,317,537
2021-10,Collection,318,1898
2021-10,Collection,401,1068
2021-10,Collection,402,356
2021-10,Collection,403,390
2021-10,Collection,404,347
2021-10,Collection,405,1230
2021-10,Collection,406,399
2021-10,Collection,407,1720
2021-10,Collection,408,659
2021-10,Collection,409,678
2021-10,Collection,410,915
2021-10,Collection,411,1304
2021-10,Collection,412,1175
2021-10,Collection,413,1377
2021-10,Collection,414,618
2021-10,Collection,501,3140
2021-10,Collection,502,2643
2021-10,Collection,503,3943
2021-10,Collection,595,11
2021-10,Sweeping,101,1
2021-10,Sweeping,102,8
2021-10,Sweeping,103,5
2021-10,Sweeping,104,4
2021-10,Sweeping,105,1
2021-10,Sweeping,107,8
2021-10,Sweeping,108,6
2021-10,Sweeping,109,5
2021-10,Sweeping,110,8
2021-10,Sweeping,111,5
2021-10,Sweeping,112,7
2021-10,Sweeping,201,7
2021-10,Sweeping,202,2
2021-10,Sweeping,203,8
2021-10,Sweeping,204,6
2021-10,Sweeping,205,5
2021-10,Sweeping,206,3
2021-10,Sweeping,207,19
2021-10,Sweeping,208,2
2021-10,Sweeping,209,8
2021-10,Sweeping,210,3
2021-10,Sweeping,211,7
2021-10,Sweeping,212,7
2021-10,Sweeping,301,10
2021-10,Sweeping,302,6
2021-10,Sweeping,303,23
2021-10,Sweeping,304,19
2021-10,Sweeping,305,37
2021-10,Sweeping,306,5
2021-10,Sweeping,307,2
2021-10,Sweeping,308,11
2021-10,Sweeping,309,14
2021-10,Sweeping,310,6
2021-10,Sweeping,311,5
2021-10,Sweeping,312,15
2021-10,Sweeping,313,2
2021-10,Sweeping,314,17
2021-10,Sweeping,315,6
2021-10,Sweeping,316,5
2021-10,Sweeping,317,31
2021-10,Sweeping,318,17
2021-10,Sweeping,355,1
2021-10,Sweeping,401,12
2021-10,Sweeping,402,8
2021-10,Sweeping,403,8
2021-10,Sweeping,404,3
2021-10,Sweeping,405,6
2021-10,Sweeping,406,4
2021-10,Sweeping,407,1
2021-10,Sweeping,408,9
2021-10,Sweeping,409,2
2021-10,Sweeping,412,8
2021-10,Sweeping,502,3
2021-10,Sweeping,503,1
2021-11,Basket,101,2
2021-11,Basket,102,25
2021-11,Basket,103,3
2021-11,Basket,104,9
2021-11,Basket,105,8
2021-11,Basket,106,5
2021-11,Basket,107,6
2021-11,Basket,108,13
2021-11,Basket,109,2
2021-11,Basket,110,7
2021-11,Basket,111,8
2021-11,Basket,112,10
2021-11,Basket,201,1
2021-11,Basket,204,9
2021-11,Basket,206,1
2021-11,Basket,207,3
2021-11,Basket,208,3
2021-11,Basket,209,2
2021-11,Basket,210,4
2021-11,Basket,211,8
2021-11,Basket,212,2
2021-11,Basket,301,9
2021-11,Basket,302,13
2021-11,Basket,303,9
2021-11,Basket,304,6
2021-11,Basket,305,4
2021-11,Basket,306,7
2021-11,Basket,307,9
2021-11,Basket,308,4
2021-11,Basket,309,4
2021-11,Basket,310,6
2021-11,Basket,311,12
2021-11,Basket,312,3
2021-11,Basket,314,2
2021-11,Basket,315,4
2021-11,Basket,316,3
2021-11,Basket,317,2
2021-11,Basket,318,2
2021-11,Basket,401,3
2021-11,Basket,402,6
2021-11,Basket,403,5
2021-11,Basket,404,3
2021-11,Basket,405,8
2021-11,Basket,407,2
2021-11,Basket,409,1
2021-11,Basket,410,4
2021-11,Basket,411,1
2021-11,Basket,412,1
2021-11,Basket,413,4
2021-11,Basket,414,5
2021-11,Basket,501,9
2021-11,Basket,502,1
2021-11,Basket,503,4
2021-11,Collection,101,109
2021-11,Collection,102,337
2021-11,Collection,103,252
2021-11,Collection,104,282
2021-11,Collection,105,104
2021-11,Collection,106,208
2021-11,Collection,107,403
2021-11,Collection,108,374
2021-11,Collection,109,84
2021-11,Collection,110,234
2021-11,Collection,111,103
2021-11,Collection,112,133
2021-11,Collection,201,71
2021-11,Collection,202,76
2021-11,Collection,203,81
2021-11,Collection,204,55
2021-11,Collection,205,44
2021-11,Collection,206,116
2021-11,Collection,207,78
2021-11,Collection,208,140
2021-11,Collection,209,176
2021-11,Collection,210,364
2021-11,Collection,211,234
2021-11,Collection,212,385
2021-11,Collection,226,1
2021-11,Collection,301,715
2021-11,Collection,302,481
2021-11,Collection,303,786
2021-11,Collection,304,379
2021-11,Collection,305,457
2021-11,Collection,306,858
2021-11,Collection,307,403
2021-11,Collection,308,395
2021-11,Collection,309,245
2021-11,Collection,310,662
2021-11,Collection,311,527
2021-11,Collection,312,835
2021-11,Collection,313,152
2021-11,Collection,314,290
2021-11,Collection,315,478
2021-11,Collection,316,184
2021-11,Collection,317,410
2021-11,Collection,318,782
2021-11,Collection,401,767
2021-11,Collection,402,251
2021-11,Collection,403,358
2021-11,Collection,404,209
2021-11,Collection,405,903
2021-11,Collection,406,248
2021-11,Collection,407,1146
2021-11,Collection,408,567
2021-11,Collection,409,532
2021-11,Collection,410,826
2021-11,Collection,411,926
2021-11,Collection,412,1134
2021-11,Collection,413,994
2021-11,Collection,414,400
2021-11,Collection,501,1005
2021-11,Collection,502,759
2021-11,Collection,503,1113
2021-11,Collection,595,2
2021-11,Sweeping,102,2
2021-11,Sweeping,104,3
2021-11,Sweeping,105,2
2021-11,Sweeping,106,2
2021-11,Sweeping,107,5
2021-11,Sweeping,108,4
2021-11,Sweeping,109,1
2021-11,Sweeping,110,11
2021-11,Sweeping,111,1
2021-11,Sweeping,112,4
2021-11,Sweeping,201,4
2021-11,Sweeping,202,4
2021-11,Sweeping,203,3
2021-11,Sweeping,204,7
2021-11,Sweeping,205,1
2021-11,Sweeping,206,7
2021-11,Sweeping,207,6
2021-11,Sweeping,208,3
2021-11,Sweeping,209,6
2021-11,Sweeping,210,1
2021-11,Sweeping,211,2
2021-11,Sweeping,212,17
2021-11,Sweeping,301,5
2021-11,Sweeping,302,13
2021-11,Sweeping,303,14
2021-11,Sweeping,304,11
2021-11,Sweeping,305,17
2021-11,Sweeping,306,10
2021-11,Sweeping,307,6
2021-11,Sweeping,308,5
2021-11,Sweeping,309,6
2021-11,Sweeping,310,6
2021-11,Sweeping,311,12
2021-11,Sweeping,312,15
2021-11,Sweeping,313,1
2021-11,Sweeping,314,7
2021-11,Sweeping,315,4
2021-11,Sweeping,316,5
2021-11,Sweeping,317,11
2021-11,Sweeping,318,13
2021-11,Sweeping,401,8
2021-11,Sweeping,402,4
2021-11,Sweeping,403,14
2021-11,Sweeping,404,4
2021-11,Sweeping,405,6
2021-11,Sweeping,406,2
2021-11,Sweeping,407,3
2021-11,Sweeping,408,18
2021-11,Sweeping,412,4
2021-11,Sweeping,414,2
2021-11,Sweeping,502,1
2021-12,Basket,101,5
2021-12,Basket,102,17
2021-12,Basket,103,5
2021-12,Basket,104,14
2021-12,Basket,105,4
2021-12,Basket,106,7
2021-12,Basket,107,17
2021-12,Basket,108,3
2021-12,Basket,109,1
2021-12,Basket,110,5
2021-12,Basket,111,12
2021-12,Basket,112,5
2021-12,Basket,201,2
2021-12,Basket,203,3
2021-12,Basket,204,5
2021-12,Basket,206,2
2021-12,Basket,207,3
2021-12,Basket,208,2
2021-12,Basket,209,4
2021-12,Basket,210,2
2021-12,Basket,211,2
2021-12,Basket,212,3
2021-12,Basket,228,1
2021-12,Basket,301,4
2021-12,Basket,302,10
2021-12,Basket,303,12
2021-12,Basket,304,1
2021-12,Basket,305,3
2021-12,Basket,306,10
2021-12,Basket,307,6
2021-12,Basket,308,7
2021-12,Basket,309,4
2021-12,Basket,310,10
2021-12,Basket,311,11
2021-12,Basket,312,6
2021-12,Basket,314,4
2021-12,Basket,315,4
2021-12,Basket,316,5
2021-12,Basket,318,3
2021-12,Basket,401,11
2021-12,Basket,402,9
2021-12,Basket,403,3
2021-12,Basket,404,1
2021-12,Basket,405,2
2021-12,Basket,406,4
2021-12,Basket,407,5
2021-12,Basket,408,3
2021-12,Basket,409,2
2021-12,Basket,410,5
2021-12,Basket,411,1
2021-12,Basket,412,8
2021-12,Basket,413,5
2021-12,Basket,414,1
2021-12,Basket,501,4
2021-12,Basket,503,9
2021-12,Collection,101,85
2021-12,Collection,102,288
2021-12,Collection,103,257
2021-12,Collection,104,242
2021-12,Collection,105,100
2021-12,Collection,106,212
2021-12,Collection,107,362
2021-12,Collection,108,334
2021-12,Collection,109,111
2021-12,Collection,110,265
2021-12,Collection,111,106
2021-12,Collection,112,152
2021-12,Collection,201,86
2021-12,Collection,202,71
2021-12,Collection,203,84
2021-12,Collection,204,68
2021-12,Collection,205,76
2021-12,Collection,206,110
2021-12,Collection,207,80
2021-12,Collection,208,113
2021-12,Collection,209,168
2021-12,Collection,210,320
2021-12,Collection,211,267
2021-12,Collection,212,435
2021-12,Collection,301,778
2021-12,Collection,302,498
2021-12,Collection,303,934
2021-12,Collection,304,423
2021-12,Collection,305,524
2021-12,Collection,306,891
2021-12,Collection,307,384
2021-12,Collection,308,466
2021-12,Collection,309,228
2021-12,Collection,310,658
2021-12,Collection,311,593
2021-12,Collection,312,827
2021-12,Collection,313,198
2021-12,Collection,314,381
2021-12,Collection,315,515
2021-12,Collection,316,216
2021-12,Collection,317,541
2021-12,Collection,318,827
2021-12,Collection,355,3
2021-12,Collection,401,760
2021-12,Collection,402,257
2021-12,Collection,403,239
2021-12,Collection,404,227
2021-12,Collection,405,911
2021-12,Collection,406,234
2021-12,Collection,407,934
2021-12,Collection,408,587
2021-12,Collection,409,481
2021-12,Collection,410,716
2021-12,Collection,411,902
2021-12,Collection,412,1198
2021-12,Collection,413,1004
2021-12,Collection,414,395
2021-12,Collection,480,2
2021-12,Collection,482,1
2021-12,Collection,501,1007
2021-12,Collection,502,801
2021-12,Collection,503,1241
2021-12,Sweeping,102,6
2021-12,Sweeping,103,3
2021-12,Sweeping,104,4
2021-12,Sweeping,106,1
2021-12,Sweeping,107,11
2021-12,Sweeping,108,4
2021-12,Sweeping,109,4
2021-12,Sweeping,110,10
2021-12,Sweeping,111,5
2021-12,Sweeping,112,3
2021-12,Sweeping,164,1
2021-12,Sweeping,201,6
2021-12,Sweeping,202,1
2021-12,Sweeping,203,6
2021-12,Sweeping,204,3
2021-12,Sweeping,205,3
2021-12,Sweeping,206,2
2021-12,Sweeping,207,12
2021-12,Sweeping,208,2
2021-12,Sweeping,209,10
2021-12,Sweeping,211,1
2021-12,Sweeping,212,12
2021-12,Sweeping,301,12
2021-12,Sweeping,302,14
2021-12,Sweeping,303,22
2021-12,Sweeping,304,8
2021-12,Sweeping,305,17
2021-12,Sweeping,306,15
2021-12,Sweeping,307,10
2021-12,Sweeping,308,8
2021-12,Sweeping,309,13
2021-12,Sweeping,310,5
2021-12,Sweeping,311,11
2021-12,Sweeping,312,10
2021-12,Sweeping,314,5
2021-12,Sweeping,315,1
2021-12,Sweeping,316,3
2021-12,Sweeping,317,20
2021-12,Sweeping,318,10
2021-12,Sweeping,401,5
2021-12,Sweeping,402,3
2021-12,Sweeping,403,11
2021-12,Sweeping,404,2
2021-12,Sweeping,405,8
2021-12,Sweeping,406,3
2021-12,Sweeping,407,2
2021-12,Sweeping,408,9
2021-12,Sweeping,412,4
2021-12,Sweeping,413,1
2021-12,Sweeping,414,3
2022-01,Basket,101,2
2022-01,Basket,102,9
2022-01,Basket,103,8
2022-01,Basket,104,29
2022-01,Basket,105,1
2022-01,Basket,106,10
2022-01,Basket,107,23
2022-01,Basket,108,7
2022-01,Basket,109,3
2022-01,Basket,110,12
2022-01,Basket,111,4
2022-01,Basket,112,12
2022-01,Basket,201,1
2022-01,Basket,203,1
2022-01,Basket,204,2
2022-01,Basket,206,3
2022-01,Basket,207,3
2022-01,Basket,208,1
2022-01,Basket,209,2
2022-01,Basket,210,2
2022-01,Basket,211,1
2022-01,Basket,212,7
2022-01,Basket,301,22
2022-01,Basket,302,8
2022-01,Basket,303,11
2022-01,Basket,304,7
2022-01,Basket,305,3
2022-01,Basket,306,12
2022-01,Basket,307,5
2022-01,Basket,308,4
2022-01,Basket,310,8
2022-01,Basket,311,7
2022-01,Basket,313,1
2022-01,Basket,314,5
2022-01,Basket,315,2
2022-01,Basket,316,4
2022-01,Basket,317,1
2022-01,Basket,318,2
2022-01,Basket,401,16
2022-01,Basket,402,2
2022-01,Basket,403,2
2022-01,Basket,405,5
2022-01,Basket,406,3
2022-01,Basket,408,1
2022-01,Basket,409,6
2022-01,Basket,410,4
2022-01,Basket,411,4
2022-01,Basket,412,2
2022-01,Basket,413,2
2022-01,Basket,414,2
2022-01,Basket,501,10
2022-01,Basket,502,1
2022-01,Basket,503,2
2022-01,Collection,101,130
2022-01,Collection,102,324
2022-01,Collection,103,307
2022-01,Collection,104,286
2022-01,Collection,105,133
2022-01,Collection,106,200
2022-01,Collection,107,417
2022-01,Collection,108,363
2022-01,Collection,109,101
2022-01,Collection,110,283
2022-01,Collection,111,109
2022-01,Collection,112,143
2022-01,Collection,201,50
2022-01,Collection,202,60
2022-01,Collection,203,79
2022-01,Collection,204,60
2022-01,Collection,205,60
2022-01,Collection,206,81
2022-01,Collection,207,60
2022-01,Collection,208,120
2022-01,Collection,209,156
2022-01,Collection,210,341
2022-01,Collection,211,202
2022-01,Collection,212,322
2022-01,Collection,301,843
2022-01,Collection,302,493
2022-01,Collection,303,927
2022-01,Collection,304,469
2022-01,Collection,305,379
2022-01,Collection,306,916
2022-01,Collection,307,390
2022-01,Collection,308,529
2022-01,Collection,309,212
2022-01,Collection,310,656
2022-01,Collection,311,641
2022-01,Collection,312,579
2022-01,Collection,313,143
2022-01,Collection,314,297
2022-01,Collection,315,455
2022-01,Collection,316,144
2022-01,Collection,317,369
2022-01,Collection,318,678
2022-01,Collection,355,1
2022-01,Collection,401,908
2022-01,Collection,402,249
2022-01,Collection,403,235
2022-01,Collection,404,211
2022-01,Collection,405,876
2022-01,Collection,406,231
2022-01,Collection,407,834
2022-01,Collection,408,454
2022-01,Collection,409,465
2022-01,Collection,410,641
2022-01,Collection,411,765
2022-01,Collection,412,799
2022-01,Collection,413,779
2022-01,Collection,414,355
2022-01,Collection,501,758
2022-01,Collection,502,639
2022-01,Collection,503,1121
2022-01,Collection,595,2
2022-01,Sweeping,102,3
2022-01,Sweeping,103,3
2022-01,Sweeping,104,2
2022-01,Sweeping,107,13
2022-01,Sweeping,108,4
2022-01,Sweeping,109,1
2022-01,Sweeping,110,3
2022-01,Sweeping,111,5
2022-01,Sweeping,112,4
2022-01,Sweeping,164,1
2022-01,Sweeping,201,1
2022-01,Sweeping,202,1
2022-01,Sweeping,203,3
2022-01,Sweeping,204,8
2022-01,Sweeping,206,2
2022-01,Sweeping,207,7
2022-01,Sweeping,208,1
2022-01,Sweeping,209,5
2022-01,Sweeping,210,1
2022-01,Sweeping,212,13
2022-01,Sweeping,301,6
2022-01,Sweeping,302,7
2022-01,Sweeping,303,9
2022-01,Sweeping,304,10
2022-01,Sweeping,305,9
2022-01,Sweeping,306,4
2022-01,Sweeping,308,12
2022-01,Sweeping,309,5
2022-01,Sweeping,310,1
2022-01,Sweeping,311,2
2022-01,Sweeping,312,6
2022-01,Sweeping,313,4
2022-01,Sweeping,314,5
2022-01,Sweeping,315,3
2022-01,Sweeping,316,2
2022-01,Sweeping,317,6
2022-01,Sweeping,318,6
2022-01,Sweeping,401,1
2022-01,Sweeping,402,1
2022-01,Sweeping,404,1
2022-01,Sweeping,405,10
2022-01,Sweeping,406,1
2022-01,Sweeping,408,1
2022-01,Sweeping,409,1
2022-01,Sweeping,412,1
2022-01,Sweeping,414,5
2022-02,Basket,102,14
2022-02,Basket,103,1
2022-02,Basket,104,16
2022-02,Basket,106,3
2022-02,Basket,107,17
2022-02,Basket,108,2
2022-02,Basket,109,9
2022-02,Basket,110,3
2022-02,Basket,111,2
2022-02,Basket,112,12
2022-02,Basket,164,1
2022-02,Basket,201,2
2022-02,Basket,203,1
2022-02,Basket,204,2
2022-02,Basket,207,1
2022-02,Basket,208,3
2022-02,Basket,210,2
2022-02,Basket,211,2
2022-02,Basket,212,5
2022-02,Basket,301,16
2022-02,Basket,302,23
2022-02,Basket,303,9
2022-02,Basket,304,7
2022-02,Basket,305,3
2022-02,Basket,306,4
2022-02,Basket,307,5
2022-02,Basket,308,6
2022-02,Basket,309,3
2022-02,Basket,310,5
2022-02,Basket,311,6
2022-02,Basket,312,4
2022-02,Basket,313,2
2022-02,Basket,314,3
2022-02,Basket,315,4
2022-02,Basket,317,4
2022-02,Basket,318,8
2022-02,Basket,355,1
2022-02,Basket,401,12
2022-02,Basket,402,3
2022-02,Basket,403,1
2022-02,Basket,404,2
2022-02,Basket,405,7
2022-02,Basket,406,4
2022-02,Basket,408,5
2022-02,Basket,409,4
2022-02,Basket,410,3
2022-02,Basket,411,2
2022-02,Basket,412,2
2022-02,Basket,413,3
2022-02,Basket,414,2
2022-02,Basket,501,51
2022-02,Basket,502,40
2022-02,Basket,503,14
2022-02,Basket,595,9
2022-02,Collection,101,69
2022-02,Collection,102,265
2022-02,Collection,103,240
2022-02,Collection,104,215
2022-02,Collection,105,99
2022-02,Collection,106,182
2022-02,Collection,107,330
2022-02,Collection,108,319
2022-02,Collection,109,76
2022-02,Collection,110,242
2022-02,Collection,111,97
2022-02,Collection,112,124
2022-02,Collection,201,56
2022-02,Collection,202,60
2022-02,Collection,203,94
2022-02,Collection,204,88
2022-02,Collection,205,48
2022-02,Collection,206,107
2022-02,Collection,207,71
2022-02,Collection,208,93
2022-02,Collection,209,167
2022-02,Collection,210,290
2022-02,Collection,211,169
2022-02,Collection,212,232
2022-02,Collection,301,722
2022-02,Collection,302,442
2022-02,Collection,303,750
2022-02,Collection,304,347
2022-02,Collection,305,389
2022-02,Collection,306,756
2022-02,Collection,307,367
2022-02,Collection,308,417
2022-02,Collection,309,213
2022-02,Collection,310,595
2022-02,Collection,311,486
2022-02,Collection,312,656
2022-02,Collection,313,114
2022-02,Collection,314,293
2022-02,Collection,315,435
2022-02,Collection,316,174
2022-02,Collection,317,342
2022-02,Collection,318,553
2022-02,Collection,355,1
2022-02,Collection,401,742
2022-02,Collection,402,172
2022-02,Collection,403,275
2022-02,Collection,404,237
2022-02,Collection,405,785
2022-02,Collection,406,190
2022-02,Collection,407,754
2022-02,Collection,408,414
2022-02,Collection,409,419
2022-02,Collection,410,612
2022-02,Collection,411,657
2022-02,Collection,412,760
2022-02,Collection,413,718
2022-02,Collection,414,285
2022-02,Collection,480,1
2022-02,Collection,501,712
2022-02,Collection,502,628
2022-02,Collection,503,953
2022-02,Collection,595,6
2022-02,Sweeping,101,2
2022-02,Sweeping,102,5
2022-02,Sweeping,103,6
2022-02,Sweeping,105,1
2022-02,Sweeping,107,11
2022-02,Sweeping,108,2
2022-02,Sweeping,109,2
2022-02,Sweeping,110,8
2022-02,Sweeping,111,3
2022-02,Sweeping,112,7
2022-02,Sweeping,201,10
2022-02,Sweeping,202,2
2022-02,Sweeping,203,6
2022-02,Sweeping,204,11
2022-02,Sweeping,205,1
2022-02,Sweeping,206,2
2022-02,Sweeping,207,8
2022-02,Sweeping,209,8
2022-02,Sweeping,210,3
2022-02,Sweeping,212,3
2022-02,Sweeping,301,15
2022-02,Sweeping,302,6
2022-02,Sweeping,303,20
2022-02,Sweeping,304,19
2022-02,Sweeping,305,17
2022-02,Sweeping,306,7
2022-02,Sweeping,307,2
2022-02,Sweeping,308,12
2022-02,Sweeping,309,10
2022-02,Sweeping,310,2
2022-02,Sweeping,311,6
2022-02,Sweeping,312,15
2022-02,Sweeping,313,3
2022-02,Sweeping,314,6
2022-02,Sweeping,315,4
2022-02,Sweeping,316,5
2022-02,Sweeping,317,20
2022-02,Sweeping,318,6
2022-02,Sweeping,401,12
2022-02,Sweeping,402,1
2022-02,Sweeping,403,3
2022-02,Sweeping,404,1
2022-02,Sweeping,405,5
2022-02,Sweeping,409,1
2022-02,Sweeping,412,5
2022-02,Sweeping,414,3
2022-02,Sweeping,501,1
2022-03,Basket,101,1
2022-03,Basket,102,10
2022-03,Basket,103,5
2022-03,Basket,104,7
2022-03,Basket,106,4
2022-03,Basket,107,10
2022-03,Basket,108,7
2022-03,Basket,109,14
2022-03,Basket,110,3
2022-03,Basket,111,7
2022-03,Basket,112,15
2022-03,Basket,164,1
2022-03,Basket,201,3
2022-03,Basket,203,2
2022-03,Basket,204,1
2022-03,Basket,205,3
2022-03,Basket,206,3
2022-03,Basket,207,2
2022-03,Basket,208,2
2022-03,Basket,209,1
2022-03,Basket,211,3
2022-03,Basket,212,2
2022-03,Basket,301,10
2022-03,Basket,302,16
2022-03,Basket,303,5
2022-03,Basket,304,1
2022-03,Basket,305,2
2022-03,Basket,306,14
2022-03,Basket,307,9
2022-03,Basket,308,5
2022-03,Basket,309,10
2022-03,Basket,310,8
2022-03,Basket,311,6
2022-03,Basket,312,1
2022-03,Basket,314,9
2022-03,Basket,315,3
2022-03,Basket,316,3
2022-03,Basket,317,5
2022-03,Basket,318,4
2022-03,Basket,401,10
2022-03,Basket,402,2
2022-03,Basket,404,3
2022-03,Basket,405,4
2022-03,Basket,406,3
2022-03,Basket,407,6
2022-03,Basket,409,3
2022-03,Basket,410,4
2022-03,Basket,411,5
2022-03,Basket,412,12
2022-03,Basket,413,5
2022-03,Basket,501,10
2022-03,Basket,502,8
2022-03,Basket,503,10
2022-03,Basket,595,1
2022-03,Collection,101,51
2022-03,Collection,102,107
2022-03,Collection,103,84
2022-03,Collection,104,76
2022-03,Collection,105,53
2022-03,Collection,106,80
2022-03,Collection,107,165
2022-03,Collection,108,111
2022-03,Collection,109,37
2022-03,Collection,110,81
2022-03,Collection,111,40
2022-03,Collection,112,58
2022-03,Collection,201,50
2022-03,Collection,202,34
2022-03,Collection,203,34
2022-03,Collection,204,47
2022-03,Collection,205,44
2022-03,Collection,206,69
2022-03,Collection,207,33
2022-03,Collection,208,80
2022-03,Collection,209,69
2022-03,Collection,210,129
2022-03,Collection,211,76
2022-03,Collection,212,174
2022-03,Collection,301,344
2022-03,Collection,302,211
2022-03,Collection,303,307
2022-03,Collection,304,154
2022-03,Collection,305,165
2022-03,Collection,306,343
2022-03,Collection,307,179
2022-03,Collection,308,141
2022-03,Collection,309,87
2022-03,Collection,310,236
2022-03,Collection,311,270
2022-03,Collection,312,476
2022-03,Collection,313,76
2022-03,Collection,314,165
2022-03,Collection,315,228
2022-03,Collection,316,82
2022-03,Collection,317,186
2022-03,Collection,318,336
2022-03,Collection,355,1
2022-03,Collection,401,278
2022-03,Collection,402,70
2022-03,Collection,403,109
2022-03,Collection,404,99
2022-03,Collection,405,304
2022-03,Collection,406,89
2022-03,Collection,407,361
2022-03,Collection,408,270
2022-03,Collection,409,190
2022-03,Collection,410,293
2022-03,Collection,411,285
2022-03,Collection,412,422
2022-03,Collection,413,321
2022-03,Collection,414,144
2022-03,Collection,482,2
2022-03,Collection,501,439
2022-03,Collection,502,402
2022-03,Collection,503,572
2022-03,Sweeping,102,4
2022-03,Sweeping,103,7
2022-03,Sweeping,104,5
2022-03,Sweeping,106,2
2022-03,Sweeping,107,13
2022-03,Sweeping,108,12
2022-03,Sweeping,109,2
2022-03,Sweeping,110,20
2022-03,Sweeping,111,7
2022-03,Sweeping,112,3
2022-03,Sweeping,201,16
2022-03,Sweeping,202,11
2022-03,Sweeping,203,9
2022-03,Sweeping,204,8
2022-03,Sweeping,205,16
2022-03,Sweeping,206,9
2022-03,Sweeping,207,15
2022-03,Sweeping,208,2
2022-03,Sweeping,209,13
2022-03,Sweeping,210,6
2022-03,Sweeping,211,7
2022-03,Sweeping,212,11
2022-03,Sweeping,301,22
2022-03,Sweeping,302,10
2022-03,Sweeping,303,32
2022-03,Sweeping,304,31
2022-03,Sweeping,305,38
2022-03,Sweeping,306,14
2022-03,Sweeping,307,5
2022-03,Sweeping,308,30
2022-03,Sweeping,309,9
2022-03,Sweeping,310,6
2022-03,Sweeping,311,9
2022-03,Sweeping,312,14
2022-03,Sweeping,313,4
2022-03,Sweeping,314,12
2022-03,Sweeping,315,7
2022-03,Sweeping,316,12
2022-03,Sweeping,317,28
2022-03,Sweeping,318,14
2022-03,Sweeping,401,23
2022-03,Sweeping,402,4
2022-03,Sweeping,403,5
2022-03,Sweeping,404,2
2022-03,Sweeping,405,5
2022-03,Sweeping,406,1
2022-03,Sweeping,408,3
2022-03,Sweeping,412,8
2022-03,Sweeping,413,1
2022-03,Sweeping,414,12
2022-03,Sweeping,484,1
2022-03,Sweeping,502,2
2022-03,Sweeping,503,1
2022-04,Basket,101,4
2022-04,Basket,102,27
2022-04,Basket,103,2
2022-04,Basket,104,16
2022-04,Basket,105,6
2022-04,Basket,106,2
2022-04,Basket,107,7
2022-04,Basket,108,10
2022-04,Basket,109,8
2022-04,Basket,110,5
2022-04,Basket,111,8
2022-04,Basket,112,12
2022-04,Basket,164,1
2022-04,Basket,201,5
2022-04,Basket,202,1
2022-04,Basket,203,2
2022-04,Basket,206,7
2022-04,Basket,207,3
2022-04,Basket,208,7
2022-04,Basket,209,2
2022-04,Basket,210,5
2022-04,Basket,212,4
2022-04,Basket,301,8
2022-04,Basket,302,28
2022-04,Basket,303,13
2022-04,Basket,304,7
2022-04,Basket,305,1
2022-04,Basket,306,12
2022-04,Basket,307,9
2022-04,Basket,308,5
2022-04,Basket,309,5
2022-04,Basket,310,32
2022-04,Basket,311,8
2022-04,Basket,312,13
2022-04,Basket,313,2
2022-04,Basket,314,2
2022-04,Basket,315,13
2022-04,Basket,316,5
2022-04,Basket,317,9
2022-04,Basket,318,3
2022-04,Basket,401,11
2022-04,Basket,402,14
2022-04,Basket,403,8
2022-04,Basket,404,1
2022-04,Basket,405,3
2022-04,Basket,406,4
2022-04,Basket,407,3
2022-04,Basket,408,5
2022-04,Basket,409,3
2022-04,Basket,411,3
2022-04,Basket,412,14
2022-04,Basket,413,8
2022-04,Basket,414,3
2022-04,Basket,501,9
2022-04,Basket,502,2
2022-04,Basket,503,19
2022-04,Basket,595,1
2022-04,Collection,101,10
2022-04,Collection,102,46
2022-04,Collection,103,21
2022-04,Collection,104,42
2022-04,Collection,105,17
2022-04,Collection,106,37
2022-04,Collection,107,59
2022-04,Collection,108,34
2022-04,Collection,109,15
2022-04,Collection,110,38
2022-04,Collection,111,10
2022-04,Collection,112,14
2022-04,Collection,201,21
2022-04,Collection,202,8
2022-04,Collection,203,12
2022-04,Collection,204,17
2022-04,Collection,205,10
2022-04,Collection,206,39
2022-04,Collection,207,17
2022-04,Collection,208,49
2022-04,Collection,209,35
2022-04,Collection,210,46
2022-04,Collection,211,26
2022-04,Collection,212,71
2022-04,Collection,301,242
2022-04,Collection,302,135
2022-04,Collection,303,138
2022-04,Collection,304,38
2022-04,Collection,305,76
2022-04,Collection,306,132
2022-04,Collection,307,65
2022-04,Collection,308,43
2022-04,Collection,309,42
2022-04,Collection,310,74
2022-04,Collection,311,119
2022-04,Collection,312,235
2022-04,Collection,313,29
2022-04,Collection,314,96
2022-04,Collection,315,110
2022-04,Collection,316,49
2022-04,Collection,317,62
2022-04,Collection,318,150
2022-04,Collection,401,81
2022-04,Collection,402,32
2022-04,Collection,403,42
2022-04,Collection,404,34
2022-04,Collection,405,74
2022-04,Collection,406,35
2022-04,Collection,407,148
2022-04,Collection,408,119
2022-04,Collection,409,58
2022-04,Collection,410,117
2022-04,Collection,411,85
2022-04,Collection,412,223
2022-04,Collection,413,100
2022-04,Collection,414,77
2022-04,Collection,501,197
2022-04,Collection,502,148
2022-04,Collection,503,253
2022-04,Sweeping,102,3
2022-04,Sweeping,103,4
2022-04,Sweeping,105,1
2022-04,Sweeping,106,1
2022-04,Sweeping,107,7
2022-04,Sweeping,108,6
2022-04,Sweeping,109,2
2022-04,Sweeping,110,7
2022-04,Sweeping,111,3
2022-04,Sweeping,112,13
2022-04,Sweeping,201,9
2022-04,Sweeping,202,1
2022-04,Sweeping,203,1
2022-04,Sweeping,204,9
2022-04,Sweeping,205,17
2022-04,Sweeping,206,6
2022-04,Sweeping,207,10
2022-04,Sweeping,208,2
2022-04,Sweeping,209,10
2022-04,Sweeping,210,2
2022-04,Sweeping,211,2
2022-04,Sweeping,212,9
2022-04,Sweeping,301,11
2022-04,Sweeping,302,10
2022-04,Sweeping,303,14
2022-04,Sweeping,304,22
2022-04,Sweeping,305,19
2022-04,Sweeping,306,8
2022-04,Sweeping,307,3
2022-04,Sweeping,308,11
2022-04,Sweeping,309,4
2022-04,Sweeping,310,3
2022-04,Sweeping,311,9
2022-04,Sweeping,312,10
2022-04,Sweeping,313,8
2022-04,Sweeping,314,17
2022-04,Sweeping,315,2
2022-04,Sweeping,316,8
2022-04,Sweeping,317,20
2022-04,Sweeping,318,14
2022-04,Sweeping,401,10
2022-04,Sweeping,402,5
2022-04,Sweeping,403,10
2022-04,Sweeping,404,3
2022-04,Sweeping,405,3
2022-04,Sweeping,406,1
2022-04,Sweeping,408,4
2022-04,Sweeping,409,1
2022-04,Sweeping,412,4
2022-04,Sweeping,413,2
2022-04,Sweeping,414,5
2022-04,Sweeping,503,1
2022-05,Basket,101,1
2022-05,Basket,102,17
2022-05,Basket,103,4
2022-05,Basket,104,3
2022-05,Basket,105,2
2022-05,Basket,106,11
2022-05,Basket,107,24
2022-05,Basket,108,7
2022-05,Basket,109,6
2022-05,Basket,110,5
2022-05,Basket,111,7
2022-05,Basket,112,18
2022-05,Basket,164,1
2022-05,Basket,201,9
2022-05,Basket,202,1
2022-05,Basket,203,2
2022-05,Basket,205,1
2022-05,Basket,206,6
2022-05,Basket,207,2
2022-05,Basket,208,1
2022-05,Basket,209,2
2022-05,Basket,210,4
2022-05,Basket,211,3
2022-05,Basket,212,3
2022-05,Basket,301,15
2022-05,Basket,302,37
2022-05,Basket,303,12
2022-05,Basket,304,5
2022-05,Basket,305,2
2022-05,Basket,306,11
2022-05,Basket,307,5
2022-05,Basket,308,5
2022-05,Basket,309,8
2022-05,Basket,310,8
2022-05,Basket,311,32
2022-05,Basket,312,8
2022-05,Basket,313,6
2022-05,Basket,314,11
2022-05,Basket,315,16
2022-05,Basket,316,1
2022-05,Basket,317,1
2022-05,Basket,318,15
2022-05,Basket,401,8
2022-05,Basket,402,4
2022-05,Basket,403,7
2022-05,Basket,404,1
2022-05,Basket,405,6
2022-05,Basket,406,10
2022-05,Basket,407,6
2022-05,Basket,408,3
2022-05,Basket,409,8
2022-05,Basket,410,3
2022-05,Basket,411,5
2022-05,Basket,412,3
2022-05,Basket,413,3
2022-05,Basket,414,12
2022-05,Basket,501,13
2022-05,Basket,502,12
2022-05,Basket,503,7
2022-05,Basket,595,1
2022-05,Collection,101,23
2022-05,Collection,102,47
2022-05,Collection,103,27
2022-05,Collection,104,39
2022-05,Collection,105,13
2022-05,Collection,106,35
2022-05,Collection,107,71
2022-05,Collection,108,40
2022-05,Collection,109,11
2022-05,Collection,110,37
2022-05,Collection,111,23
2022-05,Collection,112,33
2022-05,Collection,201,18
2022-05,Collection,202,9
2022-05,Collection,203,13
2022-05,Collection,204,18
2022-05,Collection,205,9
2022-05,Collection,206,35
2022-05,Collection,207,16
2022-05,Collection,208,30
2022-05,Collection,209,23
2022-05,Collection,210,72
2022-05,Collection,211,26
2022-05,Collection,212,109
2022-05,Collection,301,245
2022-05,Collection,302,102
2022-05,Collection,303,161
2022-05,Collection,304,49
2022-05,Collection,305,71
2022-05,Collection,306,172
2022-05,Collection,307,91
2022-05,Collection,308,53
2022-05,Collection,309,66
2022-05,Collection,310,83
2022-05,Collection,311,124
2022-05,Collection,312,291
2022-05,Collection,313,40
2022-05,Collection,314,127
2022-05,Collection,315,97
2022-05,Collection,316,57
2022-05,Collection,317,72
2022-05,Collection,318,131
2022-05,Collection,401,66
2022-05,Collection,402,19
2022-05,Collection,403,59
2022-05,Collection,404,39
2022-05,Collection,405,76
2022-05,Collection,406,31
2022-05,Collection,407,155
2022-05,Collection,408,155
2022-05,Collection,409,63
2022-05,Collection,410,119
2022-05,Collection,411,121
2022-05,Collection,412,247
2022-05,Collection,413,149
2022-05,Collection,414,88
2022-05,Collection,501,188
2022-05,Collection,502,129
2022-05,Collection,503,200
2022-05,Collection,595,1
2022-05,Sweeping,102,5
2022-05,Sweeping,103,3
2022-05,Sweeping,104,6
2022-05,Sweeping,106,3
2022-05,Sweeping,107,6
2022-05,Sweeping,108,4
2022-05,Sweeping,109,4
2022-05,Sweeping,110,15
2022-05,Sweeping,111,1
2022-05,Sweeping,112,9
2022-05,Sweeping,201,4
2022-05,Sweeping,203,6
2022-05,Sweeping,204,7
2022-05,Sweeping,205,9
2022-05,Sweeping,206,5
2022-05,Sweeping,207,11
2022-05,Sweeping,208,2
2022-05,Sweeping,209,15
2022-05,Sweeping,210,3
2022-05,Sweeping,211,8
2022-05,Sweeping,212,8
2022-05,Sweeping,226,1
2022-05,Sweeping,301,26
2022-05,Sweeping,302,10
2022-05,Sweeping,303,20
2022-05,Sweeping,304,19
2022-05,Sweeping,305,28
2022-05,Sweeping,306,10
2022-05,Sweeping,307,4
2022-05,Sweeping,308,10
2022-05,Sweeping,309,10
2022-05,Sweeping,310,2
2022-05,Sweeping,311,7
2022-05,Sweeping,312,18
2022-05,Sweeping,313,8
2022-05,Sweeping,314,15
2022-05,Sweeping,315,3
2022-05,Sweeping,316,7
2022-05,Sweeping,317,17
2022-05,Sweeping,318,11
2022-05,Sweeping,401,11
2022-05,Sweeping,402,3
2022-05,Sweeping,403,12
2022-05,Sweeping,404,3
2022-05,Sweeping,405,7
2022-05,Sweeping,406,1
2022-05,Sweeping,407,1
2022-05,Sweeping,408,14
2022-05,Sweeping,409,1
2022-05,Sweeping,412,7
2022-05,Sweeping,414,3
2022-05,Sweeping,501,1
2022-06,Basket,101,6
2022-06,Basket,102,15
2022-06,Basket,103,6
2022-06,Basket,104,4
2022-06,Basket,105,2
2022-06,Basket,106,8
2022-06,Basket,107,23
2022-06,Basket,108,24
2022-06,Basket,109,8
2022-06,Basket,110,20
2022-06,Basket,111,20
2022-06,Basket,112,18
2022-06,Basket,201,9
2022-06,Basket,203,8
2022-06,Basket,204,5
2022-06,Basket,205,1
2022-06,Basket,206,6
2022-06,Basket,207,6
2022-06,Basket,208,7
2022-06,Basket,209,6
2022-06,Basket,210,7
2022-06,Basket,211,2
2022-06,Basket,212,3
2022-06,Basket,301,20
2022-06,Basket,302,21
2022-06,Basket,303,10
2022-06,Basket,304,7
2022-06,Basket,305,3
2022-06,Basket,306,8
2022-06,Basket,307,5
2022-06,Basket,308,5
2022-06,Basket,309,2
2022-06,Basket,310,19
2022-06,Basket,311,12
2022-06,Basket,312,16
2022-06,Basket,313,2
2022-06,Basket,314,9
2022-06,Basket,315,15
2022-06,Basket,316,6
2022-06,Basket,317,3
2022-06,Basket,318,5
2022-06,Basket,401,13
2022-06,Basket,402,8
2022-06,Basket,403,7
2022-06,Basket,404,5
2022-06,Basket,405,10
2022-06,Basket,406,7
2022-06,Basket,407,2
2022-06,Basket,408,5
2022-06,Basket,409,7
2022-06,Basket,410,7
2022-06,Basket,411,2
2022-06,Basket,412,19
2022-06,Basket,413,6
2022-06,Basket,414,2
2022-06,Basket,501,20
2022-06,Basket,502,2
2022-06,Basket,503,7
2022-06,Collection,101,14
2022-06,Collection,102,59
2022-06,Collection,103,37
2022-06,Collection,104,32
2022-06,Collection,105,23
2022-06,Collection,106,33
2022-06,Collection,107,82
2022-06,Collection,108,42
2022-06,Collection,109,6
2022-06,Collection,110,55
2022-06,Collection,111,20
2022-06,Collection,112,39
2022-06,Collection,201,18
2022-06,Collection,202,6
2022-06,Collection,203,25
2022-06,Collection,204,16
2022-06,Collection,205,17
2022-06,Collection,206,38
2022-06,Collection,207,42
2022-06,Collection,208,58
2022-06,Collection,209,22
2022-06,Collection,210,74
2022-06,Collection,211,26
2022-06,Collection,212,85
2022-06,Collection,301,234
2022-06,Collection,302,133
2022-06,Collection,303,164
2022-06,Collection,304,33
2022-06,Collection,305,93
2022-06,Collection,306,170
2022-06,Collection,307,85
2022-06,Collection,308,56
2022-06,Collection,309,52
2022-06,Collection,310,94
2022-06,Collection,311,136
2022-06,Collection,312,280
2022-06,Collection,313,44
2022-06,Collection,314,107
2022-06,Collection,315,130
2022-06,Collection,316,56
2022-06,Collection,317,99
2022-06,Collection,318,161
2022-06,Collection,401,80
2022-06,Collection,402,44
2022-06,Collection,403,82
2022-06,Collection,404,47
2022-06,Collection,405,90
2022-06,Collection,406,54
2022-06,Collection,407,153
2022-06,Collection,408,188
2022-06,Collection,409,66
2022-06,Collection,410,137
2022-06,Collection,411,131
2022-06,Collection,412,284
2022-06,Collection,413,151
2022-06,Collection,414,127
2022-06,Collection,501,231
2022-06,Collection,502,201
2022-06,Collection,503,265
2022-06,Sweeping,101,1
2022-06,Sweeping,102,4
2022-06,Sweeping,103,2
2022-06,Sweeping,104,2
2022-06,Sweeping,105,1
2022-06,Sweeping,106,7
2022-06,Sweeping,107,7
2022-06,Sweeping,108,16
2022-06,Sweeping,109,12
2022-06,Sweeping,110,21
2022-06,Sweeping,111,8
2022-06,Sweeping,112,16
2022-06,Sweeping,201,9
2022-06,Sweeping,202,3
2022-06,Sweeping,203,11
2022-06,Sweeping,204,12
2022-06,Sweeping,205,5
2022-06,Sweeping,206,6
2022-06,Sweeping,207,5
2022-06,Sweeping,208,2
2022-06,Sweeping,209,10
2022-06,Sweeping,210,5
2022-06,Sweeping,211,4
2022-06,Sweeping,212,12
2022-06,Sweeping,301,32
2022-06,Sweeping,302,19
2022-06,Sweeping,303,33
2022-06,Sweeping,304,23
2022-06,Sweeping,305,47
2022-06,Sweeping,306,9
2022-06,Sweeping,307,9
2022-06,Sweeping,308,15
2022-06,Sweeping,309,17
2022-06,Sweeping,310,9
2022-06,Sweeping,311,11
2022-06,Sweeping,312,24
2022-06,Sweeping,313,9
2022-06,Sweeping,314,25
2022-06,Sweeping,315,5
2022-06,Sweeping,316,16
2022-06,Sweeping,317,42
2022-06,Sweeping,318,36
2022-06,Sweeping,401,18
2022-06,Sweeping,402,6
2022-06,Sweeping,403,12
2022-06,Sweeping,404,2
2022-06,Sweeping,405,11
2022-06,Sweeping,408,11
2022-06,Sweeping,412,8
2022-06,Sweeping,413,2
2022-06,Sweeping,414,12
2022-06,Sweeping,501,1
2022-06,Sweeping,502,1
2022-06,Sweeping,503,1
2022-07,Basket,101,4
2022-07,Basket,102,10
2022-07,Basket,103,5
2022-07,Basket,104,9
2022-07,Basket,105,4
2022-07,Basket,106,7
2022-07,Basket,107,38
2022-07,Basket,108,5
2022-07,Basket,109,8
2022-07,Basket,110,11
2022-07,Basket,111,7
2022-07,Basket,112,31
2022-07,Basket,164,1
2022-07,Basket,201,14
2022-07,Basket,202,4
2022-07,Basket,203,1
2022-07,Basket,204,7
2022-07,Basket,206,2
2022-07,Basket,207,4
2022-07,Basket,208,5
2022-07,Basket,209,4
2022-07,Basket,210,6
2022-07,Basket,211,5
2022-07,Basket,212,4
2022-07,Basket,301,20
2022-07,Basket,302,38
2022-07,Basket,303,9
2022-07,Basket,304,5
2022-07,Basket,305,5
2022-07,Basket,306,6
2022-07,Basket,307,7
2022-07,Basket,308,6
2022-07,Basket,309,5
2022-07,Basket,310,5
2022-07,Basket,311,6
2022-07,Basket,312,4
2022-07,Basket,313,3
2022-07,Basket,314,16
2022-07,Basket,315,10
2022-07,Basket,316,2
2022-07,Basket,317,6
2022-07,Basket,318,9
2022-07,Basket,401,9
2022-07,Basket,402,3
2022-07,Basket,404,3
2022-07,Basket,405,7
2022-07,Basket,406,3
2022-07,Basket,407,5
2022-07,Basket,408,2
2022-07,Basket,409,4
2022-07,Basket,410,2
2022-07,Basket,411,1
2022-07,Basket,412,7
2022-07,Basket,413,4
2022-07,Basket,414,7
2022-07,Basket,482,1
2022-07,Basket,501,13
2022-07,Basket,502,3
2022-07,Basket,503,9
2022-07,Basket,595,1
2022-07,Collection,101,12
2022-07,Collection,102,62
2022-07,Collection,103,36
2022-07,Collection,104,26
2022-07,Collection,105,14
2022-07,Collection,106,39
2022-07,Collection,107,90
2022-07,Collection,108,47
2022-07,Collection,109,7
2022-07,Collection,110,48
2022-07,Collection,111,18
2022-07,Collection,112,19
2022-07,Collection,201,15
2022-07,Collection,202,4
2022-07,Collection,203,12
2022-07,Collection,204,14
2022-07,Collection,205,22
2022-07,Collection,206,49
2022-07,Collection,207,21
2022-07,Collection,208,43
2022-07,Collection,209,37
2022-07,Collection,210,56
2022-07,Collection,211,29
2022-07,Collection,212,93
2022-07,Collection,301,270
2022-07,Collection,302,114
2022-07,Collection,303,162
2022-07,Collection,304,49
2022-07,Collection,305,145
2022-07,Collection,306,154
2022-07,Collection,307,106
2022-07,Collection,308,62
2022-07,Collection,309,81
2022-07,Collection,310,69
2022-07,Collection,311,161
2022-07,Collection,312,234
2022-07,Collection,313,48
2022-07,Collection,314,127
2022-07,Collection,315,118
2022-07,Collection,316,49
2022-07,Collection,317,78
2022-07,Collection,318,127
2022-07,Collection,401,78
2022-07,Collection,402,52
2022-07,Collection,403,66
2022-07,Collection,404,33
2022-07,Collection,405,72
2022-07,Collection,406,43
2022-07,Collection,407,204
2022-07,Collection,408,162
2022-07,Collection,409,48
2022-07,Collection,410,129
2022-07,Collection,411,106
2022-07,Collection,412,245
2022-07,Collection,413,123
2022-07,Collection,414,131
2022-07,Collection,501,229
2022-07,Collection,502,197
2022-07,Collection,503,236
2022-07,Sweeping,101,1
2022-07,Sweeping,102,9
2022-07,Sweeping,103,12
2022-07,Sweeping,104,3
2022-07,Sweeping,105,2
2022-07,Sweeping,106,4
2022-07,Sweeping,107,15
2022-07,Sweeping,108,21
2022-07,Sweeping,109,11
2022-07,Sweeping,110,40
2022-07,Sweeping,111,8
2022-07,Sweeping,112,4
2022-07,Sweeping,201,21
2022-07,Sweeping,202,7
2022-07,Sweeping,203,27
2022-07,Sweeping,204,25
2022-07,Sweeping,205,20
2022-07,Sweeping,206,9
2022-07,Sweeping,207,21
2022-07,Sweeping,208,2
2022-07,Sweeping,209,26
2022-07,Sweeping,210,14
2022-07,Sweeping,211,16
2022-07,Sweeping,212,16
2022-07,Sweeping,301,30
2022-07,Sweeping,302,21
2022-07,Sweeping,303,91
2022-07,Sweeping,304,33
2022-07,Sweeping,305,84
2022-07,Sweeping,306,10
2022-07,Sweeping,307,13
2022-07,Sweeping,308,37
2022-07,Sweeping,309,33
2022-07,Sweeping,310,20
2022-07,Sweeping,311,17
2022-07,Sweeping,312,29
2022-07,Sweeping,313,18
2022-07,Sweeping,314,23
2022-07,Sweeping,315,14
2022-07,Sweeping,316,28
2022-07,Sweeping,317,98
2022-07,Sweeping,318,35
2022-07,Sweeping,401,26
2022-07,Sweeping,402,3
2022-07,Sweeping,403,14
2022-07,Sweeping,404,5
2022-07,Sweeping,405,20
2022-07,Sweeping,406,2
2022-07,Sweeping,407,2
2022-07,Sweeping,408,5
2022-07,Sweeping,409,3
2022-07,Sweeping,411,1
2022-07,Sweeping,412,16
2022-07,Sweeping,413,2
2022-07,Sweeping,414,14
2022-07,Sweeping,501,1
2022-07,Sweeping,503,2
2022-08,Basket,101,5
2022-08,Basket,102,17
2022-08,Basket,103,2
2022-08,Basket,104,11
2022-08,Basket,105,7
2022-08,Basket,106,4
2022-08,Basket,107,34
2022-08,Basket,108,6
2022-08,Basket,109,7
2022-08,Basket,110,8
2022-08,Basket,111,13
2022-08,Basket,112,11
2022-08,Basket,201,15
2022-08,Basket,203,3
2022-08,Basket,204,4
2022-08,Basket,205,6
2022-08,Basket,206,1
2022-08,Basket,207,7
2022-08,Basket,208,1
2022-08,Basket,209,3
2022-08,Basket,210,4
2022-08,Basket,211,6
2022-08,Basket,212,3
2022-08,Basket,301,20
2022-08,Basket,302,29
2022-08,Basket,303,9
2022-08,Basket,304,3
2022-08,Basket,305,7
2022-08,Basket,306,8
2022-08,Basket,307,9
2022-08,Basket,308,7
2022-08,Basket,309,14
2022-08,Basket,310,13
2022-08,Basket,311,7
2022-08,Basket,312,3
2022-08,Basket,313,1
2022-08,Basket,314,8
2022-08,Basket,315,7
2022-08,Basket,316,3
2022-08,Basket,317,7
2022-08,Basket,318,8
2022-08,Basket,401,20
2022-08,Basket,402,6
2022-08,Basket,403,5
2022-08,Basket,404,3
2022-08,Basket,405,2
2022-08,Basket,406,6
2022-08,Basket,407,7
2022-08,Basket,408,5
2022-08,Basket,409,3
2022-08,Basket,410,7
2022-08,Basket,411,4
2022-08,Basket,412,7
2022-08,Basket,413,4
2022-08,Basket,414,3
2022-08,Basket,501,14
2022-08,Basket,502,9
2022-08,Basket,503,8
2022-08,Collection,101,12
2022-08,Collection,102,79
2022-08,Collection,103,31
2022-08,Collection,104,37
2022-08,Collection,105,20
2022-08,Collection,106,45
2022-08,Collection,107,71
2022-08,Collection,108,32
2022-08,Collection,109,12
2022-08,Collection,110,38
2022-08,Collection,111,15
2022-08,Collection,112,30
2022-08,Collection,201,36
2022-08,Collection,202,8
2022-08,Collection,203,9
2022-08,Collection,204,30
2022-08,Collection,205,18
2022-08,Collection,206,44
2022-08,Collection,207,28
2022-08,Collection,208,44
2022-08,Collection,209,18
2022-08,Collection,210,78
2022-08,Collection,211,28
2022-08,Collection,212,84
2022-08,Collection,301,248
2022-08,Collection,302,116
2022-08,Collection,303,142
2022-08,Collection,304,43
2022-08,Collection,305,142
2022-08,Collection,306,125
2022-08,Collection,307,106
2022-08,Collection,308,83
2022-08,Collection,309,52
2022-08,Collection,310,63
2022-08,Collection,311,103
2022-08,Collection,312,230
2022-08,Collection,313,41
2022-08,Collection,314,142
2022-08,Collection,315,119
2022-08,Collection,316,39
2022-08,Collection,317,120
2022-08,Collection,318,124
2022-08,Collection,401,110
2022-08,Collection,402,36
2022-08,Collection,403,68
2022-08,Collection,404,51
2022-08,Collection,405,79
2022-08,Collection,406,29
2022-08,Collection,407,212
2022-08,Collection,408,226
2022-08,Collection,409,61
2022-08,Collection,410,143
2022-08,Collection,411,133
2022-08,Collection,412,230
2022-08,Collection,413,158
2022-08,Collection,414,111
2022-08,Collection,501,217
2022-08,Collection,502,208
2022-08,Collection,503,217
2022-08,Sweeping,101,4
2022-08,Sweeping,102,4
2022-08,Sweeping,103,8
2022-08,Sweeping,104,5
2022-08,Sweeping,106,1
2022-08,Sweeping,107,11
2022-08,Sweeping,108,16
2022-08,Sweeping,109,5
2022-08,Sweeping,110,33
2022-08,Sweeping,111,7
2022-08,Sweeping,112,21
2022-08,Sweeping,201,21
2022-08,Sweeping,202,13
2022-08,Sweeping,203,12
2022-08,Sweeping,204,25
2022-08,Sweeping,205,30
2022-08,Sweeping,206,7
2022-08,Sweeping,207,13
2022-08,Sweeping,208,6
2022-08,Sweeping,209,14
2022-08,Sweeping,210,4
2022-08,Sweeping,211,10
2022-08,Sweeping,212,9
2022-08,Sweeping,301,21
2022-08,Sweeping,302,20
2022-08,Sweeping,303,61
2022-08,Sweeping,304,25
2022-08,Sweeping,305,69
2022-08,Sweeping,306,16
2022-08,Sweeping,307,7
2022-08,Sweeping,308,27
2022-08,Sweeping,309,26
2022-08,Sweeping,310,19
2022-08,Sweeping,311,22
2022-08,Sweeping,312,17
2022-08,Sweeping,313,15
2022-08,Sweeping,314,15
2022-08,Sweeping,315,13
2022-08,Sweeping,316,44
2022-08,Sweeping,317,63
2022-08,Sweeping,318,36
2022-08,Sweeping,355,1
2022-08,Sweeping,401,18
2022-08,Sweeping,402,6
2022-08,Sweeping,403,25
2022-08,Sweeping,404,3
2022-08,Sweeping,405,25
2022-08,Sweeping,406,8
2022-08,Sweeping,407,3
2022-08,Sweeping,408,13
2022-08,Sweeping,409,1
2022-08,Sweeping,410,1
2022-08,Sweeping,411,1
2022-08,Sweeping,412,17
2022-08,Sweeping,413,1
2022-08,Sweeping,414,14
2022-08,Sweeping,501,1
2022-08,Sweeping,502,1
2022-08,Sweeping,503,1
2022-09,Basket,101,2
2022-09,Basket,102,7
2022-09,Basket,104,8
2022-09,Basket,105,8
2022-09,Basket,106,6
2022-09,Basket,107,25
2022-09,Basket,108,12
2022-09,Basket,109,9
2022-09,Basket,110,15
2022-09,Basket,111,11
2022-09,Basket,112,13
2022-09,Basket,201,3
2022-09,Basket,202,2
2022-09,Basket,204,3
2022-09,Basket,205,3
2022-09,Basket,206,3
2022-09,Basket,207,6
2022-09,Basket,208,4
2022-09,Basket,209,1
2022-09,Basket,210,2
2022-09,Basket,212,8
2022-09,Basket,301,10
2022-09,Basket,302,32
2022-09,Basket,303,21
2022-09,Basket,304,2
2022-09,Basket,305,11
2022-09,Basket,306,7
2022-09,Basket,307,4
2022-09,Basket,308,13
2022-09,Basket,309,17
2022-09,Basket,310,6
2022-09,Basket,311,10
2022-09,Basket,312,3
2022-09,Basket,313,5
2022-09,Basket,314,12
2022-09,Basket,315,7
2022-09,Basket,316,3
2022-09,Basket,317,3
2022-09,Basket,318,4
2022-09,Basket,401,19
2022-09,Basket,402,7
2022-09,Basket,403,12
2022-09,Basket,404,4
2022-09,Basket,405,5
2022-09,Basket,406,7
2022-09,Basket,407,8
2022-09,Basket,408,4
2022-09,Basket,409,3
2022-09,Basket,410,5
2022-09,Basket,411,7
2022-09,Basket,412,8
2022-09,Basket,413,4
2022-09,Basket,414,6
2022-09,Basket,501,7
2022-09,Basket,502,7
2022-09,Basket,503,12
2022-09,Collection,101,9
2022-09,Collection,102,57
2022-09,Collection,103,44
2022-09,Collection,104,34
2022-09,Collection,105,29
2022-09,Collection,106,35
2022-09,Collection,107,73
2022-09,Collection,108,51
2022-09,Collection,109,20
2022-09,Collection,110,46
2022-09,Collection,111,19
2022-09,Collection,112,18
2022-09,Collection,201,28
2022-09,Collection,202,10
2022-09,Collection,203,12
2022-09,Collection,204,15
2022-09,Collection,205,15
2022-09,Collection,206,41
2022-09,Collection,207,25
2022-09,Collection,208,40
2022-09,Collection,209,24
2022-09,Collection,210,77
2022-09,Collection,211,29
2022-09,Collection,212,103
2022-09,Collection,301,299
2022-09,Collection,302,101
2022-09,Collection,303,176
2022-09,Collection,304,37
2022-09,Collection,305,137
2022-09,Collection,306,137
2022-09,Collection,307,110
2022-09,Collection,308,83
2022-09,Collection,309,53
2022-09,Collection,310,95
2022-09,Collection,311,93
2022-09,Collection,312,302
2022-09,Collection,313,52
2022-09,Collection,314,148
2022-09,Collection,315,207
2022-09,Collection,316,29
2022-09,Collection,317,83
2022-09,Collection,318,135
2022-09,Collection,401,89
2022-09,Collection,402,49
2022-09,Collection,403,57
2022-09,Collection,404,44
2022-09,Collection,405,92
2022-09,Collection,406,49
2022-09,Collection,407,205
2022-09,Collection,408,215
2022-09,Collection,409,76
2022-09,Collection,410,110
2022-09,Collection,411,124
2022-09,Collection,412,222
2022-09,Collection,413,139
2022-09,Collection,414,68
2022-09,Collection,501,192
2022-09,Collection,502,193
2022-09,Collection,503,218
2022-09,Sweeping,101,1
2022-09,Sweeping,102,4
2022-09,Sweeping,103,5
2022-09,Sweeping,104,4
2022-09,Sweeping,105,2
2022-09,Sweeping,106,4
2022-09,Sweeping,107,15
2022-09,Sweeping,108,22
2022-09,Sweeping,109,12
2022-09,Sweeping,110,15
2022-09,Sweeping,111,6
2022-09,Sweeping,112,6
2022-09,Sweeping,201,4
2022-09,Sweeping,202,3
2022-09,Sweeping,203,10
2022-09,Sweeping,204,10
2022-09,Sweeping,205,15
2022-09,Sweeping,206,6
2022-09,Sweeping,207,11
2022-09,Sweeping,208,2
2022-09,Sweeping,209,22
2022-09,Sweeping,210,7
2022-09,Sweeping,211,15
2022-09,Sweeping,212,15
2022-09,Sweeping,301,12
2022-09,Sweeping,302,7
2022-09,Sweeping,303,50
2022-09,Sweeping,304,17
2022-09,Sweeping,305,48
2022-09,Sweeping,306,11
2022-09,Sweeping,307,4
2022-09,Sweeping,308,33
2022-09,Sweeping,309,7
2022-09,Sweeping,310,6
2022-09,Sweeping,311,11
2022-09,Sweeping,312,18
2022-09,Sweeping,313,4
2022-09,Sweeping,314,16
2022-09,Sweeping,315,9
2022-09,Sweeping,316,18
2022-09,Sweeping,317,34
2022-09,Sweeping,318,24
2022-09,Sweeping,355,2
2022-09,Sweeping,401,20
2022-09,Sweeping,402,2
2022-09,Sweeping,403,8
2022-09,Sweeping,404,4
2022-09,Sweeping,405,16
2022-09,Sweeping,406,1
2022-09,Sweeping,408,6
2022-09,Sweeping,409,5
2022-09,Sweeping,412,10
2022-09,Sweeping,413,2
2022-09,Sweeping,414,5
2022-09,Sweeping,503,1
2022-10,Basket,101,3
2022-10,Basket,102,17
2022-10,Basket,103,5
2022-10,Basket,104,9
2022-10,Basket,105,5
2022-10,Basket,106,10
2022-10,Basket,107,14
2022-10,Basket,108,21
2022-10,Basket,109,8
2022-10,Basket,110,23
2022-10,Basket,111,11
2022-10,Basket,112,11
2022-10,Basket,201,1
2022-10,Basket,202,2
2022-10,Basket,203,1
2022-10,Basket,204,3
2022-10,Basket,205,3
2022-10,Basket,206,1
2022-10,Basket,207,3
2022-10,Basket,208,3
2022-10,Basket,210,1
2022-10,Basket,211,3
2022-10,Basket,212,4
2022-10,Basket,301,8
2022-10,Basket,302,26
2022-10,Basket,303,5
2022-10,Basket,304,7
2022-10,Basket,305,6
2022-10,Basket,306,11
2022-10,Basket,307,1
2022-10,Basket,308,8
2022-10,Basket,309,11
2022-10,Basket,310,5
2022-10,Basket,311,9
2022-10,Basket,312,3
2022-10,Basket,313,3
2022-10,Basket,314,4
2022-10,Basket,315,3
2022-10,Basket,316,2
2022-10,Basket,317,2
2022-10,Basket,318,6
2022-10,Basket,401,11
2022-10,Basket,402,5
2022-10,Basket,403,13
2022-10,Basket,404,2
2022-10,Basket,405,5
2022-10,Basket,406,1
2022-10,Basket,407,6
2022-10,Basket,408,3
2022-10,Basket,409,3
2022-10,Basket,410,7
2022-10,Basket,411,1
2022-10,Basket,412,7
2022-10,Basket,413,5
2022-10,Basket,414,4
2022-10,Basket,501,18
2022-10,Basket,502,10
2022-10,Basket,503,3
2022-10,Collection,101,14
2022-10,Collection,102,84
2022-10,Collection,103,43
2022-10,Collection,104,47
2022-10,Collection,105,15
2022-10,Collection,106,30
2022-10,Collection,107,82
2022-10,Collection,108,70
2022-10,Collection,109,13
2022-10,Collection,110,39
2022-10,Collection,111,14
2022-10,Collection,112,22
2022-10,Collection,201,23
2022-10,Collection,202,7
2022-10,Collection,203,13
2022-10,Collection,204,26
2022-10,Collection,205,10
2022-10,Collection,206,32
2022-10,Collection,207,12
2022-10,Collection,208,47
2022-10,Collection,209,21
2022-10,Collection,210,68
2022-10,Collection,211,17
2022-10,Collection,212,90
2022-10,Collection,301,370
2022-10,Collection,302,115
2022-10,Collection,303,149
2022-10,Collection,304,43
2022-10,Collection,305,76
2022-10,Collection,306,140
2022-10,Collection,307,93
2022-10,Collection,308,54
2022-10,Collection,309,34
2022-10,Collection,310,81
2022-10,Collection,311,105
2022-10,Collection,312,376
2022-10,Collection,313,40
2022-10,Collection,314,140
2022-10,Collection,315,125
2022-10,Collection,316,34
2022-10,Collection,317,94
2022-10,Collection,318,102
2022-10,Collection,401,161
2022-10,Collection,402,31
2022-10,Collection,403,99
2022-10,Collection,404,60
2022-10,Collection,405,160
2022-10,Collection,406,67
2022-10,Collection,407,219
2022-10,Collection,408,193
2022-10,Collection,409,134
2022-10,Collection,410,204
2022-10,Collection,411,154
2022-10,Collection,412,366
2022-10,Collection,413,234
2022-10,Collection,414,122
2022-10,Collection,501,230
2022-10,Collection,502,175
2022-10,Collection,503,221
2022-10,Collection,595,1
2022-10,Sweeping,102,3
2022-10,Sweeping,103,1
2022-10,Sweeping,104,3
2022-10,Sweeping,106,2
2022-10,Sweeping,107,7
2022-10,Sweeping,108,5
2022-10,Sweeping,109,11
2022-10,Sweeping,110,14
2022-10,Sweeping,111,6
2022-10,Sweeping,112,5
2022-10,Sweeping,164,2
2022-10,Sweeping,201,7
2022-10,Sweeping,202,3
2022-10,Sweeping,203,10
2022-10,Sweeping,204,7
2022-10,Sweeping,205,7
2022-10,Sweeping,206,2
2022-10,Sweeping,207,5
2022-10,Sweeping,209,20
2022-10,Sweeping,210,4
2022-10,Sweeping,211,13
2022-10,Sweeping,212,12
2022-10,Sweeping,301,14
2022-10,Sweeping,302,10
2022-10,Sweeping,303,33
2022-10,Sweeping,304,30
2022-10,Sweeping,305,35
2022-10,Sweeping,306,12
2022-10,Sweeping,307,6
2022-10,Sweeping,308,24
2022-10,Sweeping,309,17
2022-10,Sweeping,310,9
2022-10,Sweeping,311,14
2022-10,Sweeping,312,19
2022-10,Sweeping,313,10
2022-10,Sweeping,314,18
2022-10,Sweeping,315,8
2022-10,Sweeping,316,17
2022-10,Sweeping,317,26
2022-10,Sweeping,318,18
2022-10,Sweeping,401,12
2022-10,Sweeping,402,10
2022-10,Sweeping,403,11
2022-10,Sweeping,404,5
2022-10,Sweeping,405,15
2022-10,Sweeping,406,2
2022-10,Sweeping,407,1
2022-10,Sweeping,408,10
2022-10,Sweeping,409,2
2022-10,Sweeping,410,1
2022-10,Sweeping,411,1
2022-10,Sweeping,412,11
2022-10,Sweeping,414,6
2022-10,Sweeping,501,2
2022-10,Sweeping,503,1
2022-11,Basket,101,3
2022-11,Basket,102,19
2022-11,Basket,103,3
2022-11,Basket,104,11
2022-11,Basket,106,6
2022-11,Basket,107,22
2022-11,Basket,108,9
2022-11,Basket,109,7
2022-11,Basket,110,9
2022-11,Basket,111,10
2022-11,Basket,112,12
2022-11,Basket,164,1
2022-11,Basket,201,2
2022-11,Basket,203,2
2022-11,Basket,205,2
2022-11,Basket,206,2
2022-11,Basket,207,3
2022-11,Basket,208,4
2022-11,Basket,209,2
2022-11,Basket,210,2
2022-11,Basket,211,1
2022-11,Basket,212,1
2022-11,Basket,301,13
2022-11,Basket,302,8
2022-11,Basket,303,3
2022-11,Basket,304,1
2022-11,Basket,305,3
2022-11,Basket,306,8
2022-11,Basket,307,7
2022-11,Basket,308,4
2022-11,Basket,309,7
2022-11,Basket,310,2
2022-11,Basket,311,3
2022-11,Basket,312,4
2022-11,Basket,313,1
2022-11,Basket,314,6
2022-11,Basket,315,11
2022-11,Basket,317,2
2022-11,Basket,318,3
2022-11,Basket,401,4
2022-11,Basket,402,2
2022-11,Basket,403,6
2022-11,Basket,404,4
2022-11,Basket,406,3
2022-11,Basket,407,2
2022-11,Basket,408,1
2022-11,Basket,409,6
2022-11,Basket,410,4
2022-11,Basket,411,3
2022-11,Basket,412,6
2022-11,Basket,413,2
2022-11,Basket,414,1
2022-11,Basket,501,7
2022-11,Basket,502,4
2022-11,Basket,503,13
2022-11,Collection,101,22
2022-11,Collection,102,78
2022-11,Collection,103,54
2022-11,Collection,104,45
2022-11,Collection,105,31
2022-11,Collection,106,30
2022-11,Collection,107,65
2022-11,Collection,108,34
2022-11,Collection,109,11
2022-11,Collection,110,42
2022-11,Collection,111,14
2022-11,Collection,112,24
2022-11,Collection,201,22
2022-11,Collection,202,9
2022-11,Collection,203,15
2022-11,Collection,204,7
2022-11,Collection,205,10
2022-11,Collection,206,37
2022-11,Collection,207,15
2022-11,Collection,208,31
2022-11,Collection,209,27
2022-11,Collection,210,52
2022-11,Collection,211,26
2022-11,Collection,212,101
2022-11,Collection,301,271
2022-11,Collection,302,79
2022-11,Collection,303,99
2022-11,Collection,304,14
2022-11,Collection,305,88
2022-11,Collection,306,127
2022-11,Collection,307,71
2022-11,Collection,308,56
2022-11,Collection,309,59
2022-11,Collection,310,91
2022-11,Collection,311,123
2022-11,Collection,312,321
2022-11,Collection,313,35
2022-11,Collection,314,108
2022-11,Collection,315,224
2022-11,Collection,316,43
2022-11,Collection,317,127
2022-11,Collection,318,239
2022-11,Collection,401,150
2022-11,Collection,402,50
2022-11,Collection,403,90
2022-11,Collection,404,28
2022-11,Collection,405,188
2022-11,Collection,406,65
2022-11,Collection,407,179
2022-11,Collection,408,194
2022-11,Collection,409,113
2022-11,Collection,410,171
2022-11,Collection,411,136
2022-11,Collection,412,278
2022-11,Collection,413,234
2022-11,Collection,414,120
2022-11,Collection,501,337
2022-11,Collection,502,306
2022-11,Collection,503,490
2022-11,Sweeping,101,1
2022-11,Sweeping,102,7
2022-11,Sweeping,103,9
2022-11,Sweeping,104,6
2022-11,Sweeping,105,3
2022-11,Sweeping,106,2
2022-11,Sweeping,107,13
2022-11,Sweeping,108,10
2022-11,Sweeping,109,18
2022-11,Sweeping,110,46
2022-11,Sweeping,111,5
2022-11,Sweeping,112,11
2022-11,Sweeping,201,19
2022-11,Sweeping,202,6
2022-11,Sweeping,203,10
2022-11,Sweeping,204,11
2022-11,Sweeping,205,8
2022-11,Sweeping,207,10
2022-11,Sweeping,208,4
2022-11,Sweeping,209,19
2022-11,Sweeping,210,10
2022-11,Sweeping,211,16
2022-11,Sweeping,212,14
2022-11,Sweeping,301,25
2022-11,Sweeping,302,35
2022-11,Sweeping,303,80
2022-11,Sweeping,304,61
2022-11,Sweeping,305,37
2022-11,Sweeping,306,52
2022-11,Sweeping,307,21
2022-11,Sweeping,308,25
2022-11,Sweeping,309,27
2022-11,Sweeping,310,28
2022-11,Sweeping,311,19
2022-11,Sweeping,312,40
2022-11,Sweeping,313,8
2022-11,Sweeping,314,38
2022-11,Sweeping,315,13
2022-11,Sweeping,316,15
2022-11,Sweeping,317,46
2022-11,Sweeping,318,39
2022-11,Sweeping,401,27
2022-11,Sweeping,402,23
2022-11,Sweeping,403,25
2022-11,Sweeping,404,10
2022-11,Sweeping,405,40
2022-11,Sweeping,406,9
2022-11,Sweeping,407,6
2022-11,Sweeping,408,29
2022-11,Sweeping,409,3
2022-11,Sweeping,410,1
2022-11,Sweeping,412,11
2022-11,Sweeping,413,2
2022-11,Sweeping,414,9
2022-11,Sweeping,502,1
2022-12,Basket,101,3
2022-12,Basket,102,7
2022-12,Basket,103,3
2022-12,Basket,104,8
2022-12,Basket,105,3
2022-12,Basket,106,7
2022-12,Basket,107,19
2022-12,Basket,108,2
2022-12,Basket,109,7
2022-12,Basket,110,9
2022-12,Basket,111,17
2022-12,Basket,112,9
2022-12,Basket,201,4
2022-12,Basket,203,2
2022-12,Basket,205,1
2022-12,Basket,206,1
2022-12,Basket,207,1
2022-12,Basket,208,1
2022-12,Basket,209,1
2022-12,Basket,212,4
2022-12,Basket,301,5
2022-12,Basket,302,4
2022-12,Basket,303,2
2022-12,Basket,304,1
2022-12,Basket,305,1
2022-12,Basket,306,5
2022-12,Basket,307,11
2022-12,Basket,308,2
2022-12,Basket,310,5
2022-12,Basket,311,3
2022-12,Basket,312,2
2022-12,Basket,313,1
2022-12,Basket,314,6
2022-12,Basket,315,5
2022-12,Basket,316,1
2022-12,Basket,317,2
2022-12,Basket,318,1
2022-12,Basket,401,2
2022-12,Basket,402,6
2022-12,Basket,403,7
2022-12,Basket,404,1
2022-12,Basket,405,2
2022-12,Basket,406,1
2022-12,Basket,407,1
2022-12,Basket,408,4
2022-12,Basket,409,1
2022-12,Basket,410,6
2022-12,Basket,411,1
2022-12,Basket,412,7
2022-12,Basket,413,7
2022-12,Basket,414,1
2022-12,Basket,501,9
2022-12,Basket,502,2
2022-12,Basket,503,7
2022-12,Collection,101,11
2022-12,Collection,102,58
2022-12,Collection,103,63
2022-12,Collection,104,42
2022-12,Collection,105,31
2022-12,Collection,106,37
2022-12,Collection,107,75
2022-12,Collection,108,35
2022-12,Collection,109,13
2022-12,Collection,110,68
2022-12,Collection,111,16
2022-12,Collection,112,29
2022-12,Collection,201,17
2022-12,Collection,202,8
2022-12,Collection,203,16
2022-12,Collection,204,17
2022-12,Collection,205,14
2022-12,Collection,206,45
2022-12,Collection,207,24
2022-12,Collection,208,32
2022-12,Collection,209,34
2022-12,Collection,210,95
2022-12,Collection,211,35
2022-12,Collection,212,117
2022-12,Collection,301,271
2022-12,Collection,302,73
2022-12,Collection,303,109
2022-12,Collection,304,17
2022-12,Collection,305,126
2022-12,Collection,306,112
2022-12,Collection,307,73
2022-12,Collection,308,30
2022-12,Collection,309,19
2022-12,Collection,310,66
2022-12,Collection,311,90
2022-12,Collection,312,237
2022-12,Collection,313,40
2022-12,Collection,314,108
2022-12,Collection,315,105
2022-12,Collection,316,23
2022-12,Collection,317,90
2022-12,Collection,318,121
2022-12,Collection,401,149
2022-12,Collection,402,42
2022-12,Collection,403,66
2022-12,Collection,404,56
2022-12,Collection,405,207
2022-12,Collection,406,48
2022-12,Collection,407,164
2022-12,Collection,408,144
2022-12,Collection,409,100
2022-12,Collection,410,160
2022-12,Collection,411,118
2022-12,Collection,412,307
2022-12,Collection,413,215
2022-12,Collection,414,161
2022-12,Collection,501,262
2022-12,Collection,502,230
2022-12,Collection,503,308
2022-12,Sweeping,101,2
2022-12,Sweeping,102,4
2022-12,Sweeping,103,2
2022-12,Sweeping,104,2
2022-12,Sweeping,106,3
2022-12,Sweeping,107,14
2022-12,Sweeping,108,7
2022-12,Sweeping,109,3
2022-12,Sweeping,110,15
2022-12,Sweeping,111,2
2022-12,Sweeping,112,4
2022-12,Sweeping,201,6
2022-12,Sweeping,202,3
2022-12,Sweeping,203,3
2022-12,Sweeping,204,7
2022-12,Sweeping,205,3
2022-12,Sweeping,206,6
2022-12,Sweeping,207,7
2022-12,Sweeping,208,2
2022-12,Sweeping,209,14
2022-12,Sweeping,210,7
2022-12,Sweeping,211,12
2022-12,Sweeping,212,6
2022-12,Sweeping,301,22
2022-12,Sweeping,302,20
2022-12,Sweeping,303,67
2022-12,Sweeping,304,22
2022-12,Sweeping,305,50
2022-12,Sweeping,306,34
2022-12,Sweeping,307,13
2022-12,Sweeping,308,27
2022-12,Sweeping,309,21
2022-12,Sweeping,310,14
2022-12,Sweeping,311,17
2022-12,Sweeping,312,40
2022-12,Sweeping,313,11
2022-12,Sweeping,314,22
2022-12,Sweeping,315,7
2022-12,Sweeping,316,10
2022-12,Sweeping,317,23
2022-12,Sweeping,318,13
2022-12,Sweeping,401,11
2022-12,Sweeping,402,5
2022-12,Sweeping,403,14
2022-12,Sweeping,404,6
2022-12,Sweeping,405,15
2022-12,Sweeping,406,6
2022-12,Sweeping,407,7
2022-12,Sweeping,408,11
2022-12,Sweeping,412,11
2022-12,Sweeping,413,1
2022-12,Sweeping,414,2
2022-12,Sweeping,502,1
2023-01,Basket,101,3
2023-01,Basket,102,7
2023-01,Basket,103,3
2023-01,Basket,104,7
2023-01,Basket,105,1
2023-01,Basket,106,14
2023-01,Basket,107,34
2023-01,Basket,108,8
2023-01,Basket,109,8
2023-01,Basket,110,9
2023-01,Basket,111,17
2023-01,Basket,112,10
2023-01,Basket,202,1
2023-01,Basket,203,2
2023-01,Basket,204,3
2023-01,Basket,205,3
2023-01,Basket,206,1
2023-01,Basket,207,5
2023-01,Basket,208,3
2023-01,Basket,209,2
2023-01,Basket,210,5
2023-01,Basket,211,2
2023-01,Basket,212,2
2023-01,Basket,301,14
2023-01,Basket,302,13
2023-01,Basket,303,5
2023-01,Basket,304,5
2023-01,Basket,305,6
2023-01,Basket,306,6
2023-01,Basket,307,9
2023-01,Basket,308,2
2023-01,Basket,309,6
2023-01,Basket,310,3
2023-01,Basket,311,8
2023-01,Basket,312,8
2023-01,Basket,313,2
2023-01,Basket,314,6
2023-01,Basket,315,15
2023-01,Basket,317,5
2023-01,Basket,401,3
2023-01,Basket,402,1
2023-01,Basket,403,3
2023-01,Basket,404,2
2023-01,Basket,405,2
2023-01,Basket,406,3
2023-01,Basket,407,3
2023-01,Basket,408,2
2023-01,Basket,409,3
2023-01,Basket,410,1
2023-01,Basket,411,5
2023-01,Basket,412,10
2023-01,Basket,413,4
2023-01,Basket,414,2
2023-01,Basket,501,12
2023-01,Basket,502,8
2023-01,Basket,503,11
2023-01,Collection,101,10
2023-01,Collection,102,36
2023-01,Collection,103,37
2023-01,Collection,104,29
2023-01,Collection,105,20
2023-01,Collection,106,30
2023-01,Collection,107,75
2023-01,Collection,108,42
2023-01,Collection,109,8
2023-01,Collection,110,60
2023-01,Collection,111,19
2023-01,Collection,112,25
2023-01,Collection,201,16
2023-01,Collection,202,9
2023-01,Collection,203,19
2023-01,Collection,204,23
2023-01,Collection,205,18
2023-01,Collection,206,37
2023-01,Collection,207,12
2023-01,Collection,208,29
2023-01,Collection,209,24
2023-01,Collection,210,63
2023-01,Collection,211,26
2023-01,Collection,212,99
2023-01,Collection,301,291
2023-01,Collection,302,94
2023-01,Collection,303,133
2023-01,Collection,304,39
2023-01,Collection,305,103
2023-01,Collection,306,141
2023-01,Collection,307,60
2023-01,Collection,308,22
2023-01,Collection,309,15
2023-01,Collection,310,96
2023-01,Collection,311,107
2023-01,Collection,312,229
2023-01,Collection,313,39
2023-01,Collection,314,101
2023-01,Collection,315,102
2023-01,Collection,316,21
2023-01,Collection,317,73
2023-01,Collection,318,83
2023-01,Collection,401,69
2023-01,Collection,402,84
2023-01,Collection,403,60
2023-01,Collection,404,56
2023-01,Collection,405,84
2023-01,Collection,406,52
2023-01,Collection,407,116
2023-01,Collection,408,127
2023-01,Collection,409,64
2023-01,Collection,410,125
2023-01,Collection,411,119
2023-01,Collection,412,197
2023-01,Collection,413,117
2023-01,Collection,414,90
2023-01,Collection,501,224
2023-01,Collection,502,202
2023-01,Collection,503,234
2023-01,Sweeping,101,1
2023-01,Sweeping,103,3
2023-01,Sweeping,104,5
2023-01,Sweeping,106,2
2023-01,Sweeping,107,10
2023-01,Sweeping,108,8
2023-01,Sweeping,109,1
2023-01,Sweeping,110,21
2023-01,Sweeping,111,5
2023-01,Sweeping,112,3
2023-01,Sweeping,201,10
2023-01,Sweeping,202,5
2023-01,Sweeping,203,8
2023-01,Sweeping,204,16
2023-01,Sweeping,205,4
2023-01,Sweeping,206,5
2023-01,Sweeping,207,7
2023-01,Sweeping,209,18
2023-01,Sweeping,210,11
2023-01,Sweeping,211,4
2023-01,Sweeping,212,10
2023-01,Sweeping,301,11
2023-01,Sweeping,302,30
2023-01,Sweeping,303,34
2023-01,Sweeping,304,40
2023-01,Sweeping,305,45
2023-01,Sweeping,306,13
2023-01,Sweeping,307,10
2023-01,Sweeping,308,10
2023-01,Sweeping,309,12
2023-01,Sweeping,310,6
2023-01,Sweeping,311,15
2023-01,Sweeping,312,31
2023-01,Sweeping,313,6
2023-01,Sweeping,314,21
2023-01,Sweeping,315,8
2023-01,Sweeping,316,16
2023-01,Sweeping,317,22
2023-01,Sweeping,318,22
2023-01,Sweeping,401,12
2023-01,Sweeping,402,6
2023-01,Sweeping,403,8
2023-01,Sweeping,404,2
2023-01,Sweeping,405,8
2023-01,Sweeping,406,5
2023-01,Sweeping,407,6
2023-01,Sweeping,408,10
2023-01,Sweeping,410,2
2023-01,Sweeping,411,1
2023-01,Sweeping,412,7
2023-01,Sweeping,413,2
2023-01,Sweeping,414,9
2023-01,Sweeping,501,1
2023-01,Sweeping,502,1
2023-02,Basket,101,1
2023-02,Basket,102,3
2023-02,Basket,103,5
2023-02,Basket,104,8
2023-02,Basket,106,5
2023-02,Basket,107,20
2023-02,Basket,108,1
2023-02,Basket,109,12
2023-02,Basket,110,7
2023-02,Basket,111,7
2023-02,Basket,112,13
2023-02,Basket,201,1
2023-02,Basket,202,2
2023-02,Basket,203,2
2023-02,Basket,206,2
2023-02,Basket,207,1
2023-02,Basket,208,1
2023-02,Basket,209,5
2023-02,Basket,210,5
2023-02,Basket,211,3
2023-02,Basket,212,2
2023-02,Basket,301,14
2023-02,Basket,302,8
2023-02,Basket,303,3
2023-02,Basket,304,4
2023-02,Basket,305,4
2023-02,Basket,306,17
2023-02,Basket,307,9
2023-02,Basket,308,6
2023-02,Basket,309,9
2023-02,Basket,310,2
2023-02,Basket,311,9
2023-02,Basket,312,7
2023-02,Basket,313,2
2023-02,Basket,314,7
2023-02,Basket,315,15
2023-02,Basket,316,3
2023-02,Basket,317,5
2023-02,Basket,318,4
2023-02,Basket,401,2
2023-02,Basket,402,3
2023-02,Basket,403,2
2023-02,Basket,405,4
2023-02,Basket,406,3
2023-02,Basket,407,3
2023-02,Basket,408,4
2023-02,Basket,409,5
2023-02,Basket,410,2
2023-02,Basket,411,1
2023-02,Basket,412,5
2023-02,Basket,413,4
2023-02,Basket,414,13
2023-02,Basket,501,8
2023-02,Basket,502,3
2023-02,Basket,503,8
2023-02,Collection,101,11
2023-02,Collection,102,47
2023-02,Collection,103,35
2023-02,Collection,104,36
2023-02,Collection,105,21
2023-02,Collection,106,31
2023-02,Collection,107,81
2023-02,Collection,108,24
2023-02,Collection,109,10
2023-02,Collection,110,42
2023-02,Collection,111,18
2023-02,Collection,112,16
2023-02,Collection,201,24
2023-02,Collection,202,5
2023-02,Collection,203,15
2023-02,Collection,204,12
2023-02,Collection,205,7
2023-02,Collection,206,35
2023-02,Collection,207,15
2023-02,Collection,208,31
2023-02,Collection,209,12
2023-02,Collection,210,42
2023-02,Collection,211,35
2023-02,Collection,212,83
2023-02,Collection,301,238
2023-02,Collection,302,60
2023-02,Collection,303,94
2023-02,Collection,304,16
2023-02,Collection,305,74
2023-02,Collection,306,96
2023-02,Collection,307,59
2023-02,Collection,308,31
2023-02,Collection,309,24
2023-02,Collection,310,70
2023-02,Collection,311,84
2023-02,Collection,312,169
2023-02,Collection,313,31
2023-02,Collection,314,84
2023-02,Collection,315,94
2023-02,Collection,316,20
2023-02,Collection,317,48
2023-02,Collection,318,64
2023-02,Collection,401,57
2023-02,Collection,402,28
2023-02,Collection,403,40
2023-02,Collection,404,40
2023-02,Collection,405,58
2023-02,Collection,406,19
2023-02,Collection,407,79
2023-02,Collection,408,92
2023-02,Collection,409,54
2023-02,Collection,410,81
2023-02,Collection,411,92
2023-02,Collection,412,152
2023-02,Collection,413,94
2023-02,Collection,414,59
2023-02,Collection,501,119
2023-02,Collection,502,133
2023-02,Collection,503,164
2023-02,Collection,595,1
2023-02,Sweeping,102,2
2023-02,Sweeping,103,8
2023-02,Sweeping,104,1
2023-02,Sweeping,107,7
2023-02,Sweeping,108,2
2023-02,Sweeping,109,1
2023-02,Sweeping,110,5
2023-02,Sweeping,111,3
2023-02,Sweeping,112,13
2023-02,Sweeping,201,4
2023-02,Sweeping,202,3
2023-02,Sweeping,203,3
2023-02,Sweeping,204,8
2023-02,Sweeping,205,13
2023-02,Sweeping,206,6
2023-02,Sweeping,207,7
2023-02,Sweeping,208,3
2023-02,Sweeping,209,14
2023-02,Sweeping,210,7
2023-02,Sweeping,211,10
2023-02,Sweeping,212,9
2023-02,Sweeping,301,13
2023-02,Sweeping,302,8
2023-02,Sweeping,303,24
2023-02,Sweeping,304,12
2023-02,Sweeping,305,26
2023-02,Sweeping,306,12
2023-02,Sweeping,307,3
2023-02,Sweeping,308,13
2023-02,Sweeping,309,9
2023-02,Sweeping,310,8
2023-02,Sweeping,311,4
2023-02,Sweeping,312,13
2023-02,Sweeping,313,7
2023-02,Sweeping,314,9
2023-02,Sweeping,315,2
2023-02,Sweeping,316,3
2023-02,Sweeping,317,17
2023-02,Sweeping,318,7
2023-02,Sweeping,401,7
2023-02,Sweeping,402,1
2023-02,Sweeping,403,12
2023-02,Sweeping,404,2
2023-02,Sweeping,405,6
2023-02,Sweeping,407,7
2023-02,Sweeping,408,2
2023-02,Sweeping,409,1
2023-02,Sweeping,412,16
2023-02,Sweeping,413,1
2023-02,Sweeping,414,2
2023-02,Sweeping,502,2
2023-02,Sweeping,503,2
2023-03,Basket,101,5
2023-03,Basket,102,7
2023-03,Basket,104,7
2023-03,Basket,105,1
2023-03,Basket,106,5
2023-03,Basket,107,21
2023-03,Basket,108,6
2023-03,Basket,109,20
2023-03,Basket,110,10
2023-03,Basket,111,17
2023-03,Basket,112,15
2023-03,Basket,201,3
2023-03,Basket,205,1
2023-03,Basket,206,3
2023-03,Basket,207,4
2023-03,Basket,208,4
2023-03,Basket,209,2
2023-03,Basket,210,1
2023-03,Basket,211,1
2023-03,Basket,212,4
2023-03,Basket,301,10
2023-03,Basket,302,12
2023-03,Basket,303,10
2023-03,Basket,304,3
2023-03,Basket,305,6
2023-03,Basket,306,7
2023-03,Basket,307,8
2023-03,Basket,308,6
2023-03,Basket,309,2
2023-03,Basket,310,6
2023-03,Basket,311,6
2023-03,Basket,312,4
2023-03,Basket,313,2
2023-03,Basket,314,12
2023-03,Basket,315,12
2023-03,Basket,316,2
2023-03,Basket,317,1
2023-03,Basket,318,3
2023-03,Basket,401,7
2023-03,Basket,402,1
2023-03,Basket,403,7
2023-03,Basket,404,1
2023-03,Basket,405,6
2023-03,Basket,406,2
2023-03,Basket,407,5
2023-03,Basket,408,1
2023-03,Basket,409,5
2023-03,Basket,411,2
2023-03,Basket,412,8
2023-03,Basket,413,6
2023-03,Basket,414,4
2023-03,Basket,501,6
2023-03,Basket,502,9
2023-03,Basket,503,7
2023-03,Collection,101,16
2023-03,Collection,102,37
2023-03,Collection,103,43
2023-03,Collection,104,35
2023-03,Collection,105,18
2023-03,Collection,106,37
2023-03,Collection,107,66
2023-03,Collection,108,35
2023-03,Collection,109,11
2023-03,Collection,110,49
2023-03,Collection,111,19
2023-03,Collection,112,15
2023-03,Collection,201,17
2023-03,Collection,202,7
2023-03,Collection,203,15
2023-03,Collection,204,14
2023-03,Collection,205,21
2023-03,Collection,206,23
2023-03,Collection,207,19
2023-03,Collection,208,24
2023-03,Collection,209,18
2023-03,Collection,210,60
2023-03,Collection,211,25
2023-03,Collection,212,89
2023-03,Collection,301,317
2023-03,Collection,302,56
2023-03,Collection,303,111
2023-03,Collection,304,22
2023-03,Collection,305,83
2023-03,Collection,306,90
2023-03,Collection,307,75
2023-03,Collection,308,43
2023-03,Collection,309,31
2023-03,Collection,310,43
2023-03,Collection,311,82
2023-03,Collection,312,336
2023-03,Collection,313,39
2023-03,Collection,314,98
2023-03,Collection,315,87
2023-03,Collection,316,14
2023-03,Collection,317,63
2023-03,Collection,318,76
2023-03,Collection,401,62
2023-03,Collection,402,52
2023-03,Collection,403,34
2023-03,Collection,404,25
2023-03,Collection,405,106
2023-03,Collection,406,24
2023-03,Collection,407,93
2023-03,Collection,408,110
2023-03,Collection,409,56
2023-03,Collection,410,126
2023-03,Collection,411,113
2023-03,Collection,412,168
2023-03,Collection,413,114
2023-03,Collection,414,62
2023-03,Collection,481,2
2023-03,Collection,501,161
2023-03,Collection,502,163
2023-03,Collection,503,161
2023-03,Sweeping,102,5
2023-03,Sweeping,103,6
2023-03,Sweeping,104,3
2023-03,Sweeping,105,1
2023-03,Sweeping,106,1
2023-03,Sweeping,107,11
2023-03,Sweeping,108,7
2023-03,Sweeping,109,3
2023-03,Sweeping,110,8
2023-03,Sweeping,111,4
2023-03,Sweeping,112,7
2023-03,Sweeping,201,20
2023-03,Sweeping,202,3
2023-03,Sweeping,204,9
2023-03,Sweeping,205,5
2023-03,Sweeping,206,5
2023-03,Sweeping,207,8
2023-03,Sweeping,208,2
2023-03,Sweeping,209,30
2023-03,Sweeping,210,5
2023-03,Sweeping,211,9
2023-03,Sweeping,212,12
2023-03,Sweeping,301,17
2023-03,Sweeping,302,16
2023-03,Sweeping,303,24
2023-03,Sweeping,304,20
2023-03,Sweeping,305,37
2023-03,Sweeping,306,21
2023-03,Sweeping,307,2
2023-03,Sweeping,308,6
2023-03,Sweeping,309,14
2023-03,Sweeping,310,8
2023-03,Sweeping,311,20
2023-03,Sweeping,312,20
2023-03,Sweeping,313,11
2023-03,Sweeping,314,21
2023-03,Sweeping,315,10
2023-03,Sweeping,316,19
2023-03,Sweeping,317,21
2023-03,Sweeping,318,12
2023-03,Sweeping,401,10
2023-03,Sweeping,402,4
2023-03,Sweeping,403,11
2023-03,Sweeping,404,2
2023-03,Sweeping,405,7
2023-03,Sweeping,406,3
2023-03,Sweeping,407,2
2023-03,Sweeping,408,9
2023-03,Sweeping,409,1
2023-03,Sweeping,412,9
2023-03,Sweeping,414,8
2023-03,Sweeping,502,1
2023-03,Sweeping,503,1
2023-04,Basket,101,1
2023-04,Basket,102,13
2023-04,Basket,103,5
2023-04,Basket,104,14
2023-04,Basket,105,2
2023-04,Basket,106,4
2023-04,Basket,107,18
2023-04,Basket,108,7
2023-04,Basket,109,16
2023-04,Basket,110,15
2023-04,Basket,111,12
2023-04,Basket,112,10
2023-04,Basket,201,1
2023-04,Basket,202,2
2023-04,Basket,203,7
2023-04,Basket,204,5
2023-04,Basket,205,1
2023-04,Basket,206,3
2023-04,Basket,207,8
2023-04,Basket,209,4
2023-04,Basket,210,2
2023-04,Basket,211,2
2023-04,Basket,212,4
2023-04,Basket,301,10
2023-04,Basket,302,43
2023-04,Basket,303,13
2023-04,Basket,304,4
2023-04,Basket,305,4
2023-04,Basket,306,8
2023-04,Basket,307,7
2023-04,Basket,308,5
2023-04,Basket,309,11
2023-04,Basket,310,10
2023-04,Basket,311,10
2023-04,Basket,312,9
2023-04,Basket,313,3
2023-04,Basket,314,5
2023-04,Basket,315,7
2023-04,Basket,316,2
2023-04,Basket,317,2
2023-04,Basket,318,9
2023-04,Basket,401,13
2023-04,Basket,402,7
2023-04,Basket,403,14
2023-04,Basket,405,5
2023-04,Basket,407,12
2023-04,Basket,408,2
2023-04,Basket,409,3
2023-04,Basket,410,2
2023-04,Basket,412,6
2023-04,Basket,413,1
2023-04,Basket,414,5
2023-04,Basket,501,13
2023-04,Basket,502,8
2023-04,Basket,503,7
2023-04,Collection,101,15
2023-04,Collection,102,93
2023-04,Collection,103,49
2023-04,Collection,104,63
2023-04,Collection,105,31
2023-04,Collection,106,45
2023-04,Collection,107,77
2023-04,Collection,108,38
2023-04,Collection,109,9
2023-04,Collection,110,63
2023-04,Collection,111,20
2023-04,Collection,112,27
2023-04,Collection,201,21
2023-04,Collection,202,7
2023-04,Collection,203,17
2023-04,Collection,204,14
2023-04,Collection,205,9
2023-04,Collection,206,37
2023-04,Collection,207,26
2023-04,Collection,208,34
2023-04,Collection,209,39
2023-04,Collection,210,68
2023-04,Collection,211,25
2023-04,Collection,212,79
2023-04,Collection,301,275
2023-04,Collection,302,91
2023-04,Collection,303,119
2023-04,Collection,304,28
2023-04,Collection,305,92
2023-04,Collection,306,110
2023-04,Collection,307,57
2023-04,Collection,308,55
2023-04,Collection,309,25
2023-04,Collection,310,53
2023-04,Collection,311,102
2023-04,Collection,312,307
2023-04,Collection,313,49
2023-04,Collection,314,87
2023-04,Collection,315,100
2023-04,Collection,316,23
2023-04,Collection,317,88
2023-04,Collection,318,83
2023-04,Collection,401,124
2023-04,Collection,402,55
2023-04,Collection,403,61
2023-04,Collection,404,42
2023-04,Collection,405,210
2023-04,Collection,406,49
2023-04,Collection,407,158
2023-04,Collection,408,139
2023-04,Collection,409,101
2023-04,Collection,410,187
2023-04,Collection,411,110
2023-04,Collection,412,266
2023-04,Collection,413,213
2023-04,Collection,414,105
2023-04,Collection,501,157
2023-04,Collection,502,119
2023-04,Collection,503,192
2023-04,Sweeping,101,2
2023-04,Sweeping,102,6
2023-04,Sweeping,103,1
2023-04,Sweeping,107,3
2023-04,Sweeping,108,10
2023-04,Sweeping,110,3
2023-04,Sweeping,111,2
2023-04,Sweeping,112,8
2023-04,Sweeping,201,13
2023-04,Sweeping,202,5
2023-04,Sweeping,203,2
2023-04,Sweeping,204,12
2023-04,Sweeping,205,2
2023-04,Sweeping,206,4
2023-04,Sweeping,207,5
2023-04,Sweeping,208,1
2023-04,Sweeping,209,17
2023-04,Sweeping,210,2
2023-04,Sweeping,211,12
2023-04,Sweeping,212,3
2023-04,Sweeping,301,11
2023-04,Sweeping,302,13
2023-04,Sweeping,303,21
2023-04,Sweeping,304,13
2023-04,Sweeping,305,31
2023-04,Sweeping,306,9
2023-04,Sweeping,307,1
2023-04,Sweeping,308,11
2023-04,Sweeping,309,15
2023-04,Sweeping,310,5
2023-04,Sweeping,311,12
2023-04,Sweeping,312,15
2023-04,Sweeping,313,16
2023-04,Sweeping,314,8
2023-04,Sweeping,315,8
2023-04,Sweeping,316,18
2023-04,Sweeping,317,18
2023-04,Sweeping,318,19
2023-04,Sweeping,401,9
2023-04,Sweeping,403,10
2023-04,Sweeping,404,2
2023-04,Sweeping,405,7
2023-04,Sweeping,406,3
2023-04,Sweeping,407,1
2023-04,Sweeping,408,2
2023-04,Sweeping,409,1
2023-04,Sweeping,411,1
2023-04,Sweeping,412,7
2023-04,Sweeping,414,2
2023-05,Basket,101,6
2023-05,Basket,102,16
2023-05,Basket,103,7
2023-05,Basket,104,9
2023-05,Basket,105,4
2023-05,Basket,106,16
2023-05,Basket,107,29
2023-05,Basket,108,17
2023-05,Basket,109,15
2023-05,Basket,110,11
2023-05,Basket,111,7
2023-05,Basket,112,9
2023-05,Basket,164,1
2023-05,Basket,201,3
2023-05,Basket,203,1
2023-05,Basket,204,2
2023-05,Basket,205,4
2023-05,Basket,206,4
2023-05,Basket,207,4
2023-05,Basket,208,5
2023-05,Basket,209,7
2023-05,Basket,210,3
2023-05,Basket,212,3
2023-05,Basket,301,19
2023-05,Basket,302,42
2023-05,Basket,303,12
2023-05,Basket,304,7
2023-05,Basket,305,12
2023-05,Basket,306,17
2023-05,Basket,307,26
2023-05,Basket,308,7
2023-05,Basket,309,1
2023-05,Basket,310,12
2023-05,Basket,311,8
2023-05,Basket,312,13
2023-05,Basket,313,3
2023-05,Basket,314,6
2023-05,Basket,315,8
2023-05,Basket,316,1
2023-05,Basket,317,4
2023-05,Basket,318,6
2023-05,Basket,355,1
2023-05,Basket,401,14
2023-05,Basket,402,6
2023-05,Basket,403,3
2023-05,Basket,404,2
2023-05,Basket,405,4
2023-05,Basket,406,2
2023-05,Basket,407,11
2023-05,Basket,408,5
2023-05,Basket,409,4
2023-05,Basket,410,4
2023-05,Basket,411,7
2023-05,Basket,412,8
2023-05,Basket,413,3
2023-05,Basket,414,2
2023-05,Basket,501,15
2023-05,Basket,502,11
2023-05,Basket,503,9
2023-05,Collection,101,24
2023-05,Collection,102,81
2023-05,Collection,103,59
2023-05,Collection,104,64
2023-05,Collection,105,24
2023-05,Collection,106,47
2023-05,Collection,107,88
2023-05,Collection,108,50
2023-05,Collection,109,13
2023-05,Collection,110,38
2023-05,Collection,111,24
2023-05,Collection,112,24
2023-05,Collection,201,20
2023-05,Collection,202,5
2023-05,Collection,203,24
2023-05,Collection,204,13
2023-05,Collection,205,23
2023-05,Collection,206,32
2023-05,Collection,207,18
2023-05,Collection,208,48
2023-05,Collection,209,28
2023-05,Collection,210,66
2023-05,Collection,211,32
2023-05,Collection,212,107
2023-05,Collection,301,315
2023-05,Collection,302,94
2023-05,Collection,303,192
2023-05,Collection,304,31
2023-05,Collection,305,108
2023-05,Collection,306,101
2023-05,Collection,307,85
2023-05,Collection,308,65
2023-05,Collection,309,26
2023-05,Collection,310,57
2023-05,Collection,311,105
2023-05,Collection,312,320
2023-05,Collection,313,39
2023-05,Collection,314,94
2023-05,Collection,315,117
2023-05,Collection,316,16
2023-05,Collection,317,99
2023-05,Collection,318,84
2023-05,Collection,401,146
2023-05,Collection,402,69
2023-05,Collection,403,78
2023-05,Collection,404,33
2023-05,Collection,405,163
2023-05,Collection,406,48
2023-05,Collection,407,169
2023-05,Collection,408,139
2023-05,Collection,409,98
2023-05,Collection,410,178
2023-05,Collection,411,131
2023-05,Collection,412,238
2023-05,Collection,413,256
2023-05,Collection,414,118
2023-05,Collection,501,154
2023-05,Collection,502,185
2023-05,Collection,503,455
2023-05,Sweeping,101,3
2023-05,Sweeping,102,7
2023-05,Sweeping,103,6
2023-05,Sweeping,105,1
2023-05,Sweeping,107,8
2023-05,Sweeping,108,13
2023-05,Sweeping,109,2
2023-05,Sweeping,110,16
2023-05,Sweeping,111,6
2023-05,Sweeping,112,5
2023-05,Sweeping,201,12
2023-05,Sweeping,202,2
2023-05,Sweeping,203,5
2023-05,Sweeping,204,17
2023-05,Sweeping,205,7
2023-05,Sweeping,206,3
2023-05,Sweeping,207,16
2023-05,Sweeping,208,4
2023-05,Sweeping,209,18
2023-05,Sweeping,210,4
2023-05,Sweeping,211,6
2023-05,Sweeping,212,12
2023-05,Sweeping,301,31
2023-05,Sweeping,302,9
2023-05,Sweeping,303,50
2023-05,Sweeping,304,31
2023-05,Sweeping,305,51
2023-05,Sweeping,306,12
2023-05,Sweeping,307,6
2023-05,Sweeping,308,21
2023-05,Sweeping,309,12
2023-05,Sweeping,310,5
2023-05,Sweeping,311,28
2023-05,Sweeping,312,21
2023-05,Sweeping,313,31
2023-05,Sweeping,314,13
2023-05,Sweeping,315,10
2023-05,Sweeping,316,12
2023-05,Sweeping,317,45
2023-05,Sweeping,318,19
2023-05,Sweeping,401,11
2023-05,Sweeping,402,10
2023-05,Sweeping,403,8
2023-05,Sweeping,404,4
2023-05,Sweeping,405,11
2023-05,Sweeping,406,3
2023-05,Sweeping,407,1
2023-05,Sweeping,408,5
2023-05,Sweeping,410,1
2023-05,Sweeping,412,10
2023-05,Sweeping,413,1
2023-05,Sweeping,414,4
2023-05,Sweeping,501,1
2023-06,Basket,101,4
2023-06,Basket,102,17
2023-06,Basket,103,4
2023-06,Basket,104,4
2023-06,Basket,105,6
2023-06,Basket,106,21
2023-06,Basket,107,34
2023-06,Basket,108,12
2023-06,Basket,109,11
2023-06,Basket,110,10
2023-06,Basket,111,9
2023-06,Basket,112,13
2023-06,Basket,201,1
2023-06,Basket,202,1
2023-06,Basket,203,1
2023-06,Basket,204,3
2023-06,Basket,206,5
2023-06,Basket,207,3
2023-06,Basket,208,5
2023-06,Basket,209,5
2023-06,Basket,210,14
2023-06,Basket,211,4
2023-06,Basket,212,4
2023-06,Basket,301,9
2023-06,Basket,302,17
2023-06,Basket,303,18
2023-06,Basket,304,4
2023-06,Basket,305,3
2023-06,Basket,306,17
2023-06,Basket,307,22
2023-06,Basket,308,8
2023-06,Basket,309,10
2023-06,Basket,310,8
2023-06,Basket,311,13
2023-06,Basket,312,15
2023-06,Basket,313,2
2023-06,Basket,314,8
2023-06,Basket,315,12
2023-06,Basket,316,2
2023-06,Basket,317,9
2023-06,Basket,318,4
2023-06,Basket,355,1
2023-06,Basket,401,27
2023-06,Basket,402,9
2023-06,Basket,403,6
2023-06,Basket,404,5
2023-06,Basket,405,3
2023-06,Basket,406,6
2023-06,Basket,407,6
2023-06,Basket,408,3
2023-06,Basket,409,2
2023-06,Basket,410,8
2023-06,Basket,411,1
2023-06,Basket,412,6
2023-06,Basket,413,6
2023-06,Basket,414,3
2023-06,Basket,481,1
2023-06,Basket,501,11
2023-06,Basket,502,6
2023-06,Basket,503,7
2023-06,Collection,101,21
2023-06,Collection,102,90
2023-06,Collection,103,59
2023-06,Collection,104,55
2023-06,Collection,105,18
2023-06,Collection,106,55
2023-06,Collection,107,78
2023-06,Collection,108,53
2023-06,Collection,109,12
2023-06,Collection,110,70
2023-06,Collection,111,55
2023-06,Collection,112,25
2023-06,Collection,201,16
2023-06,Collection,202,4
2023-06,Collection,203,19
2023-06,Collection,204,14
2023-06,Collection,205,18
2023-06,Collection,206,16
2023-06,Collection,207,20
2023-06,Collection,208,21
2023-06,Collection,209,22
2023-06,Collection,210,84
2023-06,Collection,211,22
2023-06,Collection,212,110
2023-06,Collection,301,368
2023-06,Collection,302,76
2023-06,Collection,303,156
2023-06,Collection,304,37
2023-06,Collection,305,115
2023-06,Collection,306,122
2023-06,Collection,307,73
2023-06,Collection,308,50
2023-06,Collection,309,26
2023-06,Collection,310,72
2023-06,Collection,311,123
2023-06,Collection,312,288
2023-06,Collection,313,24
2023-06,Collection,314,85
2023-06,Collection,315,264
2023-06,Collection,316,24
2023-06,Collection,317,73
2023-06,Collection,318,89
2023-06,Collection,401,145
2023-06,Collection,402,48
2023-06,Collection,403,75
2023-06,Collection,404,39
2023-06,Collection,405,152
2023-06,Collection,406,64
2023-06,Collection,407,183
2023-06,Collection,408,145
2023-06,Collection,409,82
2023-06,Collection,410,150
2023-06,Collection,411,141
2023-06,Collection,412,303
2023-06,Collection,413,184
2023-06,Collection,414,155
2023-06,Collection,501,163
2023-06,Collection,502,159
2023-06,Collection,503,294
2023-06,Sweeping,101,4
2023-06,Sweeping,102,6
2023-06,Sweeping,103,3
2023-06,Sweeping,104,1
2023-06,Sweeping,105,1
2023-06,Sweeping,106,1
2023-06,Sweeping,107,6
2023-06,Sweeping,108,11
2023-06,Sweeping,109,6
2023-06,Sweeping,110,18
2023-06,Sweeping,111,3
2023-06,Sweeping,112,11
2023-06,Sweeping,201,10
2023-06,Sweeping,202,1
2023-06,Sweeping,203,8
2023-06,Sweeping,204,15
2023-06,Sweeping,205,8
2023-06,Sweeping,206,8
2023-06,Sweeping,207,4
2023-06,Sweeping,208,2
2023-06,Sweeping,209,14
2023-06,Sweeping,210,2
2023-06,Sweeping,211,5
2023-06,Sweeping,212,11
2023-06,Sweeping,301,24
2023-06,Sweeping,302,10
2023-06,Sweeping,303,29
2023-06,Sweeping,304,27
2023-06,Sweeping,305,48
2023-06,Sweeping,306,8
2023-06,Sweeping,307,6
2023-06,Sweeping,308,19
2023-06,Sweeping,309,11
2023-06,Sweeping,310,18
2023-06,Sweeping,311,16
2023-06,Sweeping,312,10
2023-06,Sweeping,313,19
2023-06,Sweeping,314,21
2023-06,Sweeping,315,11
2023-06,Sweeping,316,17
2023-06,Sweeping,317,47
2023-06,Sweeping,318,20
2023-06,Sweeping,401,16
2023-06,Sweeping,402,6
2023-06,Sweeping,403,19
2023-06,Sweeping,404,2
2023-06,Sweeping,405,10
2023-06,Sweeping,406,2
2023-06,Sweeping,407,1
2023-06,Sweeping,408,2
2023-06,Sweeping,409,1
2023-06,Sweeping,412,6
2023-06,Sweeping,413,1
2023-06,Sweeping,414,6
2023-06,Sweeping,501,1
2023-07,Basket,101,5
2023-07,Basket,102,17
2023-07,Basket,103,8
2023-07,Basket,104,10
2023-07,Basket,105,7
2023-07,Basket,106,21
2023-07,Basket,107,23
2023-07,Basket,108,13
2023-07,Basket,109,12
2023-07,Basket,110,17
2023-07,Basket,111,8
2023-07,Basket,112,35
2023-07,Basket,164,5
2023-07,Basket,201,4
2023-07,Basket,202,2
2023-07,Basket,203,1
2023-07,Basket,204,8
2023-07,Basket,205,3
2023-07,Basket,206,1
2023-07,Basket,207,7
2023-07,Basket,208,8
2023-07,Basket,209,6
2023-07,Basket,210,17
2023-07,Basket,211,4
2023-07,Basket,212,10
2023-07,Basket,301,15
2023-07,Basket,302,23
2023-07,Basket,303,6
2023-07,Basket,304,12
2023-07,Basket,305,14
2023-07,Basket,306,14
2023-07,Basket,307,17
2023-07,Basket,308,7
2023-07,Basket,309,7
2023-07,Basket,310,8
2023-07,Basket,311,18
2023-07,Basket,312,3
2023-07,Basket,313,7
2023-07,Basket,314,14
2023-07,Basket,315,10
2023-07,Basket,317,9
2023-07,Basket,318,5
2023-07,Basket,401,19
2023-07,Basket,402,13
2023-07,Basket,403,11
2023-07,Basket,404,3
2023-07,Basket,405,5
2023-07,Basket,406,3
2023-07,Basket,407,4
2023-07,Basket,408,2
2023-07,Basket,409,4
2023-07,Basket,410,7
2023-07,Basket,411,2
2023-07,Basket,412,11
2023-07,Basket,413,3
2023-07,Basket,414,15
2023-07,Basket,501,10
2023-07,Basket,502,3
2023-07,Basket,503,11
2023-07,Collection,101,16
2023-07,Collection,102,52
2023-07,Collection,103,54
2023-07,Collection,104,54
2023-07,Collection,105,15
2023-07,Collection,106,50
2023-07,Collection,107,82
2023-07,Collection,108,75
2023-07,Collection,109,19
2023-07,Collection,110,50
2023-07,Collection,111,32
2023-07,Collection,112,33
2023-07,Collection,201,16
2023-07,Collection,202,10
2023-07,Collection,203,31
2023-07,Collection,204,16
2023-07,Collection,205,15
2023-07,Collection,206,26
2023-07,Collection,207,30
2023-07,Collection,208,36
2023-07,Collection,209,30
2023-07,Collection,210,63
2023-07,Collection,211,25
2023-07,Collection,212,96
2023-07,Collection,301,279
2023-07,Collection,302,106
2023-07,Collection,303,164
2023-07,Collection,304,40
2023-07,Collection,305,142
2023-07,Collection,306,115
2023-07,Collection,307,79
2023-07,Collection,308,68
2023-07,Collection,309,30
2023-07,Collection,310,66
2023-07,Collection,311,115
2023-07,Collection,312,169
2023-07,Collection,313,35
2023-07,Collection,314,66
2023-07,Collection,315,102
2023-07,Collection,316,30
2023-07,Collection,317,95
2023-07,Collection,318,77
2023-07,Collection,401,161
2023-07,Collection,402,42
2023-07,Collection,403,87
2023-07,Collection,404,45
2023-07,Collection,405,160
2023-07,Collection,406,47
2023-07,Collection,407,151
2023-07,Collection,408,166
2023-07,Collection,409,94
2023-07,Collection,410,156
2023-07,Collection,411,149
2023-07,Collection,412,305
2023-07,Collection,413,210
2023-07,Collection,414,211
2023-07,Collection,501,176
2023-07,Collection,502,141
2023-07,Collection,503,253
2023-07,Sweeping,101,6
2023-07,Sweeping,102,5
2023-07,Sweeping,103,12
2023-07,Sweeping,104,4
2023-07,Sweeping,106,2
2023-07,Sweeping,107,4
2023-07,Sweeping,108,20
2023-07,Sweeping,109,5
2023-07,Sweeping,110,20
2023-07,Sweeping,111,4
2023-07,Sweeping,112,10
2023-07,Sweeping,201,17
2023-07,Sweeping,202,6
2023-07,Sweeping,203,3
2023-07,Sweeping,204,23
2023-07,Sweeping,205,21
2023-07,Sweeping,206,8
2023-07,Sweeping,207,14
2023-07,Sweeping,208,3
2023-07,Sweeping,209,11
2023-07,Sweeping,210,15
2023-07,Sweeping,211,2
2023-07,Sweeping,212,23
2023-07,Sweeping,301,54
2023-07,Sweeping,302,17
2023-07,Sweeping,303,46
2023-07,Sweeping,304,20
2023-07,Sweeping,305,93
2023-07,Sweeping,306,13
2023-07,Sweeping,307,20
2023-07,Sweeping,308,26
2023-07,Sweeping,309,14
2023-07,Sweeping,310,15
2023-07,Sweeping,311,24
2023-07,Sweeping,312,29
2023-07,Sweeping,313,20
2023-07,Sweeping,314,32
2023-07,Sweeping,315,10
2023-07,Sweeping,316,33
2023-07,Sweeping,317,55
2023-07,Sweeping,318,59
2023-07,Sweeping,401,15
2023-07,Sweeping,402,11
2023-07,Sweeping,403,17
2023-07,Sweeping,404,7
2023-07,Sweeping,405,18
2023-07,Sweeping,406,7
2023-07,Sweeping,407,3
2023-07,Sweeping,408,2
2023-07,Sweeping,409,3
2023-07,Sweeping,412,13
2023-07,Sweeping,413,4
2023-07,Sweeping,414,8
2023-07,Sweeping,501,1
2023-07,Sweeping,503,1
2023-08,Basket,101,5
2023-08,Basket,102,8
2023-08,Basket,103,6
2023-08,Basket,104,19
2023-08,Basket,105,9
2023-08,Basket,106,15
2023-08,Basket,107,36
2023-08,Basket,108,15
2023-08,Basket,109,16
2023-08,Basket,110,11
2023-08,Basket,111,8
2023-08,Basket,112,28
2023-08,Basket,164,3
2023-08,Basket,201,5
2023-08,Basket,202,4
2023-08,Basket,203,1
2023-08,Basket,204,5
2023-08,Basket,205,3
2023-08,Basket,206,2
2023-08,Basket,207,8
2023-08,Basket,208,4
2023-08,Basket,209,5
2023-08,Basket,210,6
2023-08,Basket,211,2
2023-08,Basket,212,10
2023-08,Basket,301,28
2023-08,Basket,302,65
2023-08,Basket,303,14
2023-08,Basket,304,6
2023-08,Basket,305,8
2023-08,Basket,306,17
2023-08,Basket,307,10
2023-08,Basket,308,6
2023-08,Basket,309,7
2023-08,Basket,310,9
2023-08,Basket,311,18
2023-08,Basket,312,8
2023-08,Basket,313,1
2023-08,Basket,314,6
2023-08,Basket,315,12
2023-08,Basket,316,2
2023-08,Basket,317,6
2023-08,Basket,318,4
2023-08,Basket,401,24
2023-08,Basket,402,17
2023-08,Basket,403,14
2023-08,Basket,404,6
2023-08,Basket,405,10
2023-08,Basket,406,2
2023-08,Basket,407,6
2023-08,Basket,408,8
2023-08,Basket,409,4
2023-08,Basket,410,6
2023-08,Basket,411,3
2023-08,Basket,412,9
2023-08,Basket,413,7
2023-08,Basket,414,7
2023-08,Basket,501,10
2023-08,Basket,502,3
2023-08,Basket,503,11
2023-08,Collection,101,15
2023-08,Collection,102,74
2023-08,Collection,103,50
2023-08,Collection,104,40
2023-08,Collection,105,27
2023-08,Collection,106,36
2023-08,Collection,107,70
2023-08,Collection,108,62
2023-08,Collection,109,11
2023-08,Collection,110,58
2023-08,Collection,111,18
2023-08,Collection,112,19
2023-08,Collection,201,23
2023-08,Collection,202,5
2023-08,Collection,203,23
2023-08,Collection,204,19
2023-08,Collection,205,12
2023-08,Collection,206,28
2023-08,Collection,207,19
2023-08,Collection,208,18
2023-08,Collection,209,31
2023-08,Collection,210,62
2023-08,Collection,211,23
2023-08,Collection,212,105
2023-08,Collection,301,235
2023-08,Collection,302,93
2023-08,Collection,303,196
2023-08,Collection,304,29
2023-08,Collection,305,123
2023-08,Collection,306,142
2023-08,Collection,307,94
2023-08,Collection,308,57
2023-08,Collection,309,24
2023-08,Collection,310,59
2023-08,Collection,311,108
2023-08,Collection,312,194
2023-08,Collection,313,27
2023-08,Collection,314,70
2023-08,Collection,315,138
2023-08,Collection,316,18
2023-08,Collection,317,77
2023-08,Collection,318,82
2023-08,Collection,401,153
2023-08,Collection,402,52
2023-08,Collection,403,82
2023-08,Collection,404,29
2023-08,Collection,405,125
2023-08,Collection,406,78
2023-08,Collection,407,153
2023-08,Collection,408,134
2023-08,Collection,409,101
2023-08,Collection,410,153
2023-08,Collection,411,134
2023-08,Collection,412,252
2023-08,Collection,413,241
2023-08,Collection,414,127
2023-08,Collection,501,174
2023-08,Collection,502,127
2023-08,Collection,503,260
2023-08,Sweeping,101,1
2023-08,Sweeping,102,5
2023-08,Sweeping,103,5
2023-08,Sweeping,104,2
2023-08,Sweeping,105,1
2023-08,Sweeping,106,3
2023-08,Sweeping,107,13
2023-08,Sweeping,108,5
2023-08,Sweeping,109,9
2023-08,Sweeping,110,23
2023-08,Sweeping,111,6
2023-08,Sweeping,112,12
2023-08,Sweeping,201,12
2023-08,Sweeping,202,10
2023-08,Sweeping,203,2
2023-08,Sweeping,204,10
2023-08,Sweeping,205,7
2023-08,Sweeping,206,4
2023-08,Sweeping,207,13
2023-08,Sweeping,208,6
2023-08,Sweeping,209,8
2023-08,Sweeping,210,6
2023-08,Sweeping,211,3
2023-08,Sweeping,212,17
2023-08,Sweeping,301,39
2023-08,Sweeping,302,26
2023-08,Sweeping,303,34
2023-08,Sweeping,304,12
2023-08,Sweeping,305,69
2023-08,Sweeping,306,23
2023-08,Sweeping,307,16
2023-08,Sweeping,308,13
2023-08,Sweeping,309,21
2023-08,Sweeping,310,12
2023-08,Sweeping,311,27
2023-08,Sweeping,312,21
2023-08,Sweeping,313,10
2023-08,Sweeping,314,29
2023-08,Sweeping,315,13
2023-08,Sweeping,316,12
2023-08,Sweeping,317,57
2023-08,Sweeping,318,50
2023-08,Sweeping,401,8
2023-08,Sweeping,402,2
2023-08,Sweeping,403,20
2023-08,Sweeping,404,5
2023-08,Sweeping,405,7
2023-08,Sweeping,406,6
2023-08,Sweeping,407,5
2023-08,Sweeping,408,8
2023-08,Sweeping,409,2
2023-08,Sweeping,412,10
2023-08,Sweeping,413,2
2023-08,Sweeping,414,10
2023-08,Sweeping,501,1
2023-08,Sweeping,503,1
2023-09,Basket,101,10
2023-09,Basket,102,10
2023-09,Basket,103,6
2023-09,Basket,104,18
2023-09,Basket,105,5
2023-09,Basket,106,16
2023-09,Basket,107,30
2023-09,Basket,108,19
2023-09,Basket,109,12
2023-09,Basket,110,17
2023-09,Basket,111,5
2023-09,Basket,112,16
2023-09,Basket,164,1
2023-09,Basket,201,6
2023-09,Basket,202,3
2023-09,Basket,203,3
2023-09,Basket,204,3
2023-09,Basket,206,2
2023-09,Basket,207,3
2023-09,Basket,208,4
2023-09,Basket,209,7
2023-09,Basket,210,8
2023-09,Basket,211,4
2023-09,Basket,212,3
2023-09,Basket,301,27
2023-09,Basket,302,110
2023-09,Basket,303,11
2023-09,Basket,304,8
2023-09,Basket,305,7
2023-09,Basket,306,21
2023-09,Basket,307,18
2023-09,Basket,308,19
2023-09,Basket,309,8
2023-09,Basket,310,13
2023-09,Basket,311,7
2023-09,Basket,312,11
2023-09,Basket,313,3
2023-09,Basket,314,5
2023-09,Basket,315,16
2023-09,Basket,316,1
2023-09,Basket,317,13
2023-09,Basket,318,7
2023-09,Basket,355,1
2023-09,Basket,401,28
2023-09,Basket,402,10
2023-09,Basket,403,9
2023-09,Basket,404,4
2023-09,Basket,405,5
2023-09,Basket,406,3
2023-09,Basket,407,4
2023-09,Basket,408,3
2023-09,Basket,409,6
2023-09,Basket,410,4
2023-09,Basket,411,3
2023-09,Basket,412,27
2023-09,Basket,413,4
2023-09,Basket,414,7
2023-09,Basket,501,8
2023-09,Basket,502,3
2023-09,Basket,503,2
2023-09,Collection,101,13
2023-09,Collection,102,100
2023-09,Collection,103,45
2023-09,Collection,104,36
2023-09,Collection,105,30
2023-09,Collection,106,64
2023-09,Collection,107,71
2023-09,Collection,108,67
2023-09,Collection,109,18
2023-09,Collection,110,39
2023-09,Collection,111,16
2023-09,Collection,112,23
2023-09,Collection,201,23
2023-09,Collection,202,4
2023-09,Collection,203,23
2023-09,Collection,204,20
2023-09,Collection,205,26
2023-09,Collection,206,11
2023-09,Collection,207,33
2023-09,Collection,208,14
2023-09,Collection,209,36
2023-09,Collection,210,58
2023-09,Collection,211,30
2023-09,Collection,212,79
2023-09,Collection,301,258
2023-09,Collection,302,92
2023-09,Collection,303,150
2023-09,Collection,304,40
2023-09,Collection,305,141
2023-09,Collection,306,151
2023-09,Collection,307,115
2023-09,Collection,308,46
2023-09,Collection,309,32
2023-09,Collection,310,58
2023-09,Collection,311,127
2023-09,Collection,312,252
2023-09,Collection,313,32
2023-09,Collection,314,142
2023-09,Collection,315,186
2023-09,Collection,316,12
2023-09,Collection,317,96
2023-09,Collection,318,66
2023-09,Collection,401,112
2023-09,Collection,402,57
2023-09,Collection,403,69
2023-09,Collection,404,24
2023-09,Collection,405,141
2023-09,Collection,406,53
2023-09,Collection,407,155
2023-09,Collection,408,163
2023-09,Collection,409,79
2023-09,Collection,410,156
2023-09,Collection,411,144
2023-09,Collection,412,259
2023-09,Collection,413,183
2023-09,Collection,414,99
2023-09,Collection,501,199
2023-09,Collection,502,126
2023-09,Collection,503,233
2023-09,Sweeping,101,2
2023-09,Sweeping,102,6
2023-09,Sweeping,103,5
2023-09,Sweeping,104,1
2023-09,Sweeping,105,2
2023-09,Sweeping,107,8
2023-09,Sweeping,108,7
2023-09,Sweeping,109,3
2023-09,Sweeping,110,23
2023-09,Sweeping,111,11
2023-09,Sweeping,112,9
2023-09,Sweeping,201,6
2023-09,Sweeping,202,16
2023-09,Sweeping,203,14
2023-09,Sweeping,204,17
2023-09,Sweeping,205,6
2023-09,Sweeping,206,5
2023-09,Sweeping,207,6
2023-09,Sweeping,208,3
2023-09,Sweeping,209,10
2023-09,Sweeping,210,3
2023-09,Sweeping,211,3
2023-09,Sweeping,212,11
2023-09,Sweeping,301,17
2023-09,Sweeping,302,20
2023-09,Sweeping,303,42
2023-09,Sweeping,304,5
2023-09,Sweeping,305,71
2023-09,Sweeping,306,24
2023-09,Sweeping,307,24
2023-09,Sweeping,308,15
2023-09,Sweeping,309,23
2023-09,Sweeping,310,12
2023-09,Sweeping,311,35
2023-09,Sweeping,312,17
2023-09,Sweeping,313,13
2023-09,Sweeping,314,27
2023-09,Sweeping,315,10
2023-09,Sweeping,316,14
2023-09,Sweeping,317,34
2023-09,Sweeping,318,29
2023-09,Sweeping,401,17
2023-09,Sweeping,402,8
2023-09,Sweeping,403,8
2023-09,Sweeping,404,7
2023-09,Sweeping,405,6
2023-09,Sweeping,407,2
2023-09,Sweeping,408,7
2023-09,Sweeping,409,3
2023-09,Sweeping,411,1
2023-09,Sweeping,412,6
2023-09,Sweeping,413,2
2023-09,Sweeping,414,8
2023-10,Basket,101,2
2023-10,Basket,102,11
2023-10,Basket,103,7
2023-10,Basket,104,15
2023-10,Basket,105,6
2023-10,Basket,106,30
2023-10,Basket,107,42
2023-10,Basket,108,26
2023-10,Basket,109,9
2023-10,Basket,110,5
2023-10,Basket,111,14
2023-10,Basket,112,15
2023-10,Basket,201,4
2023-10,Basket,202,2
2023-10,Basket,204,8
2023-10,Basket,205,2
2023-10,Basket,207,1
2023-10,Basket,208,1
2023-10,Basket,209,5
2023-10,Basket,210,3
2023-10,Basket,211,5
2023-10,Basket,212,5
2023-10,Basket,227,1
2023-10,Basket,301,12
2023-10,Basket,302,93
2023-10,Basket,303,8
2023-10,Basket,304,4
2023-10,Basket,305,7
2023-10,Basket,306,13
2023-10,Basket,307,11
2023-10,Basket,308,4
2023-10,Basket,309,10
2023-10,Basket,310,14
2023-10,Basket,311,18
2023-10,Basket,312,4
2023-10,Basket,313,4
2023-10,Basket,314,11
2023-10,Basket,315,11
2023-10,Basket,317,6
2023-10,Basket,318,3
2023-10,Basket,401,24
2023-10,Basket,402,10
2023-10,Basket,403,4
2023-10,Basket,404,5
2023-10,Basket,405,8
2023-10,Basket,406,1
2023-10,Basket,407,4
2023-10,Basket,408,3
2023-10,Basket,409,3
2023-10,Basket,410,7
2023-10,Basket,411,2
2023-10,Basket,412,7
2023-10,Basket,413,5
2023-10,Basket,414,8
2023-10,Basket,501,9
2023-10,Basket,502,5
2023-10,Basket,503,9
2023-10,Collection,101,11
2023-10,Collection,102,74
2023-10,Collection,103,47
2023-10,Collection,104,47
2023-10,Collection,105,27
2023-10,Collection,106,45
2023-10,Collection,107,56
2023-10,Collection,108,66
2023-10,Collection,109,16
2023-10,Collection,110,31
2023-10,Collection,111,17
2023-10,Collection,112,19
2023-10,Collection,201,21
2023-10,Collection,202,2
2023-10,Collection,203,13
2023-10,Collection,204,20
2023-10,Collection,205,21
2023-10,Collection,206,17
2023-10,Collection,207,22
2023-10,Collection,208,23
2023-10,Collection,209,20
2023-10,Collection,210,42
2023-10,Collection,211,20
2023-10,Collection,212,45
2023-10,Collection,301,252
2023-10,Collection,302,133
2023-10,Collection,303,242
2023-10,Collection,304,54
2023-10,Collection,305,124
2023-10,Collection,306,163
2023-10,Collection,307,124
2023-10,Collection,308,64
2023-10,Collection,309,113
2023-10,Collection,310,91
2023-10,Collection,311,127
2023-10,Collection,312,255
2023-10,Collection,313,22
2023-10,Collection,314,138
2023-10,Collection,315,181
2023-10,Collection,316,23
2023-10,Collection,317,124
2023-10,Collection,318,110
2023-10,Collection,355,1
2023-10,Collection,401,117
2023-10,Collection,402,38
2023-10,Collection,403,57
2023-10,Collection,404,30
2023-10,Collection,405,93
2023-10,Collection,406,38
2023-10,Collection,407,113
2023-10,Collection,408,170
2023-10,Collection,409,71
2023-10,Collection,410,97
2023-10,Collection,411,89
2023-10,Collection,412,208
2023-10,Collection,413,150
2023-10,Collection,414,61
2023-10,Collection,501,153
2023-10,Collection,502,98
2023-10,Collection,503,167
2023-10,Sweeping,102,18
2023-10,Sweeping,103,6
2023-10,Sweeping,104,4
2023-10,Sweeping,105,2
2023-10,Sweeping,106,3
2023-10,Sweeping,107,14
2023-10,Sweeping,108,3
2023-10,Sweeping,109,6
2023-10,Sweeping,110,37
2023-10,Sweeping,111,18
2023-10,Sweeping,112,6
2023-10,Sweeping,201,29
2023-10,Sweeping,202,16
2023-10,Sweeping,203,11
2023-10,Sweeping,204,17
2023-10,Sweeping,205,14
2023-10,Sweeping,206,4
2023-10,Sweeping,207,14
2023-10,Sweeping,208,7
2023-10,Sweeping,209,21
2023-10,Sweeping,210,6
2023-10,Sweeping,211,6
2023-10,Sweeping,212,28
2023-10,Sweeping,301,38
2023-10,Sweeping,302,18
2023-10,Sweeping,303,71
2023-10,Sweeping,304,25
2023-10,Sweeping,305,78
2023-10,Sweeping,306,51
2023-10,Sweeping,307,24
2023-10,Sweeping,308,23
2023-10,Sweeping,309,17
2023-10,Sweeping,310,25
2023-10,Sweeping,311,29
2023-10,Sweeping,312,44
2023-10,Sweeping,313,9
2023-10,Sweeping,314,24
2023-10,Sweeping,315,19
2023-10,Sweeping,316,25
2023-10,Sweeping,317,46
2023-10,Sweeping,318,42
2023-10,Sweeping,401,38
2023-10,Sweeping,402,15
2023-10,Sweeping,403,28
2023-10,Sweeping,404,12
2023-10,Sweeping,405,32
2023-10,Sweeping,406,6
2023-10,Sweeping,407,1
2023-10,Sweeping,408,7
2023-10,Sweeping,409,4
2023-10,Sweeping,410,1
2023-10,Sweeping,411,1
2023-10,Sweeping,412,6
2023-10,Sweeping,413,1
2023-10,Sweeping,414,16
2023-10,Sweeping,501,2
2023-11,Basket,101,2
2023-11,Basket,102,8
2023-11,Basket,103,11
2023-11,Basket,104,11
2023-11,Basket,105,12
2023-11,Basket,106,14
2023-11,Basket,107,52
2023-11,Basket,108,12
2023-11,Basket,109,2
2023-11,Basket,110,8
2023-11,Basket,111,6
2023-11,Basket,112,12
2023-11,Basket,164,2
2023-11,Basket,201,5
2023-11,Basket,203,2
2023-11,Basket,204,5
2023-11,Basket,205,1
2023-11,Basket,207,3
2023-11,Basket,208,4
2023-11,Basket,209,1
2023-11,Basket,210,1
2023-11,Basket,211,2
2023-11,Basket,212,5
2023-11,Basket,228,1
2023-11,Basket,301,15
2023-11,Basket,302,57
2023-11,Basket,303,5
2023-11,Basket,304,4
2023-11,Basket,305,6
2023-11,Basket,306,9
2023-11,Basket,307,13
2023-11,Basket,308,12
2023-11,Basket,309,6
2023-11,Basket,310,16
2023-11,Basket,311,5
2023-11,Basket,312,3
2023-11,Basket,314,3
2023-11,Basket,315,3
2023-11,Basket,316,4
2023-11,Basket,317,6
2023-11,Basket,318,5
2023-11,Basket,401,22
2023-11,Basket,402,4
2023-11,Basket,403,8
2023-11,Basket,404,7
2023-11,Basket,405,5
2023-11,Basket,406,2
2023-11,Basket,407,10
2023-11,Basket,409,7
2023-11,Basket,410,2
2023-11,Basket,411,5
2023-11,Basket,412,7
2023-11,Basket,413,1
2023-11,Basket,414,5
2023-11,Basket,501,8
2023-11,Basket,502,3
2023-11,Basket,503,7
2023-11,Collection,101,24
2023-11,Collection,102,69
2023-11,Collection,103,30
2023-11,Collection,104,28
2023-11,Collection,105,20
2023-11,Collection,106,24
2023-11,Collection,107,72
2023-11,Collection,108,55
2023-11,Collection,109,16
2023-11,Collection,110,53
2023-11,Collection,111,16
2023-11,Collection,112,14
2023-11,Collection,201,19
2023-11,Collection,202,1
2023-11,Collection,203,10
2023-11,Collection,204,21
2023-11,Collection,205,11
2023-11,Collection,206,14
2023-11,Collection,207,22
2023-11,Collection,208,28
2023-11,Collection,209,13
2023-11,Collection,210,26
2023-11,Collection,211,14
2023-11,Collection,212,74
2023-11,Collection,301,178
2023-11,Collection,302,89
2023-11,Collection,303,225
2023-11,Collection,304,37
2023-11,Collection,305,101
2023-11,Collection,306,115
2023-11,Collection,307,87
2023-11,Collection,308,58
2023-11,Collection,309,37
2023-11,Collection,310,89
2023-11,Collection,311,131
2023-11,Collection,312,163
2023-11,Collection,313,26
2023-11,Collection,314,125
2023-11,Collection,315,146
2023-11,Collection,316,25
2023-11,Collection,317,106
2023-11,Collection,318,107
2023-11,Collection,401,85
2023-11,Collection,402,31
2023-11,Collection,403,62
2023-11,Collection,404,10
2023-11,Collection,405,68
2023-11,Collection,406,20
2023-11,Collection,407,112
2023-11,Collection,408,104
2023-11,Collection,409,53
2023-11,Collection,410,83
2023-11,Collection,411,72
2023-11,Collection,412,174
2023-11,Collection,413,114
2023-11,Collection,414,50
2023-11,Collection,501,278
2023-11,Collection,502,183
2023-11,Collection,503,330
2023-11,Sweeping,102,13
2023-11,Sweeping,103,4
2023-11,Sweeping,104,1
2023-11,Sweeping,105,1
2023-11,Sweeping,106,3
2023-11,Sweeping,107,12
2023-11,Sweeping,108,10
2023-11,Sweeping,109,5
2023-11,Sweeping,110,27
2023-11,Sweeping,111,15
2023-11,Sweeping,112,9
2023-11,Sweeping,201,15
2023-11,Sweeping,202,4
2023-11,Sweeping,203,6
2023-11,Sweeping,204,9
2023-11,Sweeping,205,6
2023-11,Sweeping,206,2
2023-11,Sweeping,207,12
2023-11,Sweeping,208,3
2023-11,Sweeping,209,22
2023-11,Sweeping,210,10
2023-11,Sweeping,211,7
2023-11,Sweeping,212,40
2023-11,Sweeping,301,40
2023-11,Sweeping,302,39
2023-11,Sweeping,303,76
2023-11,Sweeping,304,26
2023-11,Sweeping,305,67
2023-11,Sweeping,306,61
2023-11,Sweeping,307,28
2023-11,Sweeping,308,20
2023-11,Sweeping,309,24
2023-11,Sweeping,310,26
2023-11,Sweeping,311,35
2023-11,Sweeping,312,39
2023-11,Sweeping,313,14
2023-11,Sweeping,314,31
2023-11,Sweeping,315,31
2023-11,Sweeping,316,27
2023-11,Sweeping,317,42
2023-11,Sweeping,318,38
2023-11,Sweeping,401,32
2023-11,Sweeping,402,25
2023-11,Sweeping,403,39
2023-11,Sweeping,404,5
2023-11,Sweeping,405,24
2023-11,Sweeping,406,14
2023-11,Sweeping,407,3
2023-11,Sweeping,408,21
2023-11,Sweeping,409,5
2023-11,Sweeping,410,1
2023-11,Sweeping,412,14
2023-11,Sweeping,413,1
2023-11,Sweeping,414,4
2023-11,Sweeping,501,1
2023-12,Basket,101,5
2023-12,Basket,102,9
2023-12,Basket,103,5
2023-12,Basket,104,19
2023-12,Basket,105,11
2023-12,Basket,106,10
2023-12,Basket,107,32
2023-12,Basket,108,10
2023-12,Basket,109,3
2023-12,Basket,110,4
2023-12,Basket,111,4
2023-12,Basket,112,16
2023-12,Basket,164,6
2023-12,Basket,201,7
2023-12,Basket,204,1
2023-12,Basket,206,2
2023-12,Basket,207,7
2023-12,Basket,208,2
2023-12,Basket,210,1
2023-12,Basket,211,4
2023-12,Basket,212,5
2023-12,Basket,226,1
2023-12,Basket,301,5
2023-12,Basket,302,33
2023-12,Basket,303,5
2023-12,Basket,304,2
2023-12,Basket,306,24
2023-12,Basket,308,12
2023-12,Basket,309,6
2023-12,Basket,310,9
2023-12,Basket,311,3
2023-12,Basket,312,10
2023-12,Basket,313,2
2023-12,Basket,314,3
2023-12,Basket,315,14
2023-12,Basket,316,1
2023-12,Basket,317,4
2023-12,Basket,318,5
2023-12,Basket,401,16
2023-12,Basket,402,7
2023-12,Basket,403,5
2023-12,Basket,405,6
2023-12,Basket,406,1
2023-12,Basket,407,6
2023-12,Basket,408,1
2023-12,Basket,409,7
2023-12,Basket,411,7
2023-12,Basket,412,7
2023-12,Basket,413,1
2023-12,Basket,414,1
2023-12,Basket,501,6
2023-12,Basket,502,2
2023-12,Basket,503,6
2023-12,Collection,101,10
2023-12,Collection,102,52
2023-12,Collection,103,49
2023-12,Collection,104,10
2023-12,Collection,105,19
2023-12,Collection,106,30
2023-12,Collection,107,42
2023-12,Collection,108,38
2023-12,Collection,109,16
2023-12,Collection,110,33
2023-12,Collection,111,13
2023-12,Collection,112,22
2023-12,Collection,201,30
2023-12,Collection,202,7
2023-12,Collection,203,20
2023-12,Collection,204,11
2023-12,Collection,205,8
2023-12,Collection,206,9
2023-12,Collection,207,24
2023-12,Collection,208,56
2023-12,Collection,209,32
2023-12,Collection,210,45
2023-12,Collection,211,20
2023-12,Collection,212,71
2023-12,Collection,301,150
2023-12,Collection,302,61
2023-12,Collection,303,140
2023-12,Collection,304,29
2023-12,Collection,305,74
2023-12,Collection,306,122
2023-12,Collection,307,75
2023-12,Collection,308,40
2023-12,Collection,309,34
2023-12,Collection,310,78
2023-12,Collection,311,72
2023-12,Collection,312,139
2023-12,Collection,313,22
2023-12,Collection,314,100
2023-12,Collection,315,119
2023-12,Collection,316,31
2023-12,Collection,317,61
2023-12,Collection,318,91
2023-12,Collection,401,94
2023-12,Collection,402,31
2023-12,Collection,403,64
2023-12,Collection,404,32
2023-12,Collection,405,69
2023-12,Collection,406,63
2023-12,Collection,407,94
2023-12,Collection,408,116
2023-12,Collection,409,46
2023-12,Collection,410,76
2023-12,Collection,411,88
2023-12,Collection,412,186
2023-12,Collection,413,126
2023-12,Collection,414,76
2023-12,Collection,501,156
2023-12,Collection,502,128
2023-12,Collection,503,219
2023-12,Sweeping,101,1
2023-12,Sweeping,102,9
2023-12,Sweeping,103,9
2023-12,Sweeping,104,3
2023-12,Sweeping,106,6
2023-12,Sweeping,107,11
2023-12,Sweeping,108,7
2023-12,Sweeping,109,2
2023-12,Sweeping,110,29
2023-12,Sweeping,111,7
2023-12,Sweeping,112,8
2023-12,Sweeping,201,12
2023-12,Sweeping,203,7
2023-12,Sweeping,204,6
2023-12,Sweeping,205,6
2023-12,Sweeping,206,8
2023-12,Sweeping,207,7
2023-12,Sweeping,208,12
2023-12,Sweeping,209,12
2023-12,Sweeping,210,3
2023-12,Sweeping,211,10
2023-12,Sweeping,212,19
2023-12,Sweeping,301,41
2023-12,Sweeping,302,25
2023-12,Sweeping,303,37
2023-12,Sweeping,304,16
2023-12,Sweeping,305,54
2023-12,Sweeping,306,33
2023-12,Sweeping,307,23
2023-12,Sweeping,308,13
2023-12,Sweeping,309,16
2023-12,Sweeping,310,15
2023-12,Sweeping,311,19
2023-12,Sweeping,312,15
2023-12,Sweeping,313,7
2023-12,Sweeping,314,31
2023-12,Sweeping,315,22
2023-12,Sweeping,316,22
2023-12,Sweeping,317,27
2023-12,Sweeping,318,15
2023-12,Sweeping,401,20
2023-12,Sweeping,402,4
2023-12,Sweeping,403,12
2023-12,Sweeping,404,4
2023-12,Sweeping,405,16
2023-12,Sweeping,406,3
2023-12,Sweeping,407,1
2023-12,Sweeping,408,13
2023-12,Sweeping,409,3
2023-12,Sweeping,410,2
2023-12,Sweeping,412,18
2023-12,Sweeping,414,5
2023-12,Sweeping,502,1
2024-01,Basket,101,2
2024-01,Basket,102,12
2024-01,Basket,103,5
2024-01,Basket,104,10
2024-01,Basket,105,8
2024-01,Basket,106,7
2024-01,Basket,107,27
2024-01,Basket,108,12
2024-01,Basket,109,3
2024-01,Basket,110,9
2024-01,Basket,111,5
2024-01,Basket,112,20
2024-01,Basket,164,1
2024-01,Basket,201,4
2024-01,Basket,202,1
2024-01,Basket,203,2
2024-01,Basket,204,2
2024-01,Basket,205,3
2024-01,Basket,207,4
2024-01,Basket,208,8
2024-01,Basket,209,2
2024-01,Basket,210,2
2024-01,Basket,211,2
2024-01,Basket,212,5
2024-01,Basket,226,1
2024-01,Basket,228,1
2024-01,Basket,301,6
2024-01,Basket,302,29
2024-01,Basket,303,2
2024-01,Basket,304,3
2024-01,Basket,305,4
2024-01,Basket,306,6
2024-01,Basket,307,6
2024-01,Basket,308,7
2024-01,Basket,309,2
2024-01,Basket,310,6
2024-01,Basket,311,3
2024-01,Basket,312,5
2024-01,Basket,313,1
2024-01,Basket,314,4
2024-01,Basket,315,3
2024-01,Basket,316,1
2024-01,Basket,317,4
2024-01,Basket,318,1
2024-01,Basket,355,1
2024-01,Basket,401,11
2024-01,Basket,402,5
2024-01,Basket,403,2
2024-01,Basket,404,3
2024-01,Basket,407,1
2024-01,Basket,409,13
2024-01,Basket,410,3
2024-01,Basket,411,2
2024-01,Basket,412,8
2024-01,Basket,413,1
2024-01,Basket,414,5
2024-01,Basket,501,3
2024-01,Basket,502,1
2024-01,Basket,503,8
2024-01,Collection,101,10
2024-01,Collection,102,31
2024-01,Collection,103,24
2024-01,Collection,104,18
2024-01,Collection,105,17
2024-01,Collection,106,21
2024-01,Collection,107,24
2024-01,Collection,108,16
2024-01,Collection,109,6
2024-01,Collection,110,29
2024-01,Collection,111,8
2024-01,Collection,112,9
2024-01,Collection,201,11
2024-01,Collection,202,1
2024-01,Collection,203,8
2024-01,Collection,204,22
2024-01,Collection,205,12
2024-01,Collection,206,12
2024-01,Collection,207,7
2024-01,Collection,208,34
2024-01,Collection,209,23
2024-01,Collection,210,44
2024-01,Collection,211,14
2024-01,Collection,212,34
2024-01,Collection,301,117
2024-01,Collection,302,40
2024-01,Collection,303,84
2024-01,Collection,304,20
2024-01,Collection,305,55
2024-01,Collection,306,67
2024-01,Collection,307,39
2024-01,Collection,308,31
2024-01,Collection,309,27
2024-01,Collection,310,53
2024-01,Collection,311,80
2024-01,Collection,312,81
2024-01,Collection,313,14
2024-01,Collection,314,46
2024-01,Collection,315,53
2024-01,Collection,316,14
2024-01,Collection,317,69
2024-01,Collection,318,56
2024-01,Collection,401,79
2024-01,Collection,402,30
2024-01,Collection,403,68
2024-01,Collection,404,10
2024-01,Collection,405,50
2024-01,Collection,406,20
2024-01,Collection,407,61
2024-01,Collection,408,71
2024-01,Collection,409,22
2024-01,Collection,410,64
2024-01,Collection,411,59
2024-01,Collection,412,105
2024-01,Collection,413,81
2024-01,Collection,414,45
2024-01,Collection,501,101
2024-01,Collection,502,66
2024-01,Collection,503,123
2024-01,Sweeping,102,8
2024-01,Sweeping,103,6
2024-01,Sweeping,104,3
2024-01,Sweeping,105,1
2024-01,Sweeping,106,1
2024-01,Sweeping,107,12
2024-01,Sweeping,108,6
2024-01,Sweeping,110,27
2024-01,Sweeping,111,1
2024-01,Sweeping,112,17
2024-01,Sweeping,201,3
2024-01,Sweeping,202,8
2024-01,Sweeping,203,2
2024-01,Sweeping,204,3
2024-01,Sweeping,205,5
2024-01,Sweeping,206,5
2024-01,Sweeping,207,6
2024-01,Sweeping,208,1
2024-01,Sweeping,209,19
2024-01,Sweeping,210,2
2024-01,Sweeping,211,5
2024-01,Sweeping,212,14
2024-01,Sweeping,301,33
2024-01,Sweeping,302,13
2024-01,Sweeping,303,32
2024-01,Sweeping,304,17
2024-01,Sweeping,305,34
2024-01,Sweeping,306,26
2024-01,Sweeping,307,8
2024-01,Sweeping,308,8
2024-01,Sweeping,309,9
2024-01,Sweeping,310,8
2024-01,Sweeping,311,33
2024-01,Sweeping,312,17
2024-01,Sweeping,313,14
2024-01,Sweeping,314,27
2024-01,Sweeping,315,13
2024-01,Sweeping,316,20
2024-01,Sweeping,317,9
2024-01,Sweeping,318,15
2024-01,Sweeping,401,10
2024-01,Sweeping,402,1
2024-01,Sweeping,403,13
2024-01,Sweeping,404,9
2024-01,Sweeping,405,6
2024-01,Sweeping,407,3
2024-01,Sweeping,408,5
2024-01,Sweeping,409,5
2024-01,Sweeping,411,1
2024-01,Sweeping,412,6
2024-01,Sweeping,414,6
2024-01,Sweeping,501,1
2024-01,Sweeping,502,1
2024-02,Basket,101,8
2024-02,Basket,102,6
2024-02,Basket,103,4
2024-02,Basket,104,22
2024-02,Basket,105,13
2024-02,Basket,106,8
2024-02,Basket,107,14
2024-02,Basket,108,13
2024-02,Basket,109,6
2024-02,Basket,110,7
2024-02,Basket,111,9
2024-02,Basket,112,9
2024-02,Basket,164,4
2024-02,Basket,201,4
2024-02,Basket,203,5
2024-02,Basket,204,3
2024-02,Basket,205,4
2024-02,Basket,207,4
2024-02,Basket,208,3
2024-02,Basket,209,2
2024-02,Basket,211,1
2024-02,Basket,212,4
2024-02,Basket,301,4
2024-02,Basket,302,14
2024-02,Basket,303,4
2024-02,Basket,304,3
2024-02,Basket,305,1
2024-02,Basket,306,5
2024-02,Basket,307,7
2024-02,Basket,308,9
2024-02,Basket,309,2
2024-02,Basket,310,5
2024-02,Basket,311,5
2024-02,Basket,312,1
2024-02,Basket,313,2
2024-02,Basket,314,1
2024-02,Basket,315,3
2024-02,Basket,316,4
2024-02,Basket,317,5
2024-02,Basket,318,2
2024-02,Basket,401,7
2024-02,Basket,402,4
2024-02,Basket,403,5
2024-02,Basket,404,1
2024-02,Basket,405,6
2024-02,Basket,406,4
2024-02,Basket,407,5
2024-02,Basket,408,2
2024-02,Basket,409,2
2024-02,Basket,410,1
2024-02,Basket,411,1
2024-02,Basket,412,5
2024-02,Basket,413,4
2024-02,Basket,414,5
2024-02,Basket,501,11
2024-02,Basket,502,1
2024-02,Basket,503,8
2024-02,Collection,101,1
2024-02,Collection,102,28
2024-02,Collection,103,14
2024-02,Collection,104,10
2024-02,Collection,105,15
2024-02,Collection,106,27
2024-02,Collection,107,26
2024-02,Collection,108,25
2024-02,Collection,109,1
2024-02,Collection,110,22
2024-02,Collection,111,10
2024-02,Collection,112,7
2024-02,Collection,201,7
2024-02,Collection,202,2
2024-02,Collection,203,10
2024-02,Collection,204,6
2024-02,Collection,205,5
2024-02,Collection,206,11
2024-02,Collection,207,7
2024-02,Collection,208,25
2024-02,Collection,209,15
2024-02,Collection,210,25
2024-02,Collection,211,8
2024-02,Collection,212,27
2024-02,Collection,301,79
2024-02,Collection,302,25
2024-02,Collection,303,47
2024-02,Collection,304,9
2024-02,Collection,305,45
2024-02,Collection,306,35
2024-02,Collection,307,36
2024-02,Collection,308,27
2024-02,Collection,309,10
2024-02,Collection,310,20
2024-02,Collection,311,47
2024-02,Collection,312,75
2024-02,Collection,313,11
2024-02,Collection,314,32
2024-02,Collection,315,68
2024-02,Collection,316,9
2024-02,Collection,317,27
2024-02,Collection,318,51
2024-02,Collection,401,51
2024-02,Collection,402,28
2024-02,Collection,403,34
2024-02,Collection,404,13
2024-02,Collection,405,31
2024-02,Collection,406,24
2024-02,Collection,407,49
2024-02,Collection,408,81
2024-02,Collection,409,21
2024-02,Collection,410,42
2024-02,Collection,411,46
2024-02,Collection,412,70
2024-02,Collection,413,47
2024-02,Collection,414,52
2024-02,Collection,501,59
2024-02,Collection,502,42
2024-02,Collection,503,72
2024-02,Sweeping,101,1
2024-02,Sweeping,102,10
2024-02,Sweeping,103,4
2024-02,Sweeping,104,3
2024-02,Sweeping,107,7
2024-02,Sweeping,108,11
2024-02,Sweeping,109,3
2024-02,Sweeping,110,24
2024-02,Sweeping,111,8
2024-02,Sweeping,112,5
2024-02,Sweeping,201,6
2024-02,Sweeping,202,10
2024-02,Sweeping,203,1
2024-02,Sweeping,204,8
2024-02,Sweeping,205,9
2024-02,Sweeping,206,4
2024-02,Sweeping,207,9
2024-02,Sweeping,208,1
2024-02,Sweeping,209,16
2024-02,Sweeping,210,3
2024-02,Sweeping,211,4
2024-02,Sweeping,212,10
2024-02,Sweeping,301,25
2024-02,Sweeping,302,5
2024-02,Sweeping,303,27
2024-02,Sweeping,304,13
2024-02,Sweeping,305,33
2024-02,Sweeping,306,14
2024-02,Sweeping,307,12
2024-02,Sweeping,308,5
2024-02,Sweeping,309,12
2024-02,Sweeping,310,8
2024-02,Sweeping,311,37
2024-02,Sweeping,312,12
2024-02,Sweeping,313,8
2024-02,Sweeping,314,9
2024-02,Sweeping,315,9
2024-02,Sweeping,316,11
2024-02,Sweeping,317,18
2024-02,Sweeping,318,23
2024-02,Sweeping,401,9
2024-02,Sweeping,402,6
2024-02,Sweeping,403,14
2024-02,Sweeping,404,2
2024-02,Sweeping,405,9
2024-02,Sweeping,406,2
2024-02,Sweeping,407,2
2024-02,Sweeping,408,3
2024-02,Sweeping,409,5
2024-02,Sweeping,410,1
2024-02,Sweeping,412,7
2024-02,Sweeping,413,1
2024-02,Sweeping,414,5
2024-02,Sweeping,501,2
2024-02,Sweeping,502,1
2024-03,Basket,101,2
2024-03,Basket,102,6
2024-03,Basket,103,4
2024-03,Basket,104,24
2024-03,Basket,105,5
2024-03,Basket,106,8
2024-03,Basket,107,16
2024-03,Basket,108,18
2024-03,Basket,109,6
2024-03,Basket,110,7
2024-03,Basket,111,7
2024-03,Basket,112,36
2024-03,Basket,164,1
2024-03,Basket,201,7
2024-03,Basket,202,2
2024-03,Basket,203,3
2024-03,Basket,204,2
2024-03,Basket,206,1
2024-03,Basket,207,4
2024-03,Basket,208,6
2024-03,Basket,209,7
2024-03,Basket,210,4
2024-03,Basket,212,2
2024-03,Basket,301,12
2024-03,Basket,302,13
2024-03,Basket,303,14
2024-03,Basket,304,2
2024-03,Basket,305,5
2024-03,Basket,306,8
2024-03,Basket,307,6
2024-03,Basket,308,6
2024-03,Basket,309,8
2024-03,Basket,310,7
2024-03,Basket,311,6
2024-03,Basket,312,5
2024-03,Basket,313,3
2024-03,Basket,314,7
2024-03,Basket,315,17
2024-03,Basket,316,1
2024-03,Basket,317,6
2024-03,Basket,318,2
2024-03,Basket,355,1
2024-03,Basket,401,8
2024-03,Basket,402,9
2024-03,Basket,403,5
2024-03,Basket,404,6
2024-03,Basket,405,13
2024-03,Basket,406,1
2024-03,Basket,407,1
2024-03,Basket,409,3
2024-03,Basket,410,1
2024-03,Basket,411,2
2024-03,Basket,412,4
2024-03,Basket,413,3
2024-03,Basket,414,2
2024-03,Basket,501,10
2024-03,Basket,502,3
2024-03,Collection,101,11
2024-03,Collection,102,47
2024-03,Collection,103,48
2024-03,Collection,104,31
2024-03,Collection,105,22
2024-03,Collection,106,40
2024-03,Collection,107,54
2024-03,Collection,108,38
2024-03,Collection,109,6
2024-03,Collection,110,29
2024-03,Collection,111,12
2024-03,Collection,112,13
2024-03,Collection,201,14
2024-03,Collection,202,4
2024-03,Collection,203,14
2024-03,Collection,204,14
2024-03,Collection,205,9
2024-03,Collection,206,15
2024-03,Collection,207,13
2024-03,Collection,208,37
2024-03,Collection,209,19
2024-03,Collection,210,49
2024-03,Collection,211,11
2024-03,Collection,212,41
2024-03,Collection,301,142
2024-03,Collection,302,57
2024-03,Collection,303,110
2024-03,Collection,304,17
2024-03,Collection,305,100
2024-03,Collection,306,76
2024-03,Collection,307,47
2024-03,Collection,308,28
2024-03,Collection,309,22
2024-03,Collection,310,63
2024-03,Collection,311,63
2024-03,Collection,312,106
2024-03,Collection,313,16
2024-03,Collection,314,82
2024-03,Collection,315,106
2024-03,Collection,316,16
2024-03,Collection,317,62
2024-03,Collection,318,57
2024-03,Collection,401,67
2024-03,Collection,402,35
2024-03,Collection,403,48
2024-03,Collection,404,18
2024-03,Collection,405,46
2024-03,Collection,406,34
2024-03,Collection,407,81
2024-03,Collection,408,96
2024-03,Collection,409,40
2024-03,Collection,410,80
2024-03,Collection,411,100
2024-03,Collection,412,112
2024-03,Collection,413,80
2024-03,Collection,414,59
2024-03,Collection,501,130
2024-03,Collection,502,77
2024-03,Collection,503,108
2024-03,Sweeping,102,5
2024-03,Sweeping,103,4
2024-03,Sweeping,104,1
2024-03,Sweeping,106,1
2024-03,Sweeping,107,2
2024-03,Sweeping,108,6
2024-03,Sweeping,109,1
2024-03,Sweeping,110,18
2024-03,Sweeping,111,4
2024-03,Sweeping,112,6
2024-03,Sweeping,201,9
2024-03,Sweeping,202,12
2024-03,Sweeping,203,1
2024-03,Sweeping,204,7
2024-03,Sweeping,205,4
2024-03,Sweeping,206,7
2024-03,Sweeping,207,6
2024-03,Sweeping,209,12
2024-03,Sweeping,210,7
2024-03,Sweeping,211,2
2024-03,Sweeping,212,7
2024-03,Sweeping,301,25
2024-03,Sweeping,302,4
2024-03,Sweeping,303,38
2024-03,Sweeping,304,15
2024-03,Sweeping,305,26
2024-03,Sweeping,306,18
2024-03,Sweeping,307,8
2024-03,Sweeping,308,8
2024-03,Sweeping,309,17
2024-03,Sweeping,310,4
2024-03,Sweeping,311,27
2024-03,Sweeping,312,23
2024-03,Sweeping,313,11
2024-03,Sweeping,314,16
2024-03,Sweeping,315,17
2024-03,Sweeping,316,8
2024-03,Sweeping,317,18
2024-03,Sweeping,318,18
2024-03,Sweeping,401,11
2024-03,Sweeping,402,3
2024-03,Sweeping,403,13
2024-03,Sweeping,404,6
2024-03,Sweeping,405,12
2024-03,Sweeping,406,2
2024-03,Sweeping,407,1
2024-03,Sweeping,409,6
2024-03,Sweeping,411,5
2024-03,Sweeping,412,4
2024-03,Sweeping,413,1
2024-03,Sweeping,414,3
2024-03,Sweeping,501,1
2024-04,Basket,101,4
2024-04,Basket,102,17
2024-04,Basket,103,1
2024-04,Basket,104,18
2024-04,Basket,105,7
2024-04,Basket,106,10
2024-04,Basket,107,20
2024-04,Basket,108,6
2024-04,Basket,109,19
2024-04,Basket,110,7
2024-04,Basket,111,6
2024-04,Basket,112,9
2024-04,Basket,201,11
2024-04,Basket,202,1
2024-04,Basket,203,2
2024-04,Basket,204,1
2024-04,Basket,205,2
2024-04,Basket,206,2
2024-04,Basket,207,4
2024-04,Basket,208,2
2024-04,Basket,209,2
2024-04,Basket,210,4
2024-04,Basket,211,3
2024-04,Basket,212,1
2024-04,Basket,301,8
2024-04,Basket,302,11
2024-04,Basket,303,5
2024-04,Basket,304,1
2024-04,Basket,305,7
2024-04,Basket,306,9
2024-04,Basket,307,7
2024-04,Basket,308,7
2024-04,Basket,309,9
2024-04,Basket,310,6
2024-04,Basket,311,9
2024-04,Basket,312,13
2024-04,Basket,313,4
2024-04,Basket,314,5
2024-04,Basket,315,7
2024-04,Basket,317,5
2024-04,Basket,318,2
2024-04,Basket,401,14
2024-04,Basket,402,2
2024-04,Basket,403,8
2024-04,Basket,404,2
2024-04,Basket,405,5
2024-04,Basket,406,1
2024-04,Basket,407,8
2024-04,Basket,409,3
2024-04,Basket,410,4
2024-04,Basket,411,3
2024-04,Basket,412,15
2024-04,Basket,413,3
2024-04,Basket,414,2
2024-04,Basket,501,15
2024-04,Basket,502,4
2024-04,Basket,503,3
2024-04,Collection,101,8
2024-04,Collection,102,37
2024-04,Collection,103,25
2024-04,Collection,104,27
2024-04,Collection,105,12
2024-04,Collection,106,35
2024-04,Collection,107,49
2024-04,Collection,108,27
2024-04,Collection,109,6
2024-04,Collection,110,38
2024-04,Collection,111,8
2024-04,Collection,112,17
2024-04,Collection,201,15
2024-04,Collection,202,12
2024-04,Collection,203,4
2024-04,Collection,204,7
2024-04,Collection,205,10
2024-04,Collection,206,17
2024-04,Collection,207,15
2024-04,Collection,208,27
2024-04,Collection,209,16
2024-04,Collection,210,34
2024-04,Collection,211,16
2024-04,Collection,212,49
2024-04,Collection,301,147
2024-04,Collection,302,47
2024-04,Collection,303,92
2024-04,Collection,304,21
2024-04,Collection,305,58
2024-04,Collection,306,77
2024-04,Collection,307,51
2024-04,Collection,308,31
2024-04,Collection,309,25
2024-04,Collection,310,38
2024-04,Collection,311,46
2024-04,Collection,312,92
2024-04,Collection,313,19
2024-04,Collection,314,74
2024-04,Collection,315,115
2024-04,Collection,316,15
2024-04,Collection,317,61
2024-04,Collection,318,52
2024-04,Collection,401,55
2024-04,Collection,402,34
2024-04,Collection,403,42
2024-04,Collection,404,14
2024-04,Collection,405,65
2024-04,Collection,406,28
2024-04,Collection,407,56
2024-04,Collection,408,76
2024-04,Collection,409,31
2024-04,Collection,410,55
2024-04,Collection,411,71
2024-04,Collection,412,128
2024-04,Collection,413,96
2024-04,Collection,414,58
2024-04,Collection,501,120
2024-04,Collection,502,64
2024-04,Collection,503,90
2024-04,Sweeping,101,1
2024-04,Sweeping,102,5
2024-04,Sweeping,103,3
2024-04,Sweeping,104,1
2024-04,Sweeping,107,12
2024-04,Sweeping,109,3
2024-04,Sweeping,110,12
2024-04,Sweeping,111,2
2024-04,Sweeping,112,11
2024-04,Sweeping,201,10
2024-04,Sweeping,202,10
2024-04,Sweeping,203,1
2024-04,Sweeping,204,5
2024-04,Sweeping,205,6
2024-04,Sweeping,206,7
2024-04,Sweeping,207,6
2024-04,Sweeping,208,1
2024-04,Sweeping,209,13
2024-04,Sweeping,210,5
2024-04,Sweeping,211,5
2024-04,Sweeping,212,7
2024-04,Sweeping,301,26
2024-04,Sweeping,302,4
2024-04,Sweeping,303,26
2024-04,Sweeping,304,12
2024-04,Sweeping,305,25
2024-04,Sweeping,306,8
2024-04,Sweeping,307,11
2024-04,Sweeping,308,10
2024-04,Sweeping,309,9
2024-04,Sweeping,310,7
2024-04,Sweeping,311,16
2024-04,Sweeping,312,17
2024-04,Sweeping,313,13
2024-04,Sweeping,314,17
2024-04,Sweeping,315,13
2024-04,Sweeping,316,7
2024-04,Sweeping,317,17
2024-04,Sweeping,318,18
2024-04,Sweeping,401,14
2024-04,Sweeping,402,3
2024-04,Sweeping,403,6
2024-04,Sweeping,404,5
2024-04,Sweeping,405,11
2024-04,Sweeping,406,6
2024-04,Sweeping,407,4
2024-04,Sweeping,408,4
2024-04,Sweeping,409,4
2024-04,Sweeping,412,4
2024-04,Sweeping,413,1
2024-04,Sweeping,414,5
2024-05,Basket,102,33
2024-05,Basket,103,12
2024-05,Basket,104,17
2024-05,Basket,105,9
2024-05,Basket,106,9
2024-05,Basket,107,25
2024-05,Basket,108,15
2024-05,Basket,109,17
2024-05,Basket,110,6
2024-05,Basket,111,2
2024-05,Basket,112,11
2024-05,Basket,164,2
2024-05,Basket,201,6
2024-05,Basket,202,1
2024-05,Basket,203,1
2024-05,Basket,204,5
2024-05,Basket,205,1
2024-05,Basket,206,1
2024-05,Basket,207,4
2024-05,Basket,208,1
2024-05,Basket,209,8
2024-05,Basket,210,4
2024-05,Basket,211,1
2024-05,Basket,212,2
2024-05,Basket,301,8
2024-05,Basket,302,27
2024-05,Basket,303,9
2024-05,Basket,304,8
2024-05,Basket,305,11
2024-05,Basket,306,21
2024-05,Basket,307,14
2024-05,Basket,308,17
2024-05,Basket,309,11
2024-05,Basket,310,9
2024-05,Basket,311,11
2024-05,Basket,312,14
2024-05,Basket,313,3
2024-05,Basket,314,1
2024-05,Basket,315,9
2024-05,Basket,316,2
2024-05,Basket,317,8
2024-05,Basket,318,4
2024-05,Basket,401,15
2024-05,Basket,402,6
2024-05,Basket,403,2
2024-05,Basket,404,4
2024-05,Basket,405,7
2024-05,Basket,406,4
2024-05,Basket,407,3
2024-05,Basket,408,1
2024-05,Basket,409,3
2024-05,Basket,410,5
2024-05,Basket,411,3
2024-05,Basket,412,16
2024-05,Basket,413,9
2024-05,Basket,414,2
2024-05,Basket,501,14
2024-05,Basket,502,4
2024-05,Basket,503,3
2024-05,Collection,101,11
2024-05,Collection,102,44
2024-05,Collection,103,15
2024-05,Collection,104,20
2024-05,Collection,105,11
2024-05,Collection,106,39
2024-05,Collection,107,41
2024-05,Collection,108,56
2024-05,Collection,109,11
2024-05,Collection,110,32
2024-05,Collection,111,9
2024-05,Collection,112,12
2024-05,Collection,201,10
2024-05,Collection,202,8
2024-05,Collection,203,6
2024-05,Collection,204,16
2024-05,Collection,205,9
2024-05,Collection,206,11
2024-05,Collection,207,14
2024-05,Collection,208,30
2024-05,Collection,209,10
2024-05,Collection,210,37
2024-05,Collection,211,10
2024-05,Collection,212,48
2024-05,Collection,301,164
2024-05,Collection,302,30
2024-05,Collection,303,89
2024-05,Collection,304,24
2024-05,Collection,305,106
2024-05,Collection,306,77
2024-05,Collection,307,57
2024-05,Collection,308,59
2024-05,Collection,309,21
2024-05,Collection,310,44
2024-05,Collection,311,51
2024-05,Collection,312,94
2024-05,Collection,313,19
2024-05,Collection,314,87
2024-05,Collection,315,80
2024-05,Collection,316,18
2024-05,Collection,317,43
2024-05,Collection,318,57
2024-05,Collection,401,80
2024-05,Collection,402,26
2024-05,Collection,403,32
2024-05,Collection,404,14
2024-05,Collection,405,52
2024-05,Collection,406,28
2024-05,Collection,407,71
2024-05,Collection,408,78
2024-05,Collection,409,47
2024-05,Collection,410,56
2024-05,Collection,411,60
2024-05,Collection,412,138
2024-05,Collection,413,73
2024-05,Collection,414,49
2024-05,Collection,501,102
2024-05,Collection,502,68
2024-05,Collection,503,131
2024-05,Sweeping,101,1
2024-05,Sweeping,102,9
2024-05,Sweeping,103,5
2024-05,Sweeping,106,1
2024-05,Sweeping,107,6
2024-05,Sweeping,108,5
2024-05,Sweeping,109,1
2024-05,Sweeping,110,26
2024-05,Sweeping,111,5
2024-05,Sweeping,112,19
2024-05,Sweeping,201,15
2024-05,Sweeping,202,5
2024-05,Sweeping,203,6
2024-05,Sweeping,204,8
2024-05,Sweeping,205,7
2024-05,Sweeping,206,12
2024-05,Sweeping,207,6
2024-05,Sweeping,208,1
2024-05,Sweeping,209,14
2024-05,Sweeping,210,4
2024-05,Sweeping,211,2
2024-05,Sweeping,212,13
2024-05,Sweeping,301,32
2024-05,Sweeping,302,16
2024-05,Sweeping,303,22
2024-05,Sweeping,304,16
2024-05,Sweeping,305,49
2024-05,Sweeping,306,14
2024-05,Sweeping,307,7
2024-05,Sweeping,308,8
2024-05,Sweeping,309,19
2024-05,Sweeping,310,18
2024-05,Sweeping,311,47
2024-05,Sweeping,312,20
2024-05,Sweeping,313,23
2024-05,Sweeping,314,13
2024-05,Sweeping,315,17
2024-05,Sweeping,316,10
2024-05,Sweeping,317,27
2024-05,Sweeping,318,30
2024-05,Sweeping,401,17
2024-05,Sweeping,402,6
2024-05,Sweeping,403,24
2024-05,Sweeping,404,5
2024-05,Sweeping,405,6
2024-05,Sweeping,406,6
2024-05,Sweeping,407,3
2024-05,Sweeping,408,1
2024-05,Sweeping,409,5
2024-05,Sweeping,410,2
2024-05,Sweeping,412,2
2024-05,Sweeping,414,8
2024-05,Sweeping,501,1
2024-05,Sweeping,502,1
2024-06,Basket,101,10
2024-06,Basket,102,11
2024-06,Basket,103,6
2024-06,Basket,104,17
2024-06,Basket,105,6
2024-06,Basket,106,8
2024-06,Basket,107,45
2024-06,Basket,108,20
2024-06,Basket,109,11
2024-06,Basket,110,12
2024-06,Basket,111,8
2024-06,Basket,112,16
2024-06,Basket,201,5
2024-06,Basket,202,2
2024-06,Basket,203,1
2024-06,Basket,204,7
2024-06,Basket,205,1
2024-06,Basket,207,5
2024-06,Basket,208,1
2024-06,Basket,209,10
2024-06,Basket,210,11
2024-06,Basket,211,6
2024-06,Basket,212,4
2024-06,Basket,301,7
2024-06,Basket,302,21
2024-06,Basket,303,8
2024-06,Basket,304,4
2024-06,Basket,305,10
2024-06,Basket,306,25
2024-06,Basket,307,12
2024-06,Basket,308,5
2024-06,Basket,309,23
2024-06,Basket,310,6
2024-06,Basket,311,5
2024-06,Basket,312,12
2024-06,Basket,313,2
2024-06,Basket,314,6
2024-06,Basket,315,12
2024-06,Basket,316,7
2024-06,Basket,317,13
2024-06,Basket,318,3
2024-06,Basket,401,27
2024-06,Basket,402,8
2024-06,Basket,403,11
2024-06,Basket,404,4
2024-06,Basket,405,12
2024-06,Basket,406,14
2024-06,Basket,407,9
2024-06,Basket,408,3
2024-06,Basket,409,5
2024-06,Basket,410,4
2024-06,Basket,411,1
2024-06,Basket,412,8
2024-06,Basket,413,1
2024-06,Basket,414,8
2024-06,Basket,482,1
2024-06,Basket,501,8
2024-06,Basket,502,4
2024-06,Basket,503,7
2024-06,Collection,101,10
2024-06,Collection,102,26
2024-06,Collection,103,27
2024-06,Collection,104,29
2024-06,Collection,105,9
2024-06,Collection,106,23
2024-06,Collection,107,43
2024-06,Collection,108,33
2024-06,Collection,109,7
2024-06,Collection,110,23
2024-06,Collection,111,11
2024-06,Collection,112,12
2024-06,Collection,201,15
2024-06,Collection,202,5
2024-06,Collection,203,8
2024-06,Collection,204,14
2024-06,Collection,205,7
2024-06,Collection,206,25
2024-06,Collection,207,12
2024-06,Collection,208,17
2024-06,Collection,209,13
2024-06,Collection,210,23
2024-06,Collection,211,15
2024-06,Collection,212,29
2024-06,Collection,301,147
2024-06,Collection,302,50
2024-06,Collection,303,71
2024-06,Collection,304,12
2024-06,Collection,305,91
2024-06,Collection,306,64
2024-06,Collection,307,39
2024-06,Collection,308,46
2024-06,Collection,309,25
2024-06,Collection,310,32
2024-06,Collection,311,57
2024-06,Collection,312,83
2024-06,Collection,313,17
2024-06,Collection,314,66
2024-06,Collection,315,64
2024-06,Collection,316,15
2024-06,Collection,317,69
2024-06,Collection,318,96
2024-06,Collection,401,65
2024-06,Collection,402,28
2024-06,Collection,403,51
2024-06,Collection,404,8
2024-06,Collection,405,71
2024-06,Collection,406,32
2024-06,Collection,407,79
2024-06,Collection,408,95
2024-06,Collection,409,49
2024-06,Collection,410,63
2024-06,Collection,411,69
2024-06,Collection,412,120
2024-06,Collection,413,97
2024-06,Collection,414,61
2024-06,Collection,501,103
2024-06,Collection,502,59
2024-06,Collection,503,98
2024-06,Sweeping,102,5
2024-06,Sweeping,103,5
2024-06,Sweeping,106,1
2024-06,Sweeping,107,4
2024-06,Sweeping,108,13
2024-06,Sweeping,109,2
2024-06,Sweeping,110,26
2024-06,Sweeping,111,8
2024-06,Sweeping,112,15
2024-06,Sweeping,201,13
2024-06,Sweeping,202,3
2024-06,Sweeping,203,2
2024-06,Sweeping,204,13
2024-06,Sweeping,205,4
2024-06,Sweeping,206,5
2024-06,Sweeping,207,9
2024-06,Sweeping,208,3
2024-06,Sweeping,209,16
2024-06,Sweeping,210,3
2024-06,Sweeping,212,10
2024-06,Sweeping,301,22
2024-06,Sweeping,302,16
2024-06,Sweeping,303,21
2024-06,Sweeping,304,22
2024-06,Sweeping,305,31
2024-06,Sweeping,306,14
2024-06,Sweeping,307,17
2024-06,Sweeping,308,10
2024-06,Sweeping,309,19
2024-06,Sweeping,310,10
2024-06,Sweeping,311,19
2024-06,Sweeping,312,29
2024-06,Sweeping,313,8
2024-06,Sweeping,314,9
2024-06,Sweeping,315,10
2024-06,Sweeping,316,21
2024-06,Sweeping,317,25
2024-06,Sweeping,318,26
2024-06,Sweeping,401,22
2024-06,Sweeping,402,5
2024-06,Sweeping,403,17
2024-06,Sweeping,404,10
2024-06,Sweeping,405,13
2024-06,Sweeping,406,2
2024-06,Sweeping,407,3
2024-06,Sweeping,408,8
2024-06,Sweeping,409,2
2024-06,Sweeping,412,8
2024-06,Sweeping,413,1
2024-06,Sweeping,414,4
2024-06,Sweeping,502,1
2024-07,Basket,102,19
2024-07,Basket,103,5
2024-07,Basket,104,28
2024-07,Basket,105,7
2024-07,Basket,106,5
2024-07,Basket,107,36
2024-07,Basket,108,13
2024-07,Basket,109,5
2024-07,Basket,110,12
2024-07,Basket,111,10
2024-07,Basket,112,11
2024-07,Basket,164,3
2024-07,Basket,201,5
2024-07,Basket,202,2
2024-07,Basket,203,3
2024-07,Basket,204,5
2024-07,Basket,205,4
2024-07,Basket,206,1
2024-07,Basket,207,7
2024-07,Basket,208,3
2024-07,Basket,209,3
2024-07,Basket,210,5
2024-07,Basket,211,1
2024-07,Basket,212,3
2024-07,Basket,301,19
2024-07,Basket,302,26
2024-07,Basket,303,13
2024-07,Basket,304,9
2024-07,Basket,305,6
2024-07,Basket,306,14
2024-07,Basket,307,20
2024-07,Basket,308,9
2024-07,Basket,309,16
2024-07,Basket,310,3
2024-07,Basket,311,13
2024-07,Basket,312,11
2024-07,Basket,313,1
2024-07,Basket,314,8
2024-07,Basket,315,3
2024-07,Basket,316,3
2024-07,Basket,317,7
2024-07,Basket,318,2
2024-07,Basket,355,1
2024-07,Basket,401,42
2024-07,Basket,402,5
2024-07,Basket,403,8
2024-07,Basket,404,3
2024-07,Basket,405,8
2024-07,Basket,406,3
2024-07,Basket,407,7
2024-07,Basket,408,3
2024-07,Basket,409,12
2024-07,Basket,410,5
2024-07,Basket,411,5
2024-07,Basket,412,6
2024-07,Basket,413,8
2024-07,Basket,414,7
2024-07,Basket,501,7
2024-07,Basket,502,10
2024-07,Basket,503,5
2024-07,Collection,101,4
2024-07,Collection,102,44
2024-07,Collection,103,35
2024-07,Collection,104,37
2024-07,Collection,105,16
2024-07,Collection,106,36
2024-07,Collection,107,28
2024-07,Collection,108,34
2024-07,Collection,109,9
2024-07,Collection,110,49
2024-07,Collection,111,14
2024-07,Collection,112,17
2024-07,Collection,201,11
2024-07,Collection,202,14
2024-07,Collection,203,5
2024-07,Collection,204,7
2024-07,Collection,205,12
2024-07,Collection,206,20
2024-07,Collection,207,17
2024-07,Collection,208,19
2024-07,Collection,209,19
2024-07,Collection,210,48
2024-07,Collection,211,12
2024-07,Collection,212,39
2024-07,Collection,301,123
2024-07,Collection,302,56
2024-07,Collection,303,92
2024-07,Collection,304,26
2024-07,Collection,305,93
2024-07,Collection,306,70
2024-07,Collection,307,53
2024-07,Collection,308,56
2024-07,Collection,309,25
2024-07,Collection,310,45
2024-07,Collection,311,57
2024-07,Collection,312,67
2024-07,Collection,313,21
2024-07,Collection,314,68
2024-07,Collection,315,66
2024-07,Collection,316,19
2024-07,Collection,317,66
2024-07,Collection,318,66
2024-07,Collection,401,63
2024-07,Collection,402,30
2024-07,Collection,403,43
2024-07,Collection,404,9
2024-07,Collection,405,100
2024-07,Collection,406,29
2024-07,Collection,407,63
2024-07,Collection,408,105
2024-07,Collection,409,50
2024-07,Collection,410,70
2024-07,Collection,411,82
2024-07,Collection,412,170
2024-07,Collection,413,87
2024-07,Collection,414,67
2024-07,Collection,501,142
2024-07,Collection,502,58
2024-07,Collection,503,148
2024-07,Sweeping,102,15
2024-07,Sweeping,103,5
2024-07,Sweeping,104,2
2024-07,Sweeping,105,1
2024-07,Sweeping,106,1
2024-07,Sweeping,107,7
2024-07,Sweeping,108,8
2024-07,Sweeping,109,2
2024-07,Sweeping,110,17
2024-07,Sweeping,111,10
2024-07,Sweeping,112,20
2024-07,Sweeping,201,11
2024-07,Sweeping,202,4
2024-07,Sweeping,203,14
2024-07,Sweeping,204,10
2024-07,Sweeping,205,18
2024-07,Sweeping,206,7
2024-07,Sweeping,207,18
2024-07,Sweeping,208,4
2024-07,Sweeping,209,18
2024-07,Sweeping,210,18
2024-07,Sweeping,211,4
2024-07,Sweeping,212,17
2024-07,Sweeping,301,30
2024-07,Sweeping,302,13
2024-07,Sweeping,303,28
2024-07,Sweeping,304,19
2024-07,Sweeping,305,48
2024-07,Sweeping,306,10
2024-07,Sweeping,307,11
2024-07,Sweeping,308,4
2024-07,Sweeping,309,2
2024-07,Sweeping,310,16
2024-07,Sweeping,311,30
2024-07,Sweeping,312,14
2024-07,Sweeping,313,8
2024-07,Sweeping,314,22
2024-07,Sweeping,315,25
2024-07,Sweeping,316,15
2024-07,Sweeping,317,41
2024-07,Sweeping,318,42
2024-07,Sweeping,401,21
2024-07,Sweeping,402,11
2024-07,Sweeping,403,20
2024-07,Sweeping,404,5
2024-07,Sweeping,405,11
2024-07,Sweeping,406,2
2024-07,Sweeping,407,24
2024-07,Sweeping,408,7
2024-07,Sweeping,409,4
2024-07,Sweeping,412,11
2024-07,Sweeping,414,11
2024-07,Sweeping,502,2
2024-08,Basket,101,3
2024-08,Basket,102,7
2024-08,Basket,103,14
2024-08,Basket,104,15
2024-08,Basket,105,8
2024-08,Basket,106,8
2024-08,Basket,107,17
2024-08,Basket,108,10
2024-08,Basket,109,5
2024-08,Basket,110,18
2024-08,Basket,111,9
2024-08,Basket,112,24
2024-08,Basket,164,1
2024-08,Basket,201,4
2024-08,Basket,202,4
2024-08,Basket,203,3
2024-08,Basket,204,8
2024-08,Basket,205,2
2024-08,Basket,206,12
2024-08,Basket,207,2
2024-08,Basket,208,5
2024-08,Basket,209,3
2024-08,Basket,210,7
2024-08,Basket,211,3
2024-08,Basket,212,11
2024-08,Basket,301,8
2024-08,Basket,302,23
2024-08,Basket,303,6
2024-08,Basket,304,3
2024-08,Basket,305,8
2024-08,Basket,306,17
2024-08,Basket,307,17
2024-08,Basket,308,6
2024-08,Basket,309,6
2024-08,Basket,310,3
2024-08,Basket,311,10
2024-08,Basket,312,13
2024-08,Basket,313,1
2024-08,Basket,314,9
2024-08,Basket,315,9
2024-08,Basket,316,2
2024-08,Basket,317,5
2024-08,Basket,318,4
2024-08,Basket,401,20
2024-08,Basket,402,7
2024-08,Basket,403,16
2024-08,Basket,404,2
2024-08,Basket,405,13
2024-08,Basket,406,5
2024-08,Basket,407,5
2024-08,Basket,408,6
2024-08,Basket,409,13
2024-08,Basket,410,4
2024-08,Basket,411,5
2024-08,Basket,412,8
2024-08,Basket,413,6
2024-08,Basket,414,2
2024-08,Basket,501,12
2024-08,Basket,502,7
2024-08,Basket,503,7
2024-08,Collection,101,9
2024-08,Collection,102,57
2024-08,Collection,103,31
2024-08,Collection,104,34
2024-08,Collection,105,32
2024-08,Collection,106,26
2024-08,Collection,107,21
2024-08,Collection,108,36
2024-08,Collection,109,4
2024-08,Collection,110,61
2024-08,Collection,111,12
2024-08,Collection,112,12
2024-08,Collection,201,22
2024-08,Collection,202,13
2024-08,Collection,203,17
2024-08,Collection,204,21
2024-08,Collection,205,19
2024-08,Collection,206,23
2024-08,Collection,207,19
2024-08,Collection,208,28
2024-08,Collection,209,21
2024-08,Collection,210,39
2024-08,Collection,211,12
2024-08,Collection,212,48
2024-08,Collection,301,110
2024-08,Collection,302,72
2024-08,Collection,303,72
2024-08,Collection,304,28
2024-08,Collection,305,96
2024-08,Collection,306,92
2024-08,Collection,307,44
2024-08,Collection,308,56
2024-08,Collection,309,39
2024-08,Collection,310,44
2024-08,Collection,311,68
2024-08,Collection,312,89
2024-08,Collection,313,10
2024-08,Collection,314,81
2024-08,Collection,315,77
2024-08,Collection,316,27
2024-08,Collection,317,71
2024-08,Collection,318,86
2024-08,Collection,401,65
2024-08,Collection,402,37
2024-08,Collection,403,66
2024-08,Collection,404,14
2024-08,Collection,405,75
2024-08,Collection,406,24
2024-08,Collection,407,75
2024-08,Collection,408,124
2024-08,Collection,409,48
2024-08,Collection,410,95
2024-08,Collection,411,77
2024-08,Collection,412,160
2024-08,Collection,413,113
2024-08,Collection,414,59
2024-08,Collection,480,1
2024-08,Collection,501,184
2024-08,Collection,502,79
2024-08,Collection,503,117
2024-08,Sweeping,101,1
2024-08,Sweeping,102,3
2024-08,Sweeping,103,9
2024-08,Sweeping,104,2
2024-08,Sweeping,105,1
2024-08,Sweeping,107,6
2024-08,Sweeping,108,12
2024-08,Sweeping,109,4
2024-08,Sweeping,110,24
2024-08,Sweeping,111,17
2024-08,Sweeping,112,9
2024-08,Sweeping,201,20
2024-08,Sweeping,202,5
2024-08,Sweeping,203,5
2024-08,Sweeping,204,5
2024-08,Sweeping,205,8
2024-08,Sweeping,206,8
2024-08,Sweeping,207,14
2024-08,Sweeping,208,3
2024-08,Sweeping,209,7
2024-08,Sweeping,210,1
2024-08,Sweeping,211,7
2024-08,Sweeping,212,12
2024-08,Sweeping,301,19
2024-08,Sweeping,302,7
2024-08,Sweeping,303,25
2024-08,Sweeping,304,25
2024-08,Sweeping,305,74
2024-08,Sweeping,306,8
2024-08,Sweeping,307,5
2024-08,Sweeping,308,9
2024-08,Sweeping,309,14
2024-08,Sweeping,310,7
2024-08,Sweeping,311,20
2024-08,Sweeping,312,8
2024-08,Sweeping,313,14
2024-08,Sweeping,314,29
2024-08,Sweeping,315,24
2024-08,Sweeping,316,14
2024-08,Sweeping,317,29
2024-08,Sweeping,318,23
2024-08,Sweeping,401,13
2024-08,Sweeping,402,6
2024-08,Sweeping,403,19
2024-08,Sweeping,404,6
2024-08,Sweeping,405,13
2024-08,Sweeping,406,7
2024-08,Sweeping,407,5
2024-08,Sweeping,408,7
2024-08,Sweeping,409,5
2024-08,Sweeping,411,1
2024-08,Sweeping,412,7
2024-08,Sweeping,413,3
2024-08,Sweeping,414,13
2024-08,Sweeping,501,2
2024-08,Sweeping,503,1
2024-09,Basket,101,10
2024-09,Basket,102,16
2024-09,Basket,103,7
2024-09,Basket,104,11
2024-09,Basket,105,3
2024-09,Basket,106,10
2024-09,Basket,107,38
2024-09,Basket,108,15
2024-09,Basket,109,1
2024-09,Basket,110,17
2024-09,Basket,111,10
2024-09,Basket,112,5
2024-09,Basket,164,2
2024-09,Basket,201,4
2024-09,Basket,202,2
2024-09,Basket,203,2
2024-09,Basket,204,7
2024-09,Basket,206,3
2024-09,Basket,207,11
2024-09,Basket,208,7
2024-09,Basket,209,2
2024-09,Basket,210,4
2024-09,Basket,211,7
2024-09,Basket,212,7
2024-09,Basket,301,22
2024-09,Basket,302,31
2024-09,Basket,303,19
2024-09,Basket,304,4
2024-09,Basket,305,2
2024-09,Basket,306,11
2024-09,Basket,307,16
2024-09,Basket,308,15
2024-09,Basket,309,14
2024-09,Basket,310,7
2024-09,Basket,311,8
2024-09,Basket,312,14
2024-09,Basket,313,4
2024-09,Basket,314,10
2024-09,Basket,315,15
2024-09,Basket,316,4
2024-09,Basket,317,8
2024-09,Basket,318,8
2024-09,Basket,355,1
2024-09,Basket,401,27
2024-09,Basket,402,10
2024-09,Basket,403,13
2024-09,Basket,404,5
2024-09,Basket,405,9
2024-09,Basket,406,11
2024-09,Basket,407,8
2024-09,Basket,408,7
2024-09,Basket,409,12
2024-09,Basket,410,6
2024-09,Basket,411,4
2024-09,Basket,412,11
2024-09,Basket,413,8
2024-09,Basket,414,5
2024-09,Basket,501,8
2024-09,Basket,502,13
2024-09,Basket,503,3
2024-09,Collection,101,12
2024-09,Collection,102,61
2024-09,Collection,103,19
2024-09,Collection,104,26
2024-09,Collection,105,30
2024-09,Collection,106,31
2024-09,Collection,107,47
2024-09,Collection,108,50
2024-09,Collection,109,13
2024-09,Collection,110,26
2024-09,Collection,111,11
2024-09,Collection,112,16
2024-09,Collection,201,18
2024-09,Collection,202,6
2024-09,Collection,203,16
2024-09,Collection,204,10
2024-09,Collection,205,7
2024-09,Collection,206,21
2024-09,Collection,207,13
2024-09,Collection,208,27
2024-09,Collection,209,15
2024-09,Collection,210,39
2024-09,Collection,211,7
2024-09,Collection,212,41
2024-09,Collection,301,120
2024-09,Collection,302,45
2024-09,Collection,303,87
2024-09,Collection,304,25
2024-09,Collection,305,62
2024-09,Collection,306,71
2024-09,Collection,307,49
2024-09,Collection,308,46
2024-09,Collection,309,28
2024-09,Collection,310,31
2024-09,Collection,311,59
2024-09,Collection,312,123
2024-09,Collection,313,10
2024-09,Collection,314,41
2024-09,Collection,315,76
2024-09,Collection,316,17
2024-09,Collection,317,59
2024-09,Collection,318,57
2024-09,Collection,401,77
2024-09,Collection,402,35
2024-09,Collection,403,46
2024-09,Collection,404,12
2024-09,Collection,405,62
2024-09,Collection,406,19
2024-09,Collection,407,67
2024-09,Collection,408,77
2024-09,Collection,409,40
2024-09,Collection,410,65
2024-09,Collection,411,68
2024-09,Collection,412,121
2024-09,Collection,413,76
2024-09,Collection,414,50
2024-09,Collection,501,97
2024-09,Collection,502,45
2024-09,Collection,503,73
2024-09,Sweeping,101,1
2024-09,Sweeping,102,21
2024-09,Sweeping,103,14
2024-09,Sweeping,104,2
2024-09,Sweeping,107,11
2024-09,Sweeping,108,14
2024-09,Sweeping,109,1
2024-09,Sweeping,110,44
2024-09,Sweeping,111,5
2024-09,Sweeping,112,11
2024-09,Sweeping,201,33
2024-09,Sweeping,202,5
2024-09,Sweeping,203,12
2024-09,Sweeping,204,16
2024-09,Sweeping,205,20
2024-09,Sweeping,206,7
2024-09,Sweeping,207,22
2024-09,Sweeping,208,2
2024-09,Sweeping,209,21
2024-09,Sweeping,210,6
2024-09,Sweeping,211,11
2024-09,Sweeping,212,24
2024-09,Sweeping,301,32
2024-09,Sweeping,302,19
2024-09,Sweeping,303,45
2024-09,Sweeping,304,20
2024-09,Sweeping,305,61
2024-09,Sweeping,306,16
2024-09,Sweeping,307,11
2024-09,Sweeping,308,13
2024-09,Sweeping,309,18
2024-09,Sweeping,310,12
2024-09,Sweeping,311,17
2024-09,Sweeping,312,21
2024-09,Sweeping,313,21
2024-09,Sweeping,314,32
2024-09,Sweeping,315,26
2024-09,Sweeping,316,23
2024-09,Sweeping,317,29
2024-09,Sweeping,318,33
2024-09,Sweeping,401,26
2024-09,Sweeping,402,12
2024-09,Sweeping,403,23
2024-09,Sweeping,404,7
2024-09,Sweeping,405,10
2024-09,Sweeping,406,7
2024-09,Sweeping,407,3
2024-09,Sweeping,408,9
2024-09,Sweeping,409,4
2024-09,Sweeping,410,1
2024-09,Sweeping,411,1
2024-09,Sweeping,412,7
2024-09,Sweeping,413,6
2024-09,Sweeping,414,6
2024-09,Sweeping,501,1
2024-10,Basket,101,11
2024-10,Basket,102,35
2024-10,Basket,103,6
2024-10,Basket,104,9
2024-10,Basket,105,7
2024-10,Basket,106,10
2024-10,Basket,107,23
2024-10,Basket,108,11
2024-10,Basket,109,6
2024-10,Basket,110,7
2024-10,Basket,111,5
2024-10,Basket,112,20
2024-10,Basket,164,1
2024-10,Basket,201,8
2024-10,Basket,202,4
2024-10,Basket,203,1
2024-10,Basket,204,6
2024-10,Basket,205,2
2024-10,Basket,207,5
2024-10,Basket,208,6
2024-10,Basket,210,8
2024-10,Basket,211,3
2024-10,Basket,212,8
2024-10,Basket,228,1
2024-10,Basket,301,15
2024-10,Basket,302,25
2024-10,Basket,303,8
2024-10,Basket,304,7
2024-10,Basket,305,8
2024-10,Basket,306,12
2024-10,Basket,307,18
2024-10,Basket,308,9
2024-10,Basket,309,3
2024-10,Basket,310,10
2024-10,Basket,311,4
2024-10,Basket,312,8
2024-10,Basket,313,5
2024-10,Basket,314,5
2024-10,Basket,315,12
2024-10,Basket,316,7
2024-10,Basket,317,4
2024-10,Basket,318,8
2024-10,Basket,401,18
2024-10,Basket,402,9
2024-10,Basket,403,11
2024-10,Basket,404,5
2024-10,Basket,405,11
2024-10,Basket,406,3
2024-10,Basket,407,11
2024-10,Basket,408,1
2024-10,Basket,409,7
2024-10,Basket,410,6
2024-10,Basket,411,3
2024-10,Basket,412,13
2024-10,Basket,413,12
2024-10,Basket,414,3
2024-10,Basket,501,17
2024-10,Basket,502,10
2024-10,Basket,503,9
2024-10,Basket,595,1
2024-10,Collection,101,16
2024-10,Collection,102,63
2024-10,Collection,103,25
2024-10,Collection,104,33
2024-10,Collection,105,31
2024-10,Collection,106,31
2024-10,Collection,107,70
2024-10,Collection,108,73
2024-10,Collection,109,11
2024-10,Collection,110,50
2024-10,Collection,111,18
2024-10,Collection,112,27
2024-10,Collection,201,26
2024-10,Collection,202,12
2024-10,Collection,203,36
2024-10,Collection,204,13
2024-10,Collection,205,17
2024-10,Collection,206,13
2024-10,Collection,207,21
2024-10,Collection,208,20
2024-10,Collection,209,24
2024-10,Collection,210,54
2024-10,Collection,211,20
2024-10,Collection,212,77
2024-10,Collection,301,86
2024-10,Collection,302,48
2024-10,Collection,303,79
2024-10,Collection,304,23
2024-10,Collection,305,81
2024-10,Collection,306,82
2024-10,Collection,307,50
2024-10,Collection,308,45
2024-10,Collection,309,30
2024-10,Collection,310,47
2024-10,Collection,311,88
2024-10,Collection,312,125
2024-10,Collection,313,10
2024-10,Collection,314,59
2024-10,Collection,315,102
2024-10,Collection,316,21
2024-10,Collection,317,76
2024-10,Collection,318,78
2024-10,Collection,401,57
2024-10,Collection,402,33
2024-10,Collection,403,44
2024-10,Collection,404,14
2024-10,Collection,405,73
2024-10,Collection,406,23
2024-10,Collection,407,63
2024-10,Collection,408,79
2024-10,Collection,409,28
2024-10,Collection,410,61
2024-10,Collection,411,52
2024-10,Collection,412,104
2024-10,Collection,413,98
2024-10,Collection,414,50
2024-10,Collection,501,148
2024-10,Collection,502,114
2024-10,Collection,503,114
2024-10,Sweeping,102,10
2024-10,Sweeping,103,11
2024-10,Sweeping,104,2
2024-10,Sweeping,106,2
2024-10,Sweeping,107,9
2024-10,Sweeping,108,4
2024-10,Sweeping,109,4
2024-10,Sweeping,110,34
2024-10,Sweeping,111,6
2024-10,Sweeping,112,9
2024-10,Sweeping,201,18
2024-10,Sweeping,203,9
2024-10,Sweeping,204,12
2024-10,Sweeping,205,10
2024-10,Sweeping,206,5
2024-10,Sweeping,207,13
2024-10,Sweeping,208,4
2024-10,Sweeping,209,12
2024-10,Sweeping,210,6
2024-10,Sweeping,211,8
2024-10,Sweeping,212,23
2024-10,Sweeping,301,24
2024-10,Sweeping,302,16
2024-10,Sweeping,303,35
2024-10,Sweeping,304,21
2024-10,Sweeping,305,68
2024-10,Sweeping,306,24
2024-10,Sweeping,307,27
2024-10,Sweeping,308,16
2024-10,Sweeping,309,18
2024-10,Sweeping,310,24
2024-10,Sweeping,311,29
2024-10,Sweeping,312,22
2024-10,Sweeping,313,13
2024-10,Sweeping,314,34
2024-10,Sweeping,315,23
2024-10,Sweeping,316,23
2024-10,Sweeping,317,39
2024-10,Sweeping,318,64
2024-10,Sweeping,401,31
2024-10,Sweeping,402,21
2024-10,Sweeping,403,27
2024-10,Sweeping,404,14
2024-10,Sweeping,405,34
2024-10,Sweeping,406,9
2024-10,Sweeping,407,7
2024-10,Sweeping,408,10
2024-10,Sweeping,409,7
2024-10,Sweeping,412,15
2024-10,Sweeping,413,3
2024-10,Sweeping,414,6
2024-11,Basket,101,3
2024-11,Basket,102,16
2024-11,Basket,103,13
2024-11,Basket,104,5
2024-11,Basket,105,3
2024-11,Basket,106,14
2024-11,Basket,107,31
2024-11,Basket,108,51
2024-11,Basket,109,6
2024-11,Basket,110,20
2024-11,Basket,111,13
2024-11,Basket,112,15
2024-11,Basket,164,1
2024-11,Basket,201,1
2024-11,Basket,202,2
2024-11,Basket,204,4
2024-11,Basket,205,2
2024-11,Basket,206,2
2024-11,Basket,207,1
2024-11,Basket,208,5
2024-11,Basket,210,7
2024-11,Basket,211,4
2024-11,Basket,212,1
2024-11,Basket,227,1
2024-11,Basket,301,15
2024-11,Basket,302,19
2024-11,Basket,303,6
2024-11,Basket,304,5
2024-11,Basket,305,6
2024-11,Basket,306,14
2024-11,Basket,307,16
2024-11,Basket,308,5
2024-11,Basket,309,6
2024-11,Basket,310,5
2024-11,Basket,311,3
2024-11,Basket,312,11
2024-11,Basket,313,6
2024-11,Basket,314,8
2024-11,Basket,315,6
2024-11,Basket,316,3
2024-11,Basket,317,2
2024-11,Basket,318,4
2024-11,Basket,355,1
2024-11,Basket,401,19
2024-11,Basket,402,5
2024-11,Basket,403,8
2024-11,Basket,404,3
2024-11,Basket,405,2
2024-11,Basket,406,1
2024-11,Basket,407,2
2024-11,Basket,408,2
2024-11,Basket,409,7
2024-11,Basket,410,5
2024-11,Basket,411,8
2024-11,Basket,412,3
2024-11,Basket,413,2
2024-11,Basket,501,17
2024-11,Basket,502,7
2024-11,Basket,503,5
2024-11,Collection,101,12
2024-11,Collection,102,45
2024-11,Collection,103,37
2024-11,Collection,104,46
2024-11,Collection,105,14
2024-11,Collection,106,39
2024-11,Collection,107,40
2024-11,Collection,108,72
2024-11,Collection,109,10
2024-11,Collection,110,65
2024-11,Collection,111,10
2024-11,Collection,112,30
2024-11,Collection,201,12
2024-11,Collection,202,8
2024-11,Collection,203,2
2024-11,Collection,204,11
2024-11,Collection,205,9
2024-11,Collection,206,11
2024-11,Collection,207,14
2024-11,Collection,208,23
2024-11,Collection,209,13
2024-11,Collection,210,46
2024-11,Collection,211,25
2024-11,Collection,212,80
2024-11,Collection,301,73
2024-11,Collection,302,27
2024-11,Collection,303,57
2024-11,Collection,304,10
2024-11,Collection,305,43
2024-11,Collection,306,91
2024-11,Collection,307,46
2024-11,Collection,308,25
2024-11,Collection,309,27
2024-11,Collection,310,21
2024-11,Collection,311,75
2024-11,Collection,312,90
2024-11,Collection,313,7
2024-11,Collection,314,41
2024-11,Collection,315,59
2024-11,Collection,316,9
2024-11,Collection,317,68
2024-11,Collection,318,40
2024-11,Collection,401,59
2024-11,Collection,402,17
2024-11,Collection,403,42
2024-11,Collection,404,9
2024-11,Collection,405,44
2024-11,Collection,406,25
2024-11,Collection,407,41
2024-11,Collection,408,60
2024-11,Collection,409,29
2024-11,Collection,410,53
2024-11,Collection,411,45
2024-11,Collection,412,66
2024-11,Collection,413,40
2024-11,Collection,414,45
2024-11,Collection,501,156
2024-11,Collection,502,81
2024-11,Collection,503,119
2024-11,Sweeping,102,8
2024-11,Sweeping,103,8
2024-11,Sweeping,104,1
2024-11,Sweeping,106,2
2024-11,Sweeping,107,17
2024-11,Sweeping,108,11
2024-11,Sweeping,109,4
2024-11,Sweeping,110,27
2024-11,Sweeping,111,5
2024-11,Sweeping,112,5
2024-11,Sweeping,201,8
2024-11,Sweeping,202,6
2024-11,Sweeping,203,10
2024-11,Sweeping,204,10
2024-11,Sweeping,205,7
2024-11,Sweeping,206,7
2024-11,Sweeping,207,12
2024-11,Sweeping,208,6
2024-11,Sweeping,209,14
2024-11,Sweeping,210,14
2024-11,Sweeping,211,11
2024-11,Sweeping,212,17
2024-11,Sweeping,301,37
2024-11,Sweeping,302,34
2024-11,Sweeping,303,63
2024-11,Sweeping,304,16
2024-11,Sweeping,305,41
2024-11,Sweeping,306,70
2024-11,Sweeping,307,43
2024-11,Sweeping,308,15
2024-11,Sweeping,309,11
2024-11,Sweeping,310,26
2024-11,Sweeping,311,41
2024-11,Sweeping,312,31
2024-11,Sweeping,313,14
2024-11,Sweeping,314,36
2024-11,Sweeping,315,35
2024-11,Sweeping,316,18
2024-11,Sweeping,317,38
2024-11,Sweeping,318,31
2024-11,Sweeping,401,25
2024-11,Sweeping,402,21
2024-11,Sweeping,403,24
2024-11,Sweeping,404,8
2024-11,Sweeping,405,41
2024-11,Sweeping,406,5
2024-11,Sweeping,408,7
2024-11,Sweeping,409,2
2024-11,Sweeping,412,18
2024-11,Sweeping,413,1
2024-11,Sweeping,414,7
2024-11,Sweeping,501,1
2024-12,Basket,101,8
2024-12,Basket,102,11
2024-12,Basket,103,1
2024-12,Basket,104,2
2024-12,Basket,105,2
2024-12,Basket,106,8
2024-12,Basket,107,15
2024-12,Basket,108,13
2024-12,Basket,110,13
2024-12,Basket,111,16
2024-12,Basket,112,14
2024-12,Basket,201,5
2024-12,Basket,202,1
2024-12,Basket,203,2
2024-12,Basket,204,2
2024-12,Basket,205,2
2024-12,Basket,206,3
2024-12,Basket,207,2
2024-12,Basket,208,7
2024-12,Basket,209,1
2024-12,Basket,210,4
2024-12,Basket,211,1
2024-12,Basket,212,4
2024-12,Basket,301,6
2024-12,Basket,302,5
2024-12,Basket,303,2
2024-12,Basket,304,8
2024-12,Basket,305,3
2024-12,Basket,306,12
2024-12,Basket,307,7
2024-12,Basket,308,3
2024-12,Basket,309,7
2024-12,Basket,310,2
2024-12,Basket,311,10
2024-12,Basket,312,9
2024-12,Basket,313,1
2024-12,Basket,314,5
2024-12,Basket,315,4
2024-12,Basket,316,3
2024-12,Basket,317,9
2024-12,Basket,318,5
2024-12,Basket,401,15
2024-12,Basket,402,4
2024-12,Basket,403,2
2024-12,Basket,404,8
2024-12,Basket,405,2
2024-12,Basket,407,3
2024-12,Basket,408,3
2024-12,Basket,409,1
2024-12,Basket,410,1
2024-12,Basket,411,4
2024-12,Basket,412,4
2024-12,Basket,413,4
2024-12,Basket,414,5
2024-12,Basket,501,6
2024-12,Basket,502,5
2024-12,Basket,503,2
2024-12,Basket,595,1
2024-12,Collection,101,12
2024-12,Collection,102,50
2024-12,Collection,103,43
2024-12,Collection,104,34
2024-12,Collection,105,18
2024-12,Collection,106,38
2024-12,Collection,107,55
2024-12,Collection,108,98
2024-12,Collection,109,16
2024-12,Collection,110,46
2024-12,Collection,111,9
2024-12,Collection,112,43
2024-12,Collection,201,23
2024-12,Collection,202,22
2024-12,Collection,203,15
2024-12,Collection,204,37
2024-12,Collection,205,16
2024-12,Collection,206,19
2024-12,Collection,207,23
2024-12,Collection,208,39
2024-12,Collection,209,20
2024-12,Collection,210,75
2024-12,Collection,211,35
2024-12,Collection,212,93
2024-12,Collection,301,100
2024-12,Collection,302,35
2024-12,Collection,303,72
2024-12,Collection,304,11
2024-12,Collection,305,79
2024-12,Collection,306,89
2024-12,Collection,307,74
2024-12,Collection,308,44
2024-12,Collection,309,34
2024-12,Collection,310,57
2024-12,Collection,311,112
2024-12,Collection,312,95
2024-12,Collection,313,9
2024-12,Collection,314,64
2024-12,Collection,315,106
2024-12,Collection,316,22
2024-12,Collection,317,71
2024-12,Collection,318,117
2024-12,Collection,401,107
2024-12,Collection,402,52
2024-12,Collection,403,105
2024-12,Collection,404,15
2024-12,Collection,405,85
2024-12,Collection,406,24
2024-12,Collection,407,65
2024-12,Collection,408,90
2024-12,Collection,409,54
2024-12,Collection,410,73
2024-12,Collection,411,68
2024-12,Collection,412,151
2024-12,Collection,413,96
2024-12,Collection,414,75
2024-12,Collection,501,187
2024-12,Collection,502,151
2024-12,Collection,503,228
2024-12,Sweeping,101,2
2024-12,Sweeping,102,5
2024-12,Sweeping,103,8
2024-12,Sweeping,104,3
2024-12,Sweeping,106,4
2024-12,Sweeping,107,6
2024-12,Sweeping,108,10
2024-12,Sweeping,109,2
2024-12,Sweeping,110,17
2024-12,Sweeping,111,5
2024-12,Sweeping,112,13
2024-12,Sweeping,201,12
2024-12,Sweeping,202,1
2024-12,Sweeping,203,2
2024-12,Sweeping,204,9
2024-12,Sweeping,205,6
2024-12,Sweeping,206,6
2024-12,Sweeping,207,7
2024-12,Sweeping,208,3
2024-12,Sweeping,209,11
2024-12,Sweeping,210,6
2024-12,Sweeping,211,5
2024-12,Sweeping,212,10
2024-12,Sweeping,301,34
2024-12,Sweeping,302,17
2024-12,Sweeping,303,28
2024-12,Sweeping,304,4
2024-12,Sweeping,305,46
2024-12,Sweeping,306,27
2024-12,Sweeping,307,20
2024-12,Sweeping,308,11
2024-12,Sweeping,309,7
2024-12,Sweeping,310,9
2024-12,Sweeping,311,21
2024-12,Sweeping,312,21
2024-12,Sweeping,313,8
2024-12,Sweeping,314,25
2024-12,Sweeping,315,15
2024-12,Sweeping,316,9
2024-12,Sweeping,317,13
2024-12,Sweeping,318,17
2024-12,Sweeping,401,20
2024-12,Sweeping,402,9
2024-12,Sweeping,403,7
2024-12,Sweeping,404,5
2024-12,Sweeping,405,14
2024-12,Sweeping,406,3
2024-12,Sweeping,407,1
2024-12,Sweeping,408,3
2024-12,Sweeping,409,7
2024-12,Sweeping,412,5
2024-12,Sweeping,413,1
2024-12,Sweeping,414,3
2024-12,Sweeping,503,1
2025-01,Basket,101,4
2025-01,Basket,102,12
2025-01,Basket,103,1
2025-01,Basket,104,3
2025-01,Basket,105,5
2025-01,Basket,106,17
2025-01,Basket,107,15
2025-01,Basket,108,13
2025-01,Basket,109,1
2025-01,Basket,110,5
2025-01,Basket,111,6
2025-01,Basket,112,19
2025-01,Basket,164,2
2025-01,Basket,201,1
2025-01,Basket,203,1
2025-01,Basket,204,7
2025-01,Basket,208,6
2025-01,Basket,209,2
2025-01,Basket,210,3
2025-01,Basket,211,3
2025-01,Basket,301,4
2025-01,Basket,302,6
2025-01,Basket,303,5
2025-01,Basket,304,20
2025-01,Basket,305,7
2025-01,Basket,306,17
2025-01,Basket,307,6
2025-01,Basket,308,4
2025-01,Basket,309,3
2025-01,Basket,310,12
2025-01,Basket,311,7
2025-01,Basket,312,3
2025-01,Basket,314,8
2025-01,Basket,315,10
2025-01,Basket,316,4
2025-01,Basket,317,1
2025-01,Basket,318,4
2025-01,Basket,401,5
2025-01,Basket,402,1
2025-01,Basket,403,1
2025-01,Basket,404,3
2025-01,Basket,405,5
2025-01,Basket,406,2
2025-01,Basket,407,2
2025-01,Basket,408,2
2025-01,Basket,409,1
2025-01,Basket,410,3
2025-01,Basket,411,5
2025-01,Basket,412,24
2025-01,Basket,413,4
2025-01,Basket,414,2
2025-01,Basket,501,10
2025-01,Basket,502,5
2025-01,Basket,503,10
2025-01,Collection,101,9
2025-01,Collection,102,55
2025-01,Collection,103,30
2025-01,Collection,104,37
2025-01,Collection,105,19
2025-01,Collection,106,40
2025-01,Collection,107,27
2025-01,Collection,108,88
2025-01,Collection,109,15
2025-01,Collection,110,45
2025-01,Collection,111,27
2025-01,Collection,112,25
2025-01,Collection,201,21
2025-01,Collection,202,20
2025-01,Collection,203,20
2025-01,Collection,204,7
2025-01,Collection,205,12
2025-01,Collection,206,17
2025-01,Collection,207,9
2025-01,Collection,208,30
2025-01,Collection,209,32
2025-01,Collection,210,52
2025-01,Collection,211,35
2025-01,Collection,212,67
2025-01,Collection,301,124
2025-01,Collection,302,40
2025-01,Collection,303,82
2025-01,Collection,304,16
2025-01,Collection,305,58
2025-01,Collection,306,87
2025-01,Collection,307,67
2025-01,Collection,308,26
2025-01,Collection,309,44
2025-01,Collection,310,47
2025-01,Collection,311,88
2025-01,Collection,312,78
2025-01,Collection,313,17
2025-01,Collection,314,33
2025-01,Collection,315,67
2025-01,Collection,316,13
2025-01,Collection,317,39
2025-01,Collection,318,46
2025-01,Collection,401,87
2025-01,Collection,402,27
2025-01,Collection,403,83
2025-01,Collection,404,7
2025-01,Collection,405,91
2025-01,Collection,406,38
2025-01,Collection,407,43
2025-01,Collection,408,49
2025-01,Collection,409,26
2025-01,Collection,410,42
2025-01,Collection,411,55
2025-01,Collection,412,97
2025-01,Collection,413,61
2025-01,Collection,414,60
2025-01,Collection,501,193
2025-01,Collection,502,98
2025-01,Collection,503,226
2025-01,Sweeping,102,1
2025-01,Sweeping,103,6
2025-01,Sweeping,106,4
2025-01,Sweeping,107,6
2025-01,Sweeping,108,1
2025-01,Sweeping,110,18
2025-01,Sweeping,111,1
2025-01,Sweeping,112,8
2025-01,Sweeping,201,12
2025-01,Sweeping,202,1
2025-01,Sweeping,203,2
2025-01,Sweeping,204,7
2025-01,Sweeping,205,4
2025-01,Sweeping,207,7
2025-01,Sweeping,208,4
2025-01,Sweeping,209,5
2025-01,Sweeping,210,5
2025-01,Sweeping,211,5
2025-01,Sweeping,212,4
2025-01,Sweeping,301,23
2025-01,Sweeping,302,7
2025-01,Sweeping,303,16
2025-01,Sweeping,304,15
2025-01,Sweeping,305,31
2025-01,Sweeping,306,19
2025-01,Sweeping,307,8
2025-01,Sweeping,308,8
2025-01,Sweeping,309,5
2025-01,Sweeping,310,11
2025-01,Sweeping,311,19
2025-01,Sweeping,312,10
2025-01,Sweeping,313,10
2025-01,Sweeping,314,16
2025-01,Sweeping,315,20
2025-01,Sweeping,316,3
2025-01,Sweeping,317,16
2025-01,Sweeping,318,9
2025-01,Sweeping,401,15
2025-01,Sweeping,402,3
2025-01,Sweeping,403,6
2025-01,Sweeping,404,5
2025-01,Sweeping,405,9
2025-01,Sweeping,407,4
2025-01,Sweeping,408,5
2025-01,Sweeping,409,2
2025-01,Sweeping,410,1
2025-01,Sweeping,412,10
2025-01,Sweeping,413,2
2025-01,Sweeping,414,5
2025-01,Sweeping,501,1
2025-02,Basket,101,3
2025-02,Basket,102,12
2025-02,Basket,103,1
2025-02,Basket,104,5
2025-02,Basket,105,7
2025-02,Basket,106,11
2025-02,Basket,107,36
2025-02,Basket,108,6
2025-02,Basket,109,1
2025-02,Basket,110,2
2025-02,Basket,111,3
2025-02,Basket,112,21
2025-02,Basket,201,3
2025-02,Basket,202,1
2025-02,Basket,204,1
2025-02,Basket,207,1
2025-02,Basket,208,1
2025-02,Basket,210,3
2025-02,Basket,211,1
2025-02,Basket,212,3
2025-02,Basket,301,6
2025-02,Basket,302,5
2025-02,Basket,303,7
2025-02,Basket,304,5
2025-02,Basket,305,1
2025-02,Basket,306,15
2025-02,Basket,307,12
2025-02,Basket,308,2
2025-02,Basket,309,7
2025-02,Basket,310,5
2025-02,Basket,311,6
2025-02,Basket,312,8
2025-02,Basket,314,3
2025-02,Basket,315,6
2025-02,Basket,316,3
2025-02,Basket,317,5
2025-02,Basket,318,1
2025-02,Basket,401,24
2025-02,Basket,402,4
2025-02,Basket,403,3
2025-02,Basket,404,3
2025-02,Basket,405,2
2025-02,Basket,407,2
2025-02,Basket,408,3
2025-02,Basket,409,1
2025-02,Basket,411,1
2025-02,Basket,412,23
2025-02,Basket,413,2
2025-02,Basket,414,3
2025-02,Basket,480,1
2025-02,Basket,501,4
2025-02,Basket,502,2
2025-02,Basket,503,3
2025-02,Collection,101,16
2025-02,Collection,102,37
2025-02,Collection,103,9
2025-02,Collection,104,27
2025-02,Collection,105,10
2025-02,Collection,106,35
2025-02,Collection,107,28
2025-02,Collection,108,46
2025-02,Collection,109,11
2025-02,Collection,110,27
2025-02,Collection,111,11
2025-02,Collection,112,14
2025-02,Collection,201,9
2025-02,Collection,202,7
2025-02,Collection,203,11
2025-02,Collection,204,16
2025-02,Collection,205,5
2025-02,Collection,206,7
2025-02,Collection,207,7
2025-02,Collection,208,16
2025-02,Collection,209,18
2025-02,Collection,210,32
2025-02,Collection,211,18
2025-02,Collection,212,43
2025-02,Collection,301,64
2025-02,Collection,302,30
2025-02,Collection,303,48
2025-02,Collection,304,11
2025-02,Collection,305,24
2025-02,Collection,306,48
2025-02,Collection,307,43
2025-02,Collection,308,29
2025-02,Collection,309,19
2025-02,Collection,310,29
2025-02,Collection,311,49
2025-02,Collection,312,55
2025-02,Collection,313,11
2025-02,Collection,314,33
2025-02,Collection,315,59
2025-02,Collection,316,10
2025-02,Collection,317,38
2025-02,Collection,318,42
2025-02,Collection,401,49
2025-02,Collection,402,27
2025-02,Collection,403,43
2025-02,Collection,404,9
2025-02,Collection,405,46
2025-02,Collection,406,20
2025-02,Collection,407,52
2025-02,Collection,408,53
2025-02,Collection,409,19
2025-02,Collection,410,42
2025-02,Collection,411,39
2025-02,Collection,412,61
2025-02,Collection,413,34
2025-02,Collection,414,47
2025-02,Collection,501,174
2025-02,Collection,502,63
2025-02,Collection,503,145
2025-02,Sweeping,103,5
2025-02,Sweeping,104,1
2025-02,Sweeping,106,2
2025-02,Sweeping,107,5
2025-02,Sweeping,108,3
2025-02,Sweeping,110,9
2025-02,Sweeping,111,5
2025-02,Sweeping,112,7
2025-02,Sweeping,201,2
2025-02,Sweeping,202,2
2025-02,Sweeping,204,7
2025-02,Sweeping,205,6
2025-02,Sweeping,206,1
2025-02,Sweeping,207,5
2025-02,Sweeping,208,5
2025-02,Sweeping,209,3
2025-02,Sweeping,210,1
2025-02,Sweeping,211,2
2025-02,Sweeping,212,7
2025-02,Sweeping,301,16
2025-02,Sweeping,302,5
2025-02,Sweeping,303,14
2025-02,Sweeping,304,6
2025-02,Sweeping,305,17
2025-02,Sweeping,306,15
2025-02,Sweeping,307,9
2025-02,Sweeping,308,2
2025-02,Sweeping,309,1
2025-02,Sweeping,310,4
2025-02,Sweeping,311,13
2025-02,Sweeping,312,12
2025-02,Sweeping,313,2
2025-02,Sweeping,314,5
2025-02,Sweeping,315,9
2025-02,Sweeping,316,9
2025-02,Sweeping,317,11
2025-02,Sweeping,318,6
2025-02,Sweeping,355,1
2025-02,Sweeping,401,7
2025-02,Sweeping,402,7
2025-02,Sweeping,403,5
2025-02,Sweeping,404,2
2025-02,Sweeping,405,4
2025-02,Sweeping,406,4
2025-02,Sweeping,408,2
2025-02,Sweeping,412,2
2025-02,Sweeping,414,6
2025-02,Sweeping,501,1
2025-03,Basket,101,3
2025-03,Basket,102,10
2025-03,Basket,103,3
2025-03,Basket,104,2
2025-03,Basket,105,3
2025-03,Basket,106,13
2025-03,Basket,107,23
2025-03,Basket,108,15
2025-03,Basket,109,2
2025-03,Basket,111,4
2025-03,Basket,112,16
2025-03,Basket,164,2
2025-03,Basket,201,4
2025-03,Basket,202,2
2025-03,Basket,203,1
2025-03,Basket,204,7
2025-03,Basket,205,2
2025-03,Basket,206,1
2025-03,Basket,207,1
2025-03,Basket,208,1
2025-03,Basket,209,4
2025-03,Basket,210,7
2025-03,Basket,211,3
2025-03,Basket,212,2
2025-03,Basket,301,10
2025-03,Basket,302,4
2025-03,Basket,303,15
2025-03,Basket,304,7
2025-03,Basket,305,7
2025-03,Basket,306,25
2025-03,Basket,307,10
2025-03,Basket,308,5
2025-03,Basket,309,9
2025-03,Basket,310,11
2025-03,Basket,311,5
2025-03,Basket,312,3
2025-03,Basket,313,1
2025-03,Basket,314,16
2025-03,Basket,315,6
2025-03,Basket,316,5
2025-03,Basket,317,4
2025-03,Basket,318,5
2025-03,Basket,401,16
2025-03,Basket,402,3
2025-03,Basket,403,1
2025-03,Basket,404,4
2025-03,Basket,405,3
2025-03,Basket,406,3
2025-03,Basket,407,8
2025-03,Basket,408,3
2025-03,Basket,409,6
2025-03,Basket,410,2
2025-03,Basket,411,13
2025-03,Basket,412,10
2025-03,Basket,413,5
2025-03,Basket,414,3
2025-03,Basket,501,9
2025-03,Basket,502,5
2025-03,Basket,503,8
2025-03,Collection,101,5
2025-03,Collection,102,56
2025-03,Collection,103,36
2025-03,Collection,104,44
2025-03,Collection,105,18
2025-03,Collection,106,32
2025-03,Collection,107,38
2025-03,Collection,108,61
2025-03,Collection,109,17
2025-03,Collection,110,78
2025-03,Collection,111,19
2025-03,Collection,112,35
2025-03,Collection,201,29
2025-03,Collection,202,13
2025-03,Collection,203,25
2025-03,Collection,204,18
2025-03,Collection,205,23
2025-03,Collection,206,20
2025-03,Collection,207,24
2025-03,Collection,208,28
2025-03,Collection,209,37
2025-03,Collection,210,59
2025-03,Collection,211,35
2025-03,Collection,212,107
2025-03,Collection,301,117
2025-03,Collection,302,42
2025-03,Collection,303,76
2025-03,Collection,304,31
2025-03,Collection,305,75
2025-03,Collection,306,89
2025-03,Collection,307,89
2025-03,Collection,308,53
2025-03,Collection,309,36
2025-03,Collection,310,57
2025-03,Collection,311,96
2025-03,Collection,312,141
2025-03,Collection,313,12
2025-03,Collection,314,61
2025-03,Collection,315,82
2025-03,Collection,316,23
2025-03,Collection,317,87
2025-03,Collection,318,89
2025-03,Collection,401,97
2025-03,Collection,402,39
2025-03,Collection,403,62
2025-03,Collection,404,22
2025-03,Collection,405,101
2025-03,Collection,406,39
2025-03,Collection,407,60
2025-03,Collection,408,106
2025-03,Collection,409,38
2025-03,Collection,410,82
2025-03,Collection,411,51
2025-03,Collection,412,108
2025-03,Collection,413,78
2025-03,Collection,414,60
2025-03,Collection,501,242
2025-03,Collection,502,140
2025-03,Collection,503,259
2025-03,Sweeping,102,2
2025-03,Sweeping,103,6
2025-03,Sweeping,104,1
2025-03,Sweeping,106,2
2025-03,Sweeping,107,18
2025-03,Sweeping,108,9
2025-03,Sweeping,109,2
2025-03,Sweeping,110,11
2025-03,Sweeping,111,20
2025-03,Sweeping,112,11
2025-03,Sweeping,201,13
2025-03,Sweeping,202,3
2025-03,Sweeping,203,2
2025-03,Sweeping,204,16
2025-03,Sweeping,205,5
2025-03,Sweeping,206,5
2025-03,Sweeping,207,8
2025-03,Sweeping,208,7
2025-03,Sweeping,209,11
2025-03,Sweeping,210,5
2025-03,Sweeping,211,3
2025-03,Sweeping,212,6
2025-03,Sweeping,301,27
2025-03,Sweeping,302,12
2025-03,Sweeping,303,21
2025-03,Sweeping,304,9
2025-03,Sweeping,305,35
2025-03,Sweeping,306,12
2025-03,Sweeping,307,5
2025-03,Sweeping,308,11
2025-03,Sweeping,309,3
2025-03,Sweeping,310,11
2025-03,Sweeping,311,15
2025-03,Sweeping,312,16
2025-03,Sweeping,313,9
2025-03,Sweeping,314,13
2025-03,Sweeping,315,13
2025-03,Sweeping,316,9
2025-03,Sweeping,317,8
2025-03,Sweeping,318,17
2025-03,Sweeping,401,18
2025-03,Sweeping,402,7
2025-03,Sweeping,403,3
2025-03,Sweeping,404,5
2025-03,Sweeping,405,6
2025-03,Sweeping,406,2
2025-03,Sweeping,407,4
2025-03,Sweeping,408,4
2025-03,Sweeping,412,6
2025-03,Sweeping,414,6
2025-03,Sweeping,501,5
2025-03,Sweeping,502,2
2025-03,Sweeping,503,1
2025-04,Basket,101,4
2025-04,Basket,102,5
2025-04,Basket,103,6
2025-04,Basket,104,13
2025-04,Basket,105,5
2025-04,Basket,106,16
2025-04,Basket,107,14
2025-04,Basket,108,23
2025-04,Basket,109,6
2025-04,Basket,110,4
2025-04,Basket,111,6
2025-04,Basket,112,7
2025-04,Basket,164,1
2025-04,Basket,201,1
2025-04,Basket,202,2
2025-04,Basket,203,3
2025-04,Basket,204,3
2025-04,Basket,205,4
2025-04,Basket,206,1
2025-04,Basket,207,3
2025-04,Basket,208,5
2025-04,Basket,209,8
2025-04,Basket,210,9
2025-04,Basket,211,1
2025-04,Basket,212,5
2025-04,Basket,301,12
2025-04,Basket,302,8
2025-04,Basket,303,15
2025-04,Basket,304,5
2025-04,Basket,305,8
2025-04,Basket,306,11
2025-04,Basket,307,16
2025-04,Basket,308,8
2025-04,Basket,309,11
2025-04,Basket,310,13
2025-04,Basket,311,8
2025-04,Basket,312,6
2025-04,Basket,313,2
2025-04,Basket,314,9
2025-04,Basket,315,7
2025-04,Basket,316,7
2025-04,Basket,317,3
2025-04,Basket,318,3
2025-04,Basket,401,15
2025-04,Basket,402,3
2025-04,Basket,403,6
2025-04,Basket,404,1
2025-04,Basket,405,5
2025-04,Basket,406,5
2025-04,Basket,407,8
2025-04,Basket,408,4
2025-04,Basket,409,2
2025-04,Basket,410,4
2025-04,Basket,411,1
2025-04,Basket,412,7
2025-04,Basket,413,4
2025-04,Basket,414,8
2025-04,Basket,501,22
2025-04,Basket,502,3
2025-04,Basket,503,13
2025-04,Collection,101,26
2025-04,Collection,102,72
2025-04,Collection,103,43
2025-04,Collection,104,50
2025-04,Collection,105,21
2025-04,Collection,106,55
2025-04,Collection,107,47
2025-04,Collection,108,96
2025-04,Collection,109,23
2025-04,Collection,110,65
2025-04,Collection,111,28
2025-04,Collection,112,38
2025-04,Collection,201,55
2025-04,Collection,202,28
2025-04,Collection,203,63
2025-04,Collection,204,39
2025-04,Collection,205,15
2025-04,Collection,206,34
2025-04,Collection,207,35
2025-04,Collection,208,30
2025-04,Collection,209,75
2025-04,Collection,210,81
2025-04,Collection,211,54
2025-04,Collection,212,163
2025-04,Collection,301,140
2025-04,Collection,302,48
2025-04,Collection,303,109
2025-04,Collection,304,33
2025-04,Collection,305,154
2025-04,Collection,306,103
2025-04,Collection,307,85
2025-04,Collection,308,55
2025-04,Collection,309,41
2025-04,Collection,310,72
2025-04,Collection,311,137
2025-04,Collection,312,176
2025-04,Collection,313,33
2025-04,Collection,314,107
2025-04,Collection,315,106
2025-04,Collection,316,36
2025-04,Collection,317,121
2025-04,Collection,318,170
2025-04,Collection,401,163
2025-04,Collection,402,50
2025-04,Collection,403,162
2025-04,Collection,404,29
2025-04,Collection,405,147
2025-04,Collection,406,46
2025-04,Collection,407,134
2025-04,Collection,408,155
2025-04,Collection,409,67
2025-04,Collection,410,97
2025-04,Collection,411,101
2025-04,Collection,412,185
2025-04,Collection,413,259
2025-04,Collection,414,65
2025-04,Collection,501,270
2025-04,Collection,502,136
2025-04,Collection,503,216
2025-04,Sweeping,101,1
2025-04,Sweeping,102,4
2025-04,Sweeping,103,7
2025-04,Sweeping,104,2
2025-04,Sweeping,106,1
2025-04,Sweeping,107,11
2025-04,Sweeping,108,7
2025-04,Sweeping,109,3
2025-04,Sweeping,110,9
2025-04,Sweeping,111,9
2025-04,Sweeping,112,13
2025-04,Sweeping,201,10
2025-04,Sweeping,202,1
2025-04,Sweeping,203,2
2025-04,Sweeping,204,5
2025-04,Sweeping,205,8
2025-04,Sweeping,206,3
2025-04,Sweeping,207,10
2025-04,Sweeping,208,5
2025-04,Sweeping,209,7
2025-04,Sweeping,210,3
2025-04,Sweeping,211,2
2025-04,Sweeping,212,17
2025-04,Sweeping,301,30
2025-04,Sweeping,302,14
2025-04,Sweeping,303,27
2025-04,Sweeping,304,13
2025-04,Sweeping,305,36
2025-04,Sweeping,306,15
2025-04,Sweeping,307,9
2025-04,Sweeping,308,5
2025-04,Sweeping,309,4
2025-04,Sweeping,310,11
2025-04,Sweeping,311,21
2025-04,Sweeping,312,15
2025-04,Sweeping,313,12
2025-04,Sweeping,314,12
2025-04,Sweeping,315,6
2025-04,Sweeping,316,5
2025-04,Sweeping,317,8
2025-04,Sweeping,318,5
2025-04,Sweeping,355,1
2025-04,Sweeping,401,14
2025-04,Sweeping,402,7
2025-04,Sweeping,403,5
2025-04,Sweeping,404,4
2025-04,Sweeping,405,7
2025-04,Sweeping,406,2
2025-04,Sweeping,407,2
2025-04,Sweeping,408,5
2025-04,Sweeping,412,5
2025-04,Sweeping,414,13
2025-04,Sweeping,503,3
2025-05,Basket,101,9
2025-05,Basket,102,29
2025-05,Basket,103,8
2025-05,Basket,104,18
2025-05,Basket,105,4
2025-05,Basket,106,13
2025-05,Basket,107,39
2025-05,Basket,108,15
2025-05,Basket,109,6
2025-05,Basket,110,3
2025-05,Basket,111,3
2025-05,Basket,112,12
2025-05,Basket,164,3
2025-05,Basket,201,6
2025-05,Basket,202,2
2025-05,Basket,203,1
2025-05,Basket,204,6
2025-05,Basket,205,2
2025-05,Basket,206,1
2025-05,Basket,207,12
2025-05,Basket,208,10
2025-05,Basket,209,11
2025-05,Basket,210,2
2025-05,Basket,211,1
2025-05,Basket,212,6
2025-05,Basket,301,14
2025-05,Basket,302,17
2025-05,Basket,303,12
2025-05,Basket,304,2
2025-05,Basket,305,8
2025-05,Basket,306,18
2025-05,Basket,307,19
2025-05,Basket,308,12
2025-05,Basket,309,15
2025-05,Basket,310,13
2025-05,Basket,311,8
2025-05,Basket,312,10
2025-05,Basket,313,4
2025-05,Basket,314,9
2025-05,Basket,315,17
2025-05,Basket,316,6
2025-05,Basket,317,5
2025-05,Basket,318,5
2025-05,Basket,401,15
2025-05,Basket,402,5
2025-05,Basket,403,11
2025-05,Basket,404,2
2025-05,Basket,405,3
2025-05,Basket,406,4
2025-05,Basket,407,6
2025-05,Basket,408,6
2025-05,Basket,409,12
2025-05,Basket,410,1
2025-05,Basket,411,4
2025-05,Basket,412,16
2025-05,Basket,413,4
2025-05,Basket,414,9
2025-05,Basket,501,15
2025-05,Basket,502,5
2025-05,Basket,503,5
2025-05,Collection,101,12
2025-05,Collection,102,56
2025-05,Collection,103,41
2025-05,Collection,104,40
2025-05,Collection,105,16
2025-05,Collection,106,43
2025-05,Collection,107,31
2025-05,Collection,108,76
2025-05,Collection,109,22
2025-05,Collection,110,42
2025-05,Collection,111,20
2025-05,Collection,112,32
2025-05,Collection,201,26
2025-05,Collection,202,25
2025-05,Collection,203,38
2025-05,Collection,204,23
2025-05,Collection,205,18
2025-05,Collection,206,28
2025-05,Collection,207,23
2025-05,Collection,208,27
2025-05,Collection,209,34
2025-05,Collection,210,75
2025-05,Collection,211,46
2025-05,Collection,212,126
2025-05,Collection,301,162
2025-05,Collection,302,38
2025-05,Collection,303,94
2025-05,Collection,304,23
2025-05,Collection,305,165
2025-05,Collection,306,98
2025-05,Collection,307,95
2025-05,Collection,308,71
2025-05,Collection,309,31
2025-05,Collection,310,45
2025-05,Collection,311,136
2025-05,Collection,312,138
2025-05,Collection,313,23
2025-05,Collection,314,83
2025-05,Collection,315,91
2025-05,Collection,316,33
2025-05,Collection,317,101
2025-05,Collection,318,107
2025-05,Collection,401,146
2025-05,Collection,402,63
2025-05,Collection,403,109
2025-05,Collection,404,28
2025-05,Collection,405,149
2025-05,Collection,406,66
2025-05,Collection,407,128
2025-05,Collection,408,104
2025-05,Collection,409,57
2025-05,Collection,410,90
2025-05,Collection,411,141
2025-05,Collection,412,190
2025-05,Collection,413,98
2025-05,Collection,414,66
2025-05,Collection,501,246
2025-05,Collection,502,137
2025-05,Collection,503,231
2025-05,Sweeping,102,7
2025-05,Sweeping,103,13
2025-05,Sweeping,104,3
2025-05,Sweeping,106,1
2025-05,Sweeping,107,13
2025-05,Sweeping,108,8
2025-05,Sweeping,109,5
2025-05,Sweeping,110,18
2025-05,Sweeping,111,3
2025-05,Sweeping,112,21
2025-05,Sweeping,201,9
2025-05,Sweeping,202,1
2025-05,Sweeping,203,12
2025-05,Sweeping,204,17
2025-05,Sweeping,205,7
2025-05,Sweeping,206,4
2025-05,Sweeping,207,12
2025-05,Sweeping,208,8
2025-05,Sweeping,209,20
2025-05,Sweeping,210,7
2025-05,Sweeping,211,6
2025-05,Sweeping,212,13
2025-05,Sweeping,301,15
2025-05,Sweeping,302,21
2025-05,Sweeping,303,27
2025-05,Sweeping,304,10
2025-05,Sweeping,305,48
2025-05,Sweeping,306,25
2025-05,Sweeping,307,19
2025-05,Sweeping,308,8
2025-05,Sweeping,309,3
2025-05,Sweeping,310,7
2025-05,Sweeping,311,16
2025-05,Sweeping,312,23
2025-05,Sweeping,313,2
2025-05,Sweeping,314,10
2025-05,Sweeping,315,11
2025-05,Sweeping,316,9
2025-05,Sweeping,317,14
2025-05,Sweeping,318,22
2025-05,Sweeping,401,13
2025-05,Sweeping,402,1
2025-05,Sweeping,403,11
2025-05,Sweeping,404,9
2025-05,Sweeping,405,15
2025-05,Sweeping,406,2
2025-05,Sweeping,407,5
2025-05,Sweeping,408,7
2025-05,Sweeping,409,2
2025-05,Sweeping,411,1
2025-05,Sweeping,412,9
2025-05,Sweeping,413,1
2025-05,Sweeping,414,16
2025-05,Sweeping,501,3
2025-06,Basket,101,18
2025-06,Basket,102,24
2025-06,Basket,103,8
2025-06,Basket,104,23
2025-06,Basket,105,9
2025-06,Basket,106,14
2025-06,Basket,107,23
2025-06,Basket,108,12
2025-06,Basket,109,3
2025-06,Basket,110,4
2025-06,Basket,111,3
2025-06,Basket,112,15
2025-06,Basket,164,1
2025-06,Basket,201,26
2025-06,Basket,202,2
2025-06,Basket,203,3
2025-06,Basket,204,2
2025-06,Basket,205,3
2025-06,Basket,206,3
2025-06,Basket,207,4
2025-06,Basket,208,12
2025-06,Basket,209,6
2025-06,Basket,210,6
2025-06,Basket,211,3
2025-06,Basket,212,1
2025-06,Basket,301,13
2025-06,Basket,302,9
2025-06,Basket,303,26
2025-06,Basket,304,8
2025-06,Basket,305,8
2025-06,Basket,306,26
2025-06,Basket,307,25
2025-06,Basket,308,19
2025-06,Basket,309,21
2025-06,Basket,310,8
2025-06,Basket,311,14
2025-06,Basket,312,5
2025-06,Basket,313,3
2025-06,Basket,314,7
2025-06,Basket,315,1
2025-06,Basket,316,3
2025-06,Basket,317,6
2025-06,Basket,318,12
2025-06,Basket,401,22
2025-06,Basket,402,3
2025-06,Basket,403,6
2025-06,Basket,404,1
2025-06,Basket,405,9
2025-06,Basket,407,8
2025-06,Basket,408,5
2025-06,Basket,409,3
2025-06,Basket,410,7
2025-06,Basket,412,20
2025-06,Basket,413,8
2025-06,Basket,414,12
2025-06,Basket,501,19
2025-06,Basket,502,4
2025-06,Basket,503,2
2025-06,Collection,101,16
2025-06,Collection,102,40
2025-06,Collection,103,33
2025-06,Collection,104,52
2025-06,Collection,105,14
2025-06,Collection,106,48
2025-06,Collection,107,34
2025-06,Collection,108,73
2025-06,Collection,109,27
2025-06,Collection,110,24
2025-06,Collection,111,23
2025-06,Collection,112,37
2025-06,Collection,201,23
2025-06,Collection,202,21
2025-06,Collection,203,21
2025-06,Collection,204,24
2025-06,Collection,205,8
2025-06,Collection,206,22
2025-06,Collection,207,16
2025-06,Collection,208,21
2025-06,Collection,209,42
2025-06,Collection,210,98
2025-06,Collection,211,35
2025-06,Collection,212,83
2025-06,Collection,301,123
2025-06,Collection,302,48
2025-06,Collection,303,91
2025-06,Collection,304,33
2025-06,Collection,305,120
2025-06,Collection,306,94
2025-06,Collection,307,68
2025-06,Collection,308,52
2025-06,Collection,309,29
2025-06,Collection,310,50
2025-06,Collection,311,87
2025-06,Collection,312,111
2025-06,Collection,313,18
2025-06,Collection,314,67
2025-06,Collection,315,98
2025-06,Collection,316,30
2025-06,Collection,317,138
2025-06,Collection,318,56
2025-06,Collection,401,111
2025-06,Collection,402,51
2025-06,Collection,403,101
2025-06,Collection,404,39
2025-06,Collection,405,119
2025-06,Collection,406,52
2025-06,Collection,407,93
2025-06,Collection,408,102
2025-06,Collection,409,52
2025-06,Collection,410,84
2025-06,Collection,411,138
2025-06,Collection,412,207
2025-06,Collection,413,113
2025-06,Collection,414,72
2025-06,Collection,501,244
2025-06,Collection,502,131
2025-06,Collection,503,187
2025-06,Sweeping,102,12
2025-06,Sweeping,103,3
2025-06,Sweeping,104,3
2025-06,Sweeping,105,1
2025-06,Sweeping,106,3
2025-06,Sweeping,107,10
2025-06,Sweeping,108,5
2025-06,Sweeping,109,3
2025-06,Sweeping,110,20
2025-06,Sweeping,111,15
2025-06,Sweeping,112,19
2025-06,Sweeping,201,11
2025-06,Sweeping,202,6
2025-06,Sweeping,203,13
2025-06,Sweeping,204,12
2025-06,Sweeping,205,4
2025-06,Sweeping,206,3
2025-06,Sweeping,207,21
2025-06,Sweeping,208,2
2025-06,Sweeping,209,12
2025-06,Sweeping,210,3
2025-06,Sweeping,211,3
2025-06,Sweeping,212,3
2025-06,Sweeping,301,15
2025-06,Sweeping,302,14
2025-06,Sweeping,303,24
2025-06,Sweeping,304,11
2025-06,Sweeping,305,31
2025-06,Sweeping,306,10
2025-06,Sweeping,307,10
2025-06,Sweeping,308,9
2025-06,Sweeping,309,13
2025-06,Sweeping,310,7
2025-06,Sweeping,311,35
2025-06,Sweeping,312,18
2025-06,Sweeping,313,10
2025-06,Sweeping,314,11
2025-06,Sweeping,315,18
2025-06,Sweeping,316,6
2025-06,Sweeping,317,20
2025-06,Sweeping,318,21
2025-06,Sweeping,401,10
2025-06,Sweeping,402,10
2025-06,Sweeping,403,6
2025-06,Sweeping,404,3
2025-06,Sweeping,405,5
2025-06,Sweeping,406,3
2025-06,Sweeping,407,3
2025-06,Sweeping,408,3
2025-06,Sweeping,410,1
2025-06,Sweeping,411,2
2025-06,Sweeping,412,12
2025-06,Sweeping,414,26
2025-06,Sweeping,484,1
2025-06,Sweeping,501,2
2025-06,Sweeping,502,1
2025-06,Sweeping,503,1
2025-07,Basket,101,4
2025-07,Basket,102,20
2025-07,Basket,103,5
2025-07,Basket,104,6
2025-07,Basket,105,12
2025-07,Basket,106,19
2025-07,Basket,107,8
2025-07,Basket,108,8
2025-07,Basket,109,7
2025-07,Basket,110,12
2025-07,Basket,111,2
2025-07,Basket,112,29
2025-07,Basket,164,1
2025-07,Basket,201,17
2025-07,Basket,202,2
2025-07,Basket,203,3
2025-07,Basket,204,5
2025-07,Basket,205,3
2025-07,Basket,206,3
2025-07,Basket,207,4
2025-07,Basket,208,4
2025-07,Basket,209,1
2025-07,Basket,210,7
2025-07,Basket,211,6
2025-07,Basket,212,7
2025-07,Basket,301,19
2025-07,Basket,302,21
2025-07,Basket,303,19
2025-07,Basket,304,6
2025-07,Basket,305,5
2025-07,Basket,306,27
2025-07,Basket,307,22
2025-07,Basket,308,22
2025-07,Basket,309,13
2025-07,Basket,310,14
2025-07,Basket,311,6
2025-07,Basket,312,13
2025-07,Basket,313,3
2025-07,Basket,314,7
2025-07,Basket,315,9
2025-07,Basket,316,3
2025-07,Basket,317,9
2025-07,Basket,318,12
2025-07,Basket,401,89
2025-07,Basket,402,9
2025-07,Basket,403,11
2025-07,Basket,404,2
2025-07,Basket,405,8
2025-07,Basket,406,5
2025-07,Basket,407,25
2025-07,Basket,408,2
2025-07,Basket,409,13
2025-07,Basket,410,8
2025-07,Basket,411,6
2025-07,Basket,412,8
2025-07,Basket,413,10
2025-07,Basket,414,4
2025-07,Basket,501,16
2025-07,Basket,502,4
2025-07,Basket,503,3
2025-07,Collection,101,22
2025-07,Collection,102,37
2025-07,Collection,103,33
2025-07,Collection,104,34
2025-07,Collection,105,17
2025-07,Collection,106,34
2025-07,Collection,107,37
2025-07,Collection,108,49
2025-07,Collection,109,26
2025-07,Collection,110,41
2025-07,Collection,111,17
2025-07,Collection,112,29
2025-07,Collection,201,29
2025-07,Collection,202,17
2025-07,Collection,203,34
2025-07,Collection,204,22
2025-07,Collection,205,7
2025-07,Collection,206,33
2025-07,Collection,207,19
2025-07,Collection,208,19
2025-07,Collection,209,38
2025-07,Collection,210,55
2025-07,Collection,211,36
2025-07,Collection,212,112
2025-07,Collection,301,138
2025-07,Collection,302,46
2025-07,Collection,303,124
2025-07,Collection,304,41
2025-07,Collection,305,129
2025-07,Collection,306,64
2025-07,Collection,307,84
2025-07,Collection,308,61
2025-07,Collection,309,29
2025-07,Collection,310,54
2025-07,Collection,311,104
2025-07,Collection,312,90
2025-07,Collection,313,27
2025-07,Collection,314,105
2025-07,Collection,315,107
2025-07,Collection,316,41
2025-07,Collection,317,95
2025-07,Collection,318,66
2025-07,Collection,401,115
2025-07,Collection,402,53
2025-07,Collection,403,84
2025-07,Collection,404,24
2025-07,Collection,405,106
2025-07,Collection,406,65
2025-07,Collection,407,108
2025-07,Collection,408,118
2025-07,Collection,409,64
2025-07,Collection,410,95
2025-07,Collection,411,121
2025-07,Collection,412,172
2025-07,Collection,413,118
2025-07,Collection,414,100
2025-07,Collection,501,312
2025-07,Collection,502,135
2025-07,Collection,503,207
2025-07,Sweeping,101,3
2025-07,Sweeping,102,10
2025-07,Sweeping,103,3
2025-07,Sweeping,104,1
2025-07,Sweeping,106,1
2025-07,Sweeping,107,9
2025-07,Sweeping,108,11
2025-07,Sweeping,109,13
2025-07,Sweeping,110,16
2025-07,Sweeping,111,4
2025-07,Sweeping,112,26
2025-07,Sweeping,201,21
2025-07,Sweeping,202,8
2025-07,Sweeping,203,8
2025-07,Sweeping,204,16
2025-07,Sweeping,205,11
2025-07,Sweeping,206,8
2025-07,Sweeping,207,11
2025-07,Sweeping,208,3
2025-07,Sweeping,209,11
2025-07,Sweeping,210,6
2025-07,Sweeping,211,9
2025-07,Sweeping,212,10
2025-07,Sweeping,301,25
2025-07,Sweeping,302,21
2025-07,Sweeping,303,28
2025-07,Sweeping,304,17
2025-07,Sweeping,305,52
2025-07,Sweeping,306,16
2025-07,Sweeping,307,12
2025-07,Sweeping,308,8
2025-07,Sweeping,309,20
2025-07,Sweeping,310,5
2025-07,Sweeping,311,27
2025-07,Sweeping,312,17
2025-07,Sweeping,313,11
2025-07,Sweeping,314,25
2025-07,Sweeping,315,14
2025-07,Sweeping,316,23
2025-07,Sweeping,317,22
2025-07,Sweeping,318,29
2025-07,Sweeping,401,14
2025-07,Sweeping,402,12
2025-07,Sweeping,403,18
2025-07,Sweeping,404,10
2025-07,Sweeping,405,13
2025-07,Sweeping,406,5
2025-07,Sweeping,407,6
2025-07,Sweeping,408,11
2025-07,Sweeping,409,3
2025-07,Sweeping,412,8
2025-07,Sweeping,413,2
2025-07,Sweeping,414,18
2025-07,Sweeping,501,2
2025-08,Basket,101,3
2025-08,Basket,102,29
2025-08,Basket,103,4
2025-08,Basket,104,9
2025-08,Basket,105,10
2025-08,Basket,106,13
2025-08,Basket,107,23
2025-08,Basket,108,14
2025-08,Basket,109,4
2025-08,Basket,110,10
2025-08,Basket,111,1
2025-08,Basket,112,18
2025-08,Basket,164,1
2025-08,Basket,201,14
2025-08,Basket,202,4
2025-08,Basket,203,2
2025-08,Basket,204,3
2025-08,Basket,205,1
2025-08,Basket,206,2
2025-08,Basket,207,2
2025-08,Basket,208,4
2025-08,Basket,209,3
2025-08,Basket,210,13
2025-08,Basket,211,3
2025-08,Basket,212,7
2025-08,Basket,301,8
2025-08,Basket,302,10
2025-08,Basket,303,14
2025-08,Basket,304,11
2025-08,Basket,305,7
2025-08,Basket,306,22
2025-08,Basket,307,12
2025-08,Basket,308,18
2025-08,Basket,309,8
2025-08,Basket,310,9
2025-08,Basket,311,5
2025-08,Basket,312,7
2025-08,Basket,313,8
2025-08,Basket,314,4
2025-08,Basket,315,7
2025-08,Basket,316,7
2025-08,Basket,317,1
2025-08,Basket,318,22
2025-08,Basket,401,20
2025-08,Basket,402,10
2025-08,Basket,403,10
2025-08,Basket,404,2
2025-08,Basket,405,5
2025-08,Basket,406,2
2025-08,Basket,407,7
2025-08,Basket,408,6
2025-08,Basket,409,7
2025-08,Basket,410,1
2025-08,Basket,411,9
2025-08,Basket,412,9
2025-08,Basket,413,21
2025-08,Basket,414,6
2025-08,Basket,484,1
2025-08,Basket,501,24
2025-08,Basket,502,1
2025-08,Basket,503,5
2025-08,Collection,101,13
2025-08,Collection,102,48
2025-08,Collection,103,29
2025-08,Collection,104,40
2025-08,Collection,105,9
2025-08,Collection,106,39
2025-08,Collection,107,24
2025-08,Collection,108,63
2025-08,Collection,109,23
2025-08,Collection,110,56
2025-08,Collection,111,21
2025-08,Collection,112,32
2025-08,Collection,201,26
2025-08,Collection,202,13
2025-08,Collection,203,27
2025-08,Collection,204,32
2025-08,Collection,205,16
2025-08,Collection,206,18
2025-08,Collection,207,20
2025-08,Collection,208,21
2025-08,Collection,209,36
2025-08,Collection,210,84
2025-08,Collection,211,35
2025-08,Collection,212,142
2025-08,Collection,301,121
2025-08,Collection,302,48
2025-08,Collection,303,108
2025-08,Collection,304,31
2025-08,Collection,305,139
2025-08,Collection,306,77
2025-08,Collection,307,86
2025-08,Collection,308,63
2025-08,Collection,309,23
2025-08,Collection,310,69
2025-08,Collection,311,108
2025-08,Collection,312,102
2025-08,Collection,313,18
2025-08,Collection,314,83
2025-08,Collection,315,90
2025-08,Collection,316,31
2025-08,Collection,317,118
2025-08,Collection,318,92
2025-08,Collection,401,87
2025-08,Collection,402,42
2025-08,Collection,403,97
2025-08,Collection,404,33
2025-08,Collection,405,162
2025-08,Collection,406,82
2025-08,Collection,407,92
2025-08,Collection,408,102
2025-08,Collection,409,73
2025-08,Collection,410,94
2025-08,Collection,411,113
2025-08,Collection,412,220
2025-08,Collection,413,168
2025-08,Collection,414,93
2025-08,Collection,501,378
2025-08,Collection,502,141
2025-08,Collection,503,193
2025-08,Sweeping,101,1
2025-08,Sweeping,102,6
2025-08,Sweeping,103,17
2025-08,Sweeping,104,2
2025-08,Sweeping,105,1
2025-08,Sweeping,106,2
2025-08,Sweeping,107,7
2025-08,Sweeping,108,9
2025-08,Sweeping,109,3
2025-08,Sweeping,110,26
2025-08,Sweeping,111,7
2025-08,Sweeping,112,25
2025-08,Sweeping,201,16
2025-08,Sweeping,202,3
2025-08,Sweeping,203,9
2025-08,Sweeping,204,8
2025-08,Sweeping,205,24
2025-08,Sweeping,206,4
2025-08,Sweeping,207,9
2025-08,Sweeping,208,5
2025-08,Sweeping,209,12
2025-08,Sweeping,210,9
2025-08,Sweeping,211,11
2025-08,Sweeping,212,21
2025-08,Sweeping,301,12
2025-08,Sweeping,302,12
2025-08,Sweeping,303,39
2025-08,Sweeping,304,17
2025-08,Sweeping,305,47
2025-08,Sweeping,306,12
2025-08,Sweeping,307,12
2025-08,Sweeping,308,12
2025-08,Sweeping,309,13
2025-08,Sweeping,310,14
2025-08,Sweeping,311,26
2025-08,Sweeping,312,18
2025-08,Sweeping,313,11
2025-08,Sweeping,314,17
2025-08,Sweeping,315,24
2025-08,Sweeping,316,22
2025-08,Sweeping,317,30
2025-08,Sweeping,318,38
2025-08,Sweeping,401,11
2025-08,Sweeping,402,13
2025-08,Sweeping,403,19
2025-08,Sweeping,404,4
2025-08,Sweeping,405,19
2025-08,Sweeping,406,7
2025-08,Sweeping,407,7
2025-08,Sweeping,408,4
2025-08,Sweeping,409,3
2025-08,Sweeping,411,1
2025-08,Sweeping,412,28
2025-08,Sweeping,413,4
2025-08,Sweeping,414,10
2025-08,Sweeping,502,1
2025-08,Sweeping,503,2
2025-09,Basket,101,5
2025-09,Basket,102,20
2025-09,Basket,103,6
2025-09,Basket,104,16
2025-09,Basket,105,12
2025-09,Basket,106,13
2025-09,Basket,107,12
2025-09,Basket,108,15
2025-09,Basket,109,7
2025-09,Basket,110,5
2025-09,Basket,111,3
2025-09,Basket,112,17
2025-09,Basket,201,8
2025-09,Basket,202,2
2025-09,Basket,203,8
2025-09,Basket,205,1
2025-09,Basket,206,1
2025-09,Basket,207,4
2025-09,Basket,208,3
2025-09,Basket,209,10
2025-09,Basket,210,11
2025-09,Basket,211,5
2025-09,Basket,212,13
2025-09,Basket,301,23
2025-09,Basket,302,12
2025-09,Basket,303,13
2025-09,Basket,304,7
2025-09,Basket,305,6
2025-09,Basket,306,14
2025-09,Basket,307,8
2025-09,Basket,308,29
2025-09,Basket,309,20
2025-09,Basket,310,6
2025-09,Basket,311,11
2025-09,Basket,312,5
2025-09,Basket,313,3
2025-09,Basket,314,14
2025-09,Basket,315,16
2025-09,Basket,316,9
2025-09,Basket,317,4
2025-09,Basket,318,43
2025-09,Basket,401,15
2025-09,Basket,402,3
2025-09,Basket,403,8
2025-09,Basket,404,1
2025-09,Basket,405,8
2025-09,Basket,406,4
2025-09,Basket,407,3
2025-09,Basket,408,11
2025-09,Basket,409,13
2025-09,Basket,410,2
2025-09,Basket,411,6
2025-09,Basket,412,16
2025-09,Basket,413,6
2025-09,Basket,414,2
2025-09,Basket,501,33
2025-09,Basket,502,3
2025-09,Basket,503,8
2025-09,Collection,101,9
2025-09,Collection,102,55
2025-09,Collection,103,32
2025-09,Collection,104,51
2025-09,Collection,105,27
2025-09,Collection,106,42
2025-09,Collection,107,37
2025-09,Collection,108,86
2025-09,Collection,109,30
2025-09,Collection,110,33
2025-09,Collection,111,12
2025-09,Collection,112,33
2025-09,Collection,201,35
2025-09,Collection,202,15
2025-09,Collection,203,19
2025-09,Collection,204,13
2025-09,Collection,205,13
2025-09,Collection,206,27
2025-09,Collection,207,19
2025-09,Collection,208,20
2025-09,Collection,209,22
2025-09,Collection,210,62
2025-09,Collection,211,32
2025-09,Collection,212,101
2025-09,Collection,301,138
2025-09,Collection,302,46
2025-09,Collection,303,90
2025-09,Collection,304,22
2025-09,Collection,305,62
2025-09,Collection,306,76
2025-09,Collection,307,63
2025-09,Collection,308,78
2025-09,Collection,309,28
2025-09,Collection,310,43
2025-09,Collection,311,67
2025-09,Collection,312,89
2025-09,Collection,313,12
2025-09,Collection,314,72
2025-09,Collection,315,87
2025-09,Collection,316,34
2025-09,Collection,317,63
2025-09,Collection,318,86
2025-09,Collection,401,85
2025-09,Collection,402,33
2025-09,Collection,403,58
2025-09,Collection,404,24
2025-09,Collection,405,84
2025-09,Collection,406,50
2025-09,Collection,407,74
2025-09,Collection,408,72
2025-09,Collection,409,49
2025-09,Collection,410,62
2025-09,Collection,411,83
2025-09,Collection,412,126
2025-09,Collection,413,111
2025-09,Collection,414,55
2025-09,Collection,501,220
2025-09,Collection,502,84
2025-09,Collection,503,143
2025-09,Sweeping,101,2
2025-09,Sweeping,102,10
2025-09,Sweeping,103,12
2025-09,Sweeping,106,1
2025-09,Sweeping,107,8
2025-09,Sweeping,108,8
2025-09,Sweeping,109,2
2025-09,Sweeping,110,28
2025-09,Sweeping,111,3
2025-09,Sweeping,112,21
2025-09,Sweeping,201,24
2025-09,Sweeping,202,5
2025-09,Sweeping,203,12
2025-09,Sweeping,204,9
2025-09,Sweeping,205,25
2025-09,Sweeping,206,3
2025-09,Sweeping,207,11
2025-09,Sweeping,208,7
2025-09,Sweeping,209,8
2025-09,Sweeping,210,2
2025-09,Sweeping,211,2
2025-09,Sweeping,212,13
2025-09,Sweeping,301,17
2025-09,Sweeping,302,13
2025-09,Sweeping,303,31
2025-09,Sweeping,304,9
2025-09,Sweeping,305,48
2025-09,Sweeping,306,14
2025-09,Sweeping,307,7
2025-09,Sweeping,308,11
2025-09,Sweeping,309,9
2025-09,Sweeping,310,19
2025-09,Sweeping,311,19
2025-09,Sweeping,312,24
2025-09,Sweeping,313,7
2025-09,Sweeping,314,29
2025-09,Sweeping,315,28
2025-09,Sweeping,316,21
2025-09,Sweeping,317,26
2025-09,Sweeping,318,37
2025-09,Sweeping,401,14
2025-09,Sweeping,402,4
2025-09,Sweeping,403,13
2025-09,Sweeping,404,5
2025-09,Sweeping,405,15
2025-09,Sweeping,406,2
2025-09,Sweeping,407,5
2025-09,Sweeping,408,1
2025-09,Sweeping,409,4
2025-09,Sweeping,412,13
2025-09,Sweeping,413,7
2025-09,Sweeping,414,13
2025-09,Sweeping,501,3
2025-09,Sweeping,502,1
2025-09,Sweeping,503,1
2025-10,Basket,101,5
2025-10,Basket,102,32
2025-10,Basket,103,4
2025-10,Basket,104,22
2025-10,Basket,105,7
2025-10,Basket,106,7
2025-10,Basket,107,7
2025-10,Basket,108,25
2025-10,Basket,109,4
2025-10,Basket,110,3
2025-10,Basket,111,3
2025-10,Basket,112,16
2025-10,Basket,164,1
2025-10,Basket,201,11
2025-10,Basket,202,1
2025-10,Basket,204,4
2025-10,Basket,205,1
2025-10,Basket,206,1
2025-10,Basket,207,8
2025-10,Basket,208,9
2025-10,Basket,209,3
2025-10,Basket,210,2
2025-10,Basket,211,1
2025-10,Basket,212,8
2025-10,Basket,301,12
2025-10,Basket,302,10
2025-10,Basket,303,5
2025-10,Basket,304,4
2025-10,Basket,305,5
2025-10,Basket,306,11
2025-10,Basket,307,17
2025-10,Basket,308,8
2025-10,Basket,309,9
2025-10,Basket,310,15
2025-10,Basket,311,7
2025-10,Basket,312,7
2025-10,Basket,314,5
2025-10,Basket,315,6
2025-10,Basket,316,10
2025-10,Basket,317,6
2025-10,Basket,318,19
2025-10,Basket,401,16
2025-10,Basket,402,5
2025-10,Basket,403,6
2025-10,Basket,404,4
2025-10,Basket,405,5
2025-10,Basket,406,3
2025-10,Basket,407,3
2025-10,Basket,408,1
2025-10,Basket,409,7
2025-10,Basket,410,2
2025-10,Basket,412,5
2025-10,Basket,413,10
2025-10,Basket,414,3
2025-10,Basket,501,20
2025-10,Basket,502,2
2025-10,Basket,503,3
2025-10,Collection,101,10
2025-10,Collection,102,50
2025-10,Collection,103,32
2025-10,Collection,104,48
2025-10,Collection,105,19
2025-10,Collection,106,28
2025-10,Collection,107,24
2025-10,Collection,108,70
2025-10,Collection,109,15
2025-10,Collection,110,33
2025-10,Collection,111,13
2025-10,Collection,112,22
2025-10,Collection,201,33
2025-10,Collection,202,7
2025-10,Collection,203,18
2025-10,Collection,204,13
2025-10,Collection,205,14
2025-10,Collection,206,16
2025-10,Collection,207,12
2025-10,Collection,208,16
2025-10,Collection,209,16
2025-10,Collection,210,62
2025-10,Collection,211,30
2025-10,Collection,212,77
2025-10,Collection,301,116
2025-10,Collection,302,41
2025-10,Collection,303,84
2025-10,Collection,304,18
2025-10,Collection,305,87
2025-10,Collection,306,95
2025-10,Collection,307,43
2025-10,Collection,308,44
2025-10,Collection,309,29
2025-10,Collection,310,56
2025-10,Collection,311,67
2025-10,Collection,312,99
2025-10,Collection,313,11
2025-10,Collection,314,55
2025-10,Collection,315,96
2025-10,Collection,316,21
2025-10,Collection,317,65
2025-10,Collection,318,87
2025-10,Collection,401,91
2025-10,Collection,402,30
2025-10,Collection,403,65
2025-10,Collection,404,17
2025-10,Collection,405,79
2025-10,Collection,406,44
2025-10,Collection,407,76
2025-10,Collection,408,51
2025-10,Collection,409,33
2025-10,Collection,410,50
2025-10,Collection,411,51
2025-10,Collection,412,145
2025-10,Collection,413,108
2025-10,Collection,414,49
2025-10,Collection,501,174
2025-10,Collection,502,92
2025-10,Collection,503,137
2025-10,Sweeping,101,2
2025-10,Sweeping,102,6
2025-10,Sweeping,103,1
2025-10,Sweeping,104,3
2025-10,Sweeping,105,1
2025-10,Sweeping,106,2
2025-10,Sweeping,107,8
2025-10,Sweeping,108,6
2025-10,Sweeping,109,2
2025-10,Sweeping,110,21
2025-10,Sweeping,111,1
2025-10,Sweeping,112,13
2025-10,Sweeping,201,13
2025-10,Sweeping,202,1
2025-10,Sweeping,203,8
2025-10,Sweeping,204,11
2025-10,Sweeping,205,9
2025-10,Sweeping,206,2
2025-10,Sweeping,207,11
2025-10,Sweeping,208,4
2025-10,Sweeping,209,18
2025-10,Sweeping,210,13
2025-10,Sweeping,211,7
2025-10,Sweeping,212,14
2025-10,Sweeping,301,13
2025-10,Sweeping,302,7
2025-10,Sweeping,303,37
2025-10,Sweeping,304,15
2025-10,Sweeping,305,41
2025-10,Sweeping,306,28
2025-10,Sweeping,307,12
2025-10,Sweeping,308,19
2025-10,Sweeping,309,10
2025-10,Sweeping,310,33
2025-10,Sweeping,311,14
2025-10,Sweeping,312,25
2025-10,Sweeping,313,8
2025-10,Sweeping,314,34
2025-10,Sweeping,315,14
2025-10,Sweeping,316,13
2025-10,Sweeping,317,23
2025-10,Sweeping,318,30
2025-10,Sweeping,355,1
2025-10,Sweeping,401,8
2025-10,Sweeping,402,6
2025-10,Sweeping,403,10
2025-10,Sweeping,404,7
2025-10,Sweeping,405,30
2025-10,Sweeping,406,4
2025-10,Sweeping,407,4
2025-10,Sweeping,408,14
2025-10,Sweeping,409,3
2025-10,Sweeping,411,1
2025-10,Sweeping,412,12
2025-10,Sweeping,413,2
2025-10,Sweeping,414,10
2025-10,Sweeping,501,1
2025-11,Basket,101,1
2025-11,Basket,102,23
2025-11,Basket,103,1
2025-11,Basket,104,26
2025-11,Basket,105,10
2025-11,Basket,106,14
2025-11,Basket,107,12
2025-11,Basket,108,47
2025-11,Basket,109,1
2025-11,Basket,110,2
2025-11,Basket,111,3
2025-11,Basket,112,6
2025-11,Basket,164,3
2025-11,Basket,201,2
2025-11,Basket,203,1
2025-11,Basket,205,1
2025-11,Basket,206,4
2025-11,Basket,207,1
2025-11,Basket,208,4
2025-11,Basket,209,2
2025-11,Basket,210,3
2025-11,Basket,212,4
2025-11,Basket,301,6
2025-11,Basket,302,7
2025-11,Basket,303,3
2025-11,Basket,304,1
2025-11,Basket,305,2
2025-11,Basket,306,16
2025-11,Basket,307,4
2025-11,Basket,308,6
2025-11,Basket,309,3
2025-11,Basket,310,7
2025-11,Basket,311,3
2025-11,Basket,312,2
2025-11,Basket,313,1
2025-11,Basket,314,3
2025-11,Basket,315,9
2025-11,Basket,316,1
2025-11,Basket,317,3
2025-11,Basket,318,2
2025-11,Basket,401,8
2025-11,Basket,402,3
2025-11,Basket,403,5
2025-11,Basket,404,1
2025-11,Basket,405,5
2025-11,Basket,406,2
2025-11,Basket,407,1
2025-11,Basket,409,5
2025-11,Basket,410,5
2025-11,Basket,412,3
2025-11,Basket,414,5
2025-11,Basket,501,11
2025-11,Basket,502,5
2025-11,Basket,503,11
2025-11,Collection,101,7
2025-11,Collection,102,30
2025-11,Collection,103,21
2025-11,Collection,104,10
2025-11,Collection,105,5
2025-11,Collection,106,15
2025-11,Collection,107,12
2025-11,Collection,108,35
2025-11,Collection,109,20
2025-11,Collection,110,19
2025-11,Collection,111,6
2025-11,Collection,112,9
2025-11,Collection,201,6
2025-11,Collection,202,3
2025-11,Collection,203,6
2025-11,Collection,204,11
2025-11,Collection,205,5
2025-11,Collection,206,6
2025-11,Collection,207,7
2025-11,Collection,208,3
2025-11,Collection,209,10
2025-11,Collection,210,25
2025-11,Collection,211,19
2025-11,Collection,212,42
2025-11,Collection,301,56
2025-11,Collection,302,15
2025-11,Collection,303,33
2025-11,Collection,304,7
2025-11,Collection,305,46
2025-11,Collection,306,41
2025-11,Collection,307,10
2025-11,Collection,308,10
2025-11,Collection,309,22
2025-11,Collection,310,21
2025-11,Collection,311,31
2025-11,Collection,312,51
2025-11,Collection,313,3
2025-11,Collection,314,30
2025-11,Collection,315,36
2025-11,Collection,316,12
2025-11,Collection,317,26
2025-11,Collection,318,30
2025-11,Collection,401,21
2025-11,Collection,402,18
2025-11,Collection,403,29
2025-11,Collection,404,7
2025-11,Collection,405,40
2025-11,Collection,406,29
2025-11,Collection,407,37
2025-11,Collection,408,33
2025-11,Collection,409,15
2025-11,Collection,410,38
2025-11,Collection,411,29
2025-11,Collection,412,55
2025-11,Collection,413,39
2025-11,Collection,414,14
2025-11,Collection,501,96
2025-11,Collection,502,38
2025-11,Collection,503,67
2025-11,Sweeping,102,1
2025-11,Sweeping,103,3
2025-11,Sweeping,105,1
2025-11,Sweeping,106,7
2025-11,Sweeping,107,10
2025-11,Sweeping,108,5
2025-11,Sweeping,109,1
2025-11,Sweeping,110,27
2025-11,Sweeping,111,7
2025-11,Sweeping,112,16
2025-11,Sweeping,201,18
2025-11,Sweeping,202,3
2025-11,Sweeping,203,2
2025-11,Sweeping,204,4
2025-11,Sweeping,205,6
2025-11,Sweeping,206,2
2025-11,Sweeping,207,12
2025-11,Sweeping,208,7
2025-11,Sweeping,209,16
2025-11,Sweeping,210,5
2025-11,Sweeping,211,4
2025-11,Sweeping,212,14
2025-11,Sweeping,301,31
2025-11,Sweeping,302,18
2025-11,Sweeping,303,53
2025-11,Sweeping,304,9
2025-11,Sweeping,305,39
2025-11,Sweeping,306,28
2025-11,Sweeping,307,17
2025-11,Sweeping,308,8
2025-11,Sweeping,309,9
2025-11,Sweeping,310,22
2025-11,Sweeping,311,21
2025-11,Sweeping,312,12
2025-11,Sweeping,313,7
2025-11,Sweeping,314,21
2025-11,Sweeping,315,15
2025-11,Sweeping,316,8
2025-11,Sweeping,317,28
2025-11,Sweeping,318,28
2025-11,Sweeping,401,19
2025-11,Sweeping,402,13
2025-11,Sweeping,403,23
2025-11,Sweeping,404,9
2025-11,Sweeping,405,16
2025-11,Sweeping,406,5
2025-11,Sweeping,407,4
2025-11,Sweeping,408,9
2025-11,Sweeping,409,2
2025-11,Sweeping,412,4
2025-11,Sweeping,413,2
2025-11,Sweeping,414,10
